timestamp,pump_id,temperature_C,pressure_bar,flow_m3h,power_kW,rpm,vibration_mms,operating_hours,status
2026-01-01 00:00:00,P-103,63.16,4.528,184.96,24.38,1463.9,1.959,2500.0,Normal
2026-01-01 00:15:00,P-104,63.37,4.714,178.74,21.96,1416.8,1.682,2500.02,Normal
2026-01-01 00:30:00,P-104,59.61,4.763,187.17,26.58,1445.7,2.122,2500.03,Normal
2026-01-01 00:45:00,P-103,62.24,4.718,192.16,26.7,1430.4,1.678,2500.04,Normal
2026-01-01 01:00:00,P-102,61.94,4.504,171.03,19.63,1501.5,1.387,2500.06,Normal
2026-01-01 01:15:00,P-104,60.7,4.722,175.96,21.75,1431.9,1.384,2500.07,Normal
2026-01-01 01:30:00,P-101,64.94,4.82,194.07,25.84,1423.0,1.964,2500.09,Normal
2026-01-01 01:45:00,P-101,57.72,4.684,183.75,24.9,1400.1,1.674,2500.1,Normal
2026-01-01 02:00:00,P-101,57.63,4.598,178.33,25.1,1431.3,1.798,2500.12,Normal
2026-01-01 02:15:00,P-104,62.18,4.541,176.2,25.21,1452.2,1.976,2500.14,Normal
2026-01-01 02:30:00,P-101,63.86,4.925,199.78,25.56,1469.6,1.949,2500.15,Normal
2026-01-01 02:45:00,P-102,61.36,4.684,197.12,26.62,1430.7,1.678,2500.16,Normal
2026-01-01 03:00:00,P-101,61.95,4.771,189.11,27.06,1471.1,2.149,2500.18,Normal
2026-01-01 03:15:00,P-102,63.61,5.215,215.02,27.54,1448.9,1.877,2500.2,Normal
2026-01-01 03:30:00,P-102,59.54,4.903,205.18,27.89,1441.3,1.887,2500.21,Normal
2026-01-01 03:45:00,P-104,58.54,4.832,191.12,24.34,1453.1,1.7,2500.22,Normal
2026-01-01 04:00:00,P-101,61.6,4.741,204.08,26.88,1475.5,1.711,2500.24,Normal
2026-01-01 04:15:00,P-101,61.97,4.617,192.07,23.94,1450.9,1.884,2500.26,Normal
2026-01-01 04:30:00,P-103,59.07,5.041,203.76,26.78,1430.1,1.704,2500.27,Normal
2026-01-01 04:45:00,P-101,60.37,4.845,209.04,27.49,1457.6,1.904,2500.28,Normal
2026-01-01 05:00:00,P-102,60.18,5.024,208.58,28.68,1457.3,2.208,2500.3,Normal
2026-01-01 05:15:00,P-101,61.22,4.873,191.92,27.52,1446.6,2.039,2500.32,Normal
2026-01-01 05:30:00,P-103,62.05,5.472,220.24,32.43,1468.4,2.066,2500.33,Normal
2026-01-01 05:45:00,P-103,59.69,4.882,211.04,28.64,1408.8,1.761,2500.34,Normal
2026-01-01 06:00:00,P-103,63.46,4.978,207.11,26.45,1456.4,1.943,2500.36,Normal
2026-01-01 06:15:00,P-103,59.68,4.861,221.45,29.84,1464.1,1.827,2500.38,Normal
2026-01-01 06:30:00,P-102,61.12,5.189,229.82,29.9,1423.9,2.295,2500.39,Normal
2026-01-01 06:45:00,P-104,58.21,5.12,218.21,31.39,1423.3,1.952,2500.41,Normal
2026-01-01 07:00:00,P-104,60.3,4.974,220.95,28.89,1468.0,1.91,2500.42,Normal
2026-01-01 07:15:00,P-104,63.15,5.069,222.06,31.65,1471.1,2.025,2500.44,Normal
2026-01-01 07:30:00,P-104,64.39,5.443,236.33,51.66,1474.5,5.539,2500.45,Normal
2026-01-01 07:45:00,P-103,62.85,5.215,215.24,31.88,1437.5,2.078,2500.46,Normal
2026-01-01 08:00:00,P-104,62.8,4.901,222.93,31.0,1453.6,2.367,2500.48,Normal
2026-01-01 08:15:00,P-103,66.07,5.003,229.09,31.01,1456.0,2.032,2500.5,Normal
2026-01-01 08:30:00,P-104,61.28,5.42,240.15,33.16,1419.3,1.96,2500.51,Normal
2026-01-01 08:45:00,P-102,59.99,5.242,241.83,34.55,1452.8,2.138,2500.52,Normal
2026-01-01 09:00:00,P-103,60.3,5.185,216.78,33.76,1452.5,1.872,2500.54,Normal
2026-01-01 09:15:00,P-102,60.59,5.233,214.6,31.11,1463.4,2.582,2500.55,Normal
2026-01-01 09:30:00,P-102,60.18,4.962,230.4,31.47,1439.7,2.397,2500.57,Normal
2026-01-01 09:45:00,P-104,64.05,5.152,246.29,33.08,1472.5,2.393,2500.58,Normal
2026-01-01 10:00:00,P-101,66.86,5.244,242.58,36.09,1451.4,2.316,2500.6,Normal
2026-01-01 10:15:00,P-102,67.5,5.418,237.4,34.74,1480.8,2.144,2500.61,Normal
2026-01-01 10:30:00,P-104,64.32,5.294,236.39,31.67,1463.4,2.081,2500.63,Normal
2026-01-01 10:45:00,P-102,68.92,5.345,241.37,35.83,1455.0,2.125,2500.64,Normal
2026-01-01 11:00:00,P-103,63.51,5.237,242.81,34.62,1428.7,2.589,2500.66,Normal
2026-01-01 11:15:00,P-104,60.98,5.402,229.05,34.04,1426.2,2.135,2500.68,Normal
2026-01-01 11:30:00,P-104,67.65,5.31,245.69,37.21,1478.8,2.109,2500.69,Normal
2026-01-01 11:45:00,P-104,60.88,5.341,247.66,34.62,1465.8,2.154,2500.7,Normal
2026-01-01 12:00:00,P-101,63.85,5.423,245.24,33.96,1444.9,2.294,2500.72,Normal
2026-01-01 12:15:00,P-103,66.27,5.461,242.25,35.91,1442.5,1.537,2500.74,Normal
2026-01-01 12:30:00,P-104,65.26,5.269,239.36,34.11,1454.0,2.247,2500.75,Normal
2026-01-01 12:45:00,P-103,65.53,5.26,242.26,39.28,1425.8,1.737,2500.76,Normal
2026-01-01 13:00:00,P-104,61.62,5.267,231.15,31.46,1441.6,2.331,2500.78,Normal
2026-01-01 13:15:00,P-102,65.36,5.374,229.7,31.41,1461.0,1.821,2500.8,Normal
2026-01-01 13:30:00,P-104,67.59,5.124,227.4,35.55,1463.4,1.974,2500.81,Normal
2026-01-01 13:45:00,P-104,65.39,5.034,226.79,32.96,1443.4,1.758,2500.82,Normal
2026-01-01 14:00:00,P-104,63.96,5.337,231.53,33.79,1478.8,2.444,2500.84,Normal
2026-01-01 14:15:00,P-104,64.74,5.144,237.11,36.85,1468.8,2.217,2500.86,Normal
2026-01-01 14:30:00,P-103,63.67,4.915,228.4,30.48,1436.2,,2500.87,Normal
2026-01-01 14:45:00,P-103,68.05,5.24,238.03,32.45,1427.0,2.531,2500.89,Normal
2026-01-01 15:00:00,P-103,65.63,5.022,220.14,32.67,1460.7,2.231,2500.9,Normal
2026-01-01 15:15:00,P-102,64.38,4.991,215.21,30.45,1441.9,1.826,2500.92,Normal
2026-01-01 15:30:00,P-104,61.77,5.176,232.95,34.88,1438.5,2.129,2500.93,Normal
2026-01-01 15:45:00,P-101,67.98,5.205,237.52,34.0,1454.0,2.361,2500.95,Normal
2026-01-01 16:00:00,P-104,65.22,5.111,232.69,33.51,1462.9,2.183,2500.96,Normal
2026-01-01 16:15:00,P-103,68.79,5.405,229.89,32.58,1464.3,2.041,2500.98,Normal
2026-01-01 16:30:00,P-102,64.58,5.094,223.17,33.69,1451.0,2.091,2500.99,Normal
2026-01-01 16:45:00,P-103,63.96,5.151,222.75,29.6,1408.7,2.091,2501.0,Normal
2026-01-01 17:00:00,P-101,67.63,4.942,228.35,31.52,1467.2,1.812,2501.02,Normal
2026-01-01 17:15:00,P-103,71.5,4.83,218.49,31.06,1435.5,1.902,2501.04,Normal
2026-01-01 17:30:00,P-104,66.93,4.946,213.24,27.39,1455.6,2.045,2501.05,Normal
2026-01-01 17:45:00,P-101,65.65,5.108,208.32,26.9,1447.8,2.081,2501.06,Normal
2026-01-01 18:00:00,P-102,66.26,4.766,200.66,28.07,1490.4,1.969,2501.08,Normal
2026-01-01 18:15:00,P-103,62.81,5.014,221.07,30.93,1487.0,1.925,2501.09,Normal
2026-01-01 18:30:00,P-103,63.78,4.799,209.58,31.47,1441.7,1.93,2501.11,Normal
2026-01-01 18:45:00,P-104,61.11,4.893,213.28,32.29,1425.8,1.851,2501.12,Normal
2026-01-01 19:00:00,P-103,69.32,4.885,202.85,25.55,1427.2,1.889,2501.14,Normal
2026-01-01 19:15:00,P-103,69.28,4.838,210.45,29.58,1454.9,2.085,2501.16,Normal
2026-01-01 19:30:00,P-104,,4.766,216.68,27.6,1440.3,2.386,2501.17,Normal
2026-01-01 19:45:00,P-102,65.52,4.663,198.87,25.9,1430.0,1.665,2501.18,Normal
2026-01-01 20:00:00,P-101,62.35,4.65,212.3,27.3,1440.6,2.145,2501.2,Normal
2026-01-01 20:15:00,P-104,64.12,4.818,193.86,25.23,1458.1,1.909,2501.22,Normal
2026-01-01 20:30:00,P-103,68.65,4.845,201.2,24.88,1448.6,1.56,2501.23,Normal
2026-01-01 20:45:00,P-103,64.81,4.829,193.77,23.12,1441.3,,2501.24,Normal
2026-01-01 21:00:00,P-102,62.37,4.562,182.42,26.2,1443.6,1.748,2501.26,Normal
2026-01-01 21:15:00,P-104,61.08,4.932,207.27,27.89,1447.1,1.874,2501.28,Normal
2026-01-01 21:30:00,P-101,66.94,4.798,185.8,25.14,1454.0,1.998,2501.29,Normal
2026-01-01 21:45:00,P-101,64.0,4.748,188.5,24.56,1455.1,2.187,2501.3,Normal
2026-01-01 22:00:00,P-104,60.53,4.761,188.5,27.76,1420.3,2.086,2501.32,Normal
2026-01-01 22:15:00,P-101,62.14,4.69,200.07,26.01,1453.0,1.884,2501.34,Normal
2026-01-01 22:30:00,P-101,61.37,4.803,202.39,25.61,1443.5,1.912,2501.35,Normal
2026-01-01 22:45:00,P-104,63.02,,189.87,23.06,1431.8,2.178,2501.36,Normal
2026-01-01 23:00:00,P-102,63.29,4.808,179.93,25.11,1443.3,1.59,2501.38,Normal
2026-01-01 23:15:00,P-104,61.85,4.667,187.28,24.5,1470.8,2.022,2501.4,Normal
2026-01-01 23:30:00,P-101,63.04,4.615,172.28,22.81,1464.6,1.494,2501.41,Normal
2026-01-01 23:45:00,P-101,61.54,4.438,170.46,23.02,1451.7,1.439,2501.43,Normal
2026-01-02 00:00:00,P-103,63.65,4.669,174.14,23.75,1433.9,1.834,2501.44,Normal
2026-01-02 00:15:00,P-104,60.65,4.511,181.85,23.73,1425.5,1.442,2501.46,Normal
2026-01-02 00:30:00,P-102,69.23,4.821,187.98,25.22,1433.0,1.755,2501.47,Normal
2026-01-02 00:45:00,P-103,59.96,4.98,181.96,24.35,1450.2,1.996,2501.48,Normal
2026-01-02 01:00:00,P-101,59.54,4.607,176.34,25.67,1450.6,1.619,2501.5,Normal
2026-01-02 01:15:00,P-102,60.64,5.182,207.93,29.03,1438.3,2.211,2501.52,Normal
2026-01-02 01:30:00,P-103,60.81,4.747,184.49,23.4,1465.8,1.386,2501.53,Normal
2026-01-02 01:45:00,P-101,58.36,4.704,200.49,27.87,1456.9,2.051,2501.54,Normal
2026-01-02 02:00:00,P-101,61.17,4.557,184.06,22.24,1402.3,1.519,2501.56,Normal
2026-01-02 02:15:00,P-103,56.88,5.011,191.99,26.61,1452.0,1.783,2501.57,Normal
2026-01-02 02:30:00,P-101,60.67,4.729,179.12,23.74,1463.6,1.819,2501.59,Normal
2026-01-02 02:45:00,P-101,57.81,4.669,187.04,26.56,1453.6,1.774,2501.6,Normal
2026-01-02 03:00:00,P-101,60.93,4.83,197.99,29.37,1460.5,1.857,2501.62,Normal
2026-01-02 03:15:00,P-103,60.73,4.688,181.81,24.17,1445.3,1.497,2501.64,Normal
2026-01-02 03:30:00,P-103,66.37,4.844,207.4,27.41,1448.8,2.151,2501.65,Normal
2026-01-02 03:45:00,P-104,58.72,4.883,202.63,27.29,1449.2,1.673,2501.66,Normal
2026-01-02 04:00:00,P-101,59.98,4.994,190.47,25.81,1453.3,1.633,2501.68,Normal
2026-01-02 04:15:00,P-103,57.95,4.585,189.81,26.69,1439.6,1.796,2501.7,Normal
2026-01-02 04:30:00,P-104,58.99,4.951,202.97,27.83,1469.7,1.79,2501.71,Normal
2026-01-02 04:45:00,P-104,58.8,4.827,198.17,24.69,1475.6,2.041,2501.72,Normal
2026-01-02 05:00:00,P-103,62.9,4.861,207.69,29.87,1440.4,1.851,2501.74,Normal
2026-01-02 05:15:00,P-103,59.86,5.048,211.42,29.77,1429.0,1.946,2501.76,Normal
2026-01-02 05:30:00,P-101,67.36,4.904,218.63,31.72,1425.8,2.073,2501.77,Normal
2026-01-02 05:45:00,P-103,61.73,4.647,206.93,28.03,1457.3,2.129,2501.78,Normal
2026-01-02 06:00:00,P-101,57.96,4.905,208.72,26.65,1460.6,1.824,2501.8,Normal
2026-01-02 06:15:00,P-102,60.54,4.987,217.69,29.35,1457.4,1.702,2501.82,Normal
2026-01-02 06:30:00,P-102,59.71,4.863,223.69,30.92,1458.9,1.871,2501.83,Normal
2026-01-02 06:45:00,P-103,64.37,4.94,235.47,30.69,1439.8,2.301,2501.84,Normal
2026-01-02 07:00:00,P-104,58.65,5.347,218.74,32.85,1414.2,2.139,2501.86,Normal
2026-01-02 07:15:00,P-104,59.0,5.144,224.59,31.94,1441.0,1.993,2501.88,Normal
2026-01-02 07:30:00,P-104,61.77,5.207,231.25,35.59,1479.8,2.148,2501.89,Normal
2026-01-02 07:45:00,P-101,62.33,5.246,207.4,30.75,1454.8,1.94,2501.91,Normal
2026-01-02 08:00:00,P-101,64.19,5.17,215.4,30.22,1457.6,2.173,2501.92,Normal
2026-01-02 08:15:00,P-101,64.41,5.249,216.85,28.86,1466.3,2.085,2501.94,Normal
2026-01-02 08:30:00,P-104,63.18,4.958,222.63,31.06,1434.9,2.016,2501.95,Normal
2026-01-02 08:45:00,P-103,61.12,4.878,214.18,32.32,1454.0,2.181,2501.96,Normal
2026-01-02 09:00:00,P-103,65.03,5.292,234.92,34.65,1459.2,2.357,2501.98,Normal
2026-01-02 09:15:00,P-104,60.17,5.203,241.26,33.77,1433.2,1.937,2502.0,Normal
2026-01-02 09:30:00,P-102,57.69,5.202,211.13,30.41,1456.5,1.872,2502.01,Normal
2026-01-02 09:45:00,P-102,63.3,4.907,230.14,32.7,1473.3,2.501,2502.02,Normal
2026-01-02 10:00:00,P-103,61.51,5.316,236.18,32.74,1442.8,2.267,2502.04,Normal
2026-01-02 10:15:00,P-102,64.24,5.406,239.17,36.77,1419.0,2.492,2502.05,Normal
2026-01-02 10:30:00,P-101,65.87,5.511,241.5,36.47,1453.1,,2502.07,Normal
2026-01-02 10:45:00,P-104,67.17,5.439,263.54,37.3,1438.2,2.408,2502.08,Normal
2026-01-02 11:00:00,P-104,66.62,5.33,232.37,37.98,1453.3,1.794,2502.1,Normal
2026-01-02 11:15:00,P-102,65.31,5.053,232.5,33.08,1434.8,1.877,2502.11,Normal
2026-01-02 11:30:00,P-101,63.06,5.011,227.91,31.19,1451.1,2.148,2502.13,Normal
2026-01-02 11:45:00,P-102,64.0,5.138,232.74,32.93,1472.1,2.013,2502.14,Normal
2026-01-02 12:00:00,P-102,64.41,5.076,236.14,34.07,1449.5,2.085,2502.16,Normal
2026-01-02 12:15:00,P-102,63.38,5.173,233.65,35.05,1420.3,2.299,2502.18,Normal
2026-01-02 12:30:00,P-104,64.25,5.124,221.27,33.38,1456.8,2.146,2502.19,Normal
2026-01-02 12:45:00,P-103,71.02,5.131,229.34,35.44,1450.4,2.22,2502.2,Normal
2026-01-02 13:00:00,P-104,66.89,5.171,245.84,37.82,1453.8,2.468,2502.22,Normal
2026-01-02 13:15:00,P-101,66.8,5.475,238.99,35.35,1467.5,2.428,2502.24,Normal
2026-01-02 13:30:00,P-101,64.11,5.145,225.9,31.45,1440.5,2.127,2502.25,Normal
2026-01-02 13:45:00,P-102,67.24,5.159,226.06,31.03,1444.8,2.309,2502.26,Normal
2026-01-02 14:00:00,P-101,66.2,4.842,223.99,33.22,1431.5,1.862,2502.28,Normal
2026-01-02 14:15:00,P-103,67.39,5.314,233.81,33.11,1453.5,2.141,2502.3,Normal
2026-01-02 14:30:00,P-101,66.66,5.199,229.38,33.66,1453.0,2.221,2502.31,Normal
2026-01-02 14:45:00,P-101,70.18,5.279,247.64,35.52,1445.3,2.202,2502.32,Normal
2026-01-02 15:00:00,P-101,69.3,5.12,236.19,32.66,1463.4,2.075,2502.34,Normal
2026-01-02 15:15:00,P-102,67.95,5.341,240.94,46.45,1431.3,7.17,2502.36,Normal
2026-01-02 15:30:00,P-102,65.79,4.735,227.65,33.66,1452.3,2.053,2502.37,Normal
2026-01-02 15:45:00,P-102,67.43,4.914,216.79,31.42,1460.8,1.719,2502.39,Normal
2026-01-02 16:00:00,P-102,63.69,,216.19,31.21,1440.2,1.988,2502.4,Normal
2026-01-02 16:15:00,P-101,64.33,5.008,218.57,31.41,1425.3,2.027,2502.42,Normal
2026-01-02 16:30:00,P-101,68.36,5.566,235.46,35.12,1419.5,2.311,2502.43,Normal
2026-01-02 16:45:00,P-104,61.98,4.942,218.99,28.47,1452.8,1.777,2502.45,Normal
2026-01-02 17:00:00,P-101,69.1,5.234,217.92,30.64,1480.5,2.138,2502.46,Normal
2026-01-02 17:15:00,P-102,63.55,5.159,207.11,30.75,1439.0,2.063,2502.48,Normal
2026-01-02 17:30:00,P-101,66.23,5.17,222.98,31.82,1458.1,2.055,2502.49,Normal
2026-01-02 17:45:00,P-102,66.25,4.941,219.39,31.2,1406.3,2.095,2502.5,Normal
2026-01-02 18:00:00,P-103,66.24,4.802,214.25,29.68,1456.7,2.019,2502.52,Normal
2026-01-02 18:15:00,P-103,65.42,5.038,217.74,29.61,1430.4,1.498,2502.54,Normal
2026-01-02 18:30:00,P-104,65.38,5.073,204.01,28.42,1442.9,1.751,2502.55,Normal
2026-01-02 18:45:00,P-101,66.28,5.023,207.51,30.29,1451.4,2.357,2502.56,Normal
2026-01-02 19:00:00,P-103,64.51,5.007,201.37,26.79,1420.1,2.024,2502.58,Normal
2026-01-02 19:15:00,P-103,62.97,5.084,192.59,27.65,1506.6,1.74,2502.59,Normal
2026-01-02 19:30:00,P-101,66.87,4.852,194.84,24.98,1439.1,1.9,2502.61,Normal
2026-01-02 19:45:00,P-101,61.03,4.734,197.39,28.12,1460.9,2.039,2502.62,Normal
2026-01-02 20:00:00,P-103,66.32,4.983,212.03,28.39,1476.9,2.262,2502.64,Normal
2026-01-02 20:15:00,P-103,64.31,4.999,207.93,27.08,1455.3,1.82,2502.66,Normal
2026-01-02 20:30:00,P-101,65.85,4.765,197.1,25.81,1427.9,1.756,2502.67,Normal
2026-01-02 20:45:00,P-101,61.92,4.998,193.02,27.02,1451.8,1.789,2502.68,Normal
2026-01-02 21:00:00,P-101,64.76,,203.82,29.25,1416.9,1.828,2502.7,Normal
2026-01-02 21:15:00,P-104,64.48,4.827,184.29,26.56,1444.0,1.749,2502.72,Normal
2026-01-02 21:30:00,P-101,66.31,4.677,188.93,27.67,1480.2,1.846,2502.73,Normal
2026-01-02 21:45:00,P-104,65.87,4.864,209.04,28.42,1424.6,1.821,2502.74,Normal
2026-01-02 22:00:00,P-101,61.74,4.8,188.42,25.99,1435.2,1.839,2502.76,Normal
2026-01-02 22:15:00,P-104,64.08,4.673,195.44,27.73,1483.4,2.248,2502.78,Normal
2026-01-02 22:30:00,P-103,65.7,4.684,187.63,26.07,1446.9,1.652,2502.79,Normal
2026-01-02 22:45:00,P-104,59.66,4.456,183.32,24.27,1433.9,1.797,2502.8,Normal
2026-01-02 23:00:00,P-102,61.81,4.537,185.58,21.65,1457.0,1.52,2502.82,Normal
2026-01-02 23:15:00,P-103,64.5,4.758,203.84,28.39,1441.6,2.069,2502.84,Normal
2026-01-02 23:30:00,P-102,63.55,4.979,195.5,26.24,1401.1,2.106,2502.85,Normal
2026-01-02 23:45:00,P-101,68.44,4.807,185.96,25.39,1425.5,1.633,2502.86,Normal
2026-01-03 00:00:00,P-103,61.25,4.733,193.29,25.75,1487.0,1.652,2502.88,Normal
2026-01-03 00:15:00,P-101,64.64,4.68,198.06,27.6,1455.9,2.008,2502.9,Normal
2026-01-03 00:30:00,P-102,59.49,4.591,179.28,20.61,1476.3,1.686,2502.91,Normal
2026-01-03 00:45:00,P-101,62.37,4.463,181.8,21.62,1431.5,2.005,2502.93,Normal
2026-01-03 01:00:00,P-103,64.36,4.749,185.92,26.8,1449.0,1.628,2502.94,Normal
2026-01-03 01:15:00,P-104,60.08,4.757,190.55,21.7,1447.0,1.98,2502.96,Normal
2026-01-03 01:30:00,P-101,61.47,4.839,193.61,26.07,1440.1,2.216,2502.97,Normal
2026-01-03 01:45:00,P-104,59.36,4.77,178.74,26.4,1453.8,1.879,2502.98,Normal
2026-01-03 02:00:00,P-102,59.15,4.918,186.95,27.48,1429.9,1.73,2503.0,Normal
2026-01-03 02:15:00,P-101,64.81,4.903,198.43,27.65,1471.8,1.775,2503.02,Normal
2026-01-03 02:30:00,P-104,60.03,4.736,197.1,26.6,1458.4,1.813,2503.03,Normal
2026-01-03 02:45:00,P-101,56.35,4.93,195.2,27.37,1446.9,2.005,2503.04,Normal
2026-01-03 03:00:00,P-103,63.05,4.703,179.84,21.5,1452.4,1.461,2503.06,Normal
2026-01-03 03:15:00,P-101,59.15,4.725,194.62,27.37,1444.6,1.803,2503.07,Normal
2026-01-03 03:30:00,P-101,,4.775,190.58,27.17,1419.0,1.844,2503.09,Normal
2026-01-03 03:45:00,P-104,63.39,4.675,190.92,26.0,1432.2,2.087,2503.1,Normal
2026-01-03 04:00:00,P-102,59.75,4.515,193.99,25.34,1446.8,2.172,2503.12,Normal
2026-01-03 04:15:00,P-102,60.18,4.873,198.45,27.93,1443.6,1.857,2503.14,Normal
2026-01-03 04:30:00,P-104,58.96,4.794,211.97,30.86,1461.7,1.767,2503.15,Normal
2026-01-03 04:45:00,P-104,56.06,4.803,194.44,27.47,1460.1,1.868,2503.16,Normal
2026-01-03 05:00:00,P-101,60.54,4.719,205.05,29.72,1439.9,1.967,2503.18,Normal
2026-01-03 05:15:00,P-104,61.28,4.787,201.27,26.06,1432.8,2.129,2503.2,Normal
2026-01-03 05:30:00,P-102,61.34,4.853,215.72,29.0,1463.6,1.857,2503.21,Normal
2026-01-03 05:45:00,P-104,60.87,5.187,216.69,31.77,1453.4,1.85,2503.22,Normal
2026-01-03 06:00:00,P-102,61.63,4.954,223.52,31.8,1438.8,2.01,2503.24,Normal
2026-01-03 06:15:00,P-103,58.35,4.979,221.48,32.83,1429.4,2.011,2503.26,Normal
2026-01-03 06:30:00,P-104,62.15,5.035,218.26,31.93,1437.8,1.928,2503.27,Normal
2026-01-03 06:45:00,P-101,61.11,4.934,220.26,27.31,1457.1,1.817,2503.28,Normal
2026-01-03 07:00:00,P-101,65.64,5.115,215.12,31.25,1480.4,1.787,2503.3,Normal
2026-01-03 07:15:00,P-101,61.86,4.957,218.87,32.24,1446.2,2.162,2503.32,Normal
2026-01-03 07:30:00,P-102,59.84,5.115,221.03,32.94,1435.0,,2503.33,Normal
2026-01-03 07:45:00,P-104,60.81,5.288,214.15,31.92,1488.8,1.85,2503.34,Normal
2026-01-03 08:00:00,P-104,61.41,5.084,226.98,31.24,1443.3,2.223,2503.36,Normal
2026-01-03 08:15:00,P-103,63.37,5.163,227.68,34.63,1435.7,1.762,2503.38,Normal
2026-01-03 08:30:00,P-102,64.69,5.162,245.99,38.07,1442.7,,2503.39,Normal
2026-01-03 08:45:00,P-103,61.46,5.215,253.83,36.0,1441.8,2.25,2503.41,Normal
2026-01-03 09:00:00,P-104,58.34,5.139,221.71,30.68,1472.9,2.255,2503.42,Normal
2026-01-03 09:15:00,P-103,63.21,5.108,225.39,33.18,1419.9,1.998,2503.44,Normal
2026-01-03 09:30:00,P-103,,5.126,223.96,31.52,1460.7,2.237,2503.45,Normal
2026-01-03 09:45:00,P-102,62.9,5.192,232.19,33.25,1449.8,1.977,2503.46,Normal
2026-01-03 10:00:00,P-104,65.51,5.074,243.35,33.82,1440.0,2.303,2503.48,Normal
2026-01-03 10:15:00,P-103,66.94,5.443,254.04,37.03,1444.0,2.517,2503.5,Normal
2026-01-03 10:30:00,P-103,63.75,5.005,230.83,32.59,1445.5,1.923,2503.51,Normal
2026-01-03 10:45:00,P-104,61.62,5.075,228.85,34.78,1451.6,2.138,2503.52,Normal
2026-01-03 11:00:00,P-103,62.68,5.065,208.93,32.96,1441.9,2.122,2503.54,Normal
2026-01-03 11:15:00,P-101,66.88,5.408,230.49,33.36,1448.8,1.923,2503.55,Normal
2026-01-03 11:30:00,P-103,64.76,5.022,229.07,32.92,1436.0,2.173,2503.57,Normal
2026-01-03 11:45:00,P-101,65.9,5.209,226.67,34.96,1489.3,2.026,2503.58,Normal
2026-01-03 12:00:00,P-101,63.09,5.18,221.84,33.54,1468.2,1.956,2503.6,Normal
2026-01-03 12:15:00,P-101,64.54,5.31,236.5,32.92,1458.8,2.078,2503.61,Normal
2026-01-03 12:30:00,P-101,63.39,5.222,226.17,32.72,1442.0,1.964,2503.63,Normal
2026-01-03 12:45:00,P-104,63.95,5.054,223.19,31.39,1464.8,2.213,2503.64,Normal
2026-01-03 13:00:00,P-101,70.02,5.544,258.21,38.57,1455.4,2.281,2503.66,Normal
2026-01-03 13:15:00,P-103,59.35,5.269,228.15,31.05,1452.1,2.489,2503.68,Normal
2026-01-03 13:30:00,P-104,64.88,5.335,231.81,33.4,1440.4,1.984,2503.69,Normal
2026-01-03 13:45:00,P-103,67.4,5.438,260.47,36.92,1454.9,2.337,2503.7,Normal
2026-01-03 14:00:00,P-101,65.64,5.484,270.72,40.28,1480.3,2.283,2503.72,Normal
2026-01-03 14:15:00,P-101,66.56,5.032,226.82,31.6,1451.5,1.83,2503.74,Normal
2026-01-03 14:30:00,P-102,64.31,4.976,226.55,32.44,1445.3,2.387,2503.75,Normal
2026-01-03 14:45:00,P-102,65.84,5.17,233.99,34.52,1451.8,2.157,2503.76,Normal
2026-01-03 15:00:00,P-104,72.01,5.33,251.88,34.92,1450.8,2.07,2503.78,Normal
2026-01-03 15:15:00,P-101,67.78,5.046,215.96,33.46,1440.2,2.111,2503.8,Normal
2026-01-03 15:30:00,P-104,67.53,5.184,232.53,32.51,1436.7,2.261,2503.81,Normal
2026-01-03 15:45:00,P-103,68.06,5.015,231.56,33.08,1464.3,1.974,2503.82,Normal
2026-01-03 16:00:00,P-102,66.58,5.122,229.35,32.41,1471.7,2.105,2503.84,Normal
2026-01-03 16:15:00,P-102,70.62,5.295,216.05,31.26,1490.8,2.224,2503.86,Normal
2026-01-03 16:30:00,P-103,68.2,5.181,214.0,32.54,1458.2,2.071,2503.87,Normal
2026-01-03 16:45:00,P-104,63.66,5.007,207.47,27.94,1452.1,2.055,2503.89,Normal
2026-01-03 17:00:00,P-102,63.23,5.065,223.21,30.12,1466.2,1.965,2503.9,Normal
2026-01-03 17:15:00,P-103,67.49,4.955,211.37,30.14,1433.7,1.716,2503.92,Normal
2026-01-03 17:30:00,P-103,66.52,4.816,225.46,32.55,1461.6,1.972,2503.93,Normal
2026-01-03 17:45:00,P-101,62.73,4.993,206.42,30.3,1468.7,1.858,2503.95,Normal
2026-01-03 18:00:00,P-104,67.67,4.719,210.8,32.36,1468.4,1.989,2503.96,Normal
2026-01-03 18:15:00,P-101,66.53,5.004,220.25,31.05,1480.0,1.93,2503.98,Normal
2026-01-03 18:30:00,P-101,67.43,4.948,213.7,31.02,1439.2,1.996,2503.99,Normal
2026-01-03 18:45:00,P-101,67.3,4.895,211.26,30.82,1441.1,1.904,2504.0,Normal
2026-01-03 19:00:00,P-102,64.61,5.165,207.04,29.35,1446.1,2.082,2504.02,Normal
2026-01-03 19:15:00,P-101,67.17,5.102,212.31,29.07,1429.9,2.033,2504.04,Normal
2026-01-03 19:30:00,P-102,63.9,4.926,197.3,26.01,1459.7,1.701,2504.05,Normal
2026-01-03 19:45:00,P-104,64.83,4.768,201.56,30.26,1462.2,2.146,2504.06,Normal
2026-01-03 20:00:00,P-101,64.09,5.057,193.41,26.85,1460.1,1.754,2504.08,Normal
2026-01-03 20:15:00,P-104,69.57,5.083,222.14,31.05,1452.7,1.803,2504.09,Normal
2026-01-03 20:30:00,P-102,65.83,4.834,208.03,30.08,1468.1,2.155,2504.11,Normal
2026-01-03 20:45:00,P-102,68.23,4.831,197.47,25.51,1460.4,1.778,2504.12,Normal
2026-01-03 21:00:00,P-101,67.93,4.825,193.71,25.11,1439.2,1.825,2504.14,Normal
2026-01-03 21:15:00,P-101,61.88,4.595,194.74,24.69,1396.9,1.546,2504.16,Normal
2026-01-03 21:30:00,P-104,58.98,4.88,203.7,27.65,1444.0,1.843,2504.17,Normal
2026-01-03 21:45:00,P-102,66.68,4.807,193.15,26.12,1450.7,1.825,2504.18,Normal
2026-01-03 22:00:00,P-104,63.64,4.647,194.75,28.13,1450.9,1.782,2504.2,Normal
2026-01-03 22:15:00,P-103,60.3,4.538,173.38,21.9,1446.8,1.621,2504.22,Normal
2026-01-03 22:30:00,P-101,63.13,4.681,195.26,25.24,1440.3,1.877,2504.23,Normal
2026-01-03 22:45:00,P-102,62.9,4.859,190.81,25.22,1434.8,2.015,2504.24,Normal
2026-01-03 23:00:00,P-101,65.07,4.5,183.74,24.4,1431.4,1.57,2504.26,Normal
2026-01-03 23:15:00,P-102,62.96,4.698,183.64,25.39,1457.8,1.32,2504.28,Normal
2026-01-03 23:30:00,P-102,65.91,4.559,196.68,26.16,1469.6,2.04,2504.29,Normal
2026-01-03 23:45:00,P-101,63.81,4.569,187.4,26.18,1427.5,1.685,2504.3,Normal
2026-01-04 00:00:00,P-103,61.56,4.532,183.25,24.87,1448.9,1.679,2504.32,Normal
2026-01-04 00:15:00,P-102,61.38,4.657,193.09,24.23,1464.2,1.696,2504.34,Normal
2026-01-04 00:30:00,P-104,63.18,4.701,185.74,23.53,1446.6,1.547,2504.35,Normal
2026-01-04 00:45:00,P-102,63.96,4.763,188.6,23.8,1462.9,1.742,2504.36,Normal
2026-01-04 01:00:00,P-104,65.39,4.629,200.65,27.14,1469.4,1.844,2504.38,Normal
2026-01-04 01:15:00,P-101,58.84,4.463,174.97,22.45,1457.1,1.734,2504.4,Normal
2026-01-04 01:30:00,P-103,61.77,4.609,188.96,25.27,1441.1,1.701,2504.41,Normal
2026-01-04 01:45:00,P-103,62.92,4.808,197.76,25.76,1473.7,1.39,2504.43,Normal
2026-01-04 02:00:00,P-101,60.78,4.731,192.08,24.79,1445.2,1.601,2504.44,Normal
2026-01-04 02:15:00,P-101,58.43,4.702,194.05,28.3,1445.2,2.009,2504.46,Normal
2026-01-04 02:30:00,P-102,57.81,4.508,179.31,22.33,1459.3,1.581,2504.47,Normal
2026-01-04 02:45:00,P-102,60.85,5.003,200.76,26.78,1444.6,1.963,2504.48,Normal
2026-01-04 03:00:00,P-104,64.03,4.781,213.83,30.25,1446.0,1.828,2504.5,Normal
2026-01-04 03:15:00,P-104,62.34,4.606,178.57,24.29,1443.3,1.916,2504.52,Normal
2026-01-04 03:30:00,P-101,58.7,4.896,204.67,27.17,1446.7,1.94,2504.53,Normal
2026-01-04 03:45:00,P-103,59.26,4.76,200.58,27.5,1453.5,1.599,2504.54,Normal
2026-01-04 04:00:00,P-101,60.01,4.738,204.95,25.59,1414.5,1.676,2504.56,Normal
2026-01-04 04:15:00,P-104,61.64,4.538,198.88,28.03,1448.2,1.569,2504.57,Normal
2026-01-04 04:30:00,P-103,59.38,4.754,200.54,27.66,1418.2,2.055,2504.59,Normal
2026-01-04 04:45:00,P-102,61.08,4.885,222.72,29.92,1442.7,1.774,2504.6,Normal
2026-01-04 05:00:00,P-103,58.3,5.154,207.37,27.67,1456.1,1.902,2504.62,Normal
2026-01-04 05:15:00,P-101,63.54,5.345,214.24,30.18,1444.1,2.034,2504.64,Normal
2026-01-04 05:30:00,P-102,61.67,5.035,217.35,30.9,1462.7,2.067,2504.65,Normal
2026-01-04 05:45:00,P-103,59.99,4.823,220.23,32.35,1456.3,1.912,2504.66,Normal
2026-01-04 06:00:00,P-103,62.1,5.216,221.21,32.85,1411.2,1.801,2504.68,Normal
2026-01-04 06:15:00,P-101,64.06,4.909,210.14,31.13,1471.6,1.801,2504.7,Normal
2026-01-04 06:30:00,P-103,59.82,5.014,213.71,32.15,1454.5,1.864,2504.71,Normal
2026-01-04 06:45:00,P-101,59.27,4.921,218.31,32.99,1439.8,1.521,2504.72,Normal
2026-01-04 07:00:00,P-101,64.32,4.986,211.97,30.53,1441.5,2.108,2504.74,Normal
2026-01-04 07:15:00,P-101,61.16,4.951,217.2,31.99,1412.5,2.087,2504.76,Normal
2026-01-04 07:30:00,P-104,64.12,5.005,228.25,32.76,1453.9,1.915,2504.77,Normal
2026-01-04 07:45:00,P-103,61.72,4.899,209.62,29.08,1461.7,2.224,2504.78,Normal
2026-01-04 08:00:00,P-101,62.68,5.298,226.09,33.39,1437.8,2.098,2504.8,Normal
2026-01-04 08:15:00,P-102,61.27,5.099,225.46,32.01,1433.7,2.221,2504.82,Normal
2026-01-04 08:30:00,P-104,65.25,5.255,233.21,35.39,1452.5,2.3,2504.83,Normal
2026-01-04 08:45:00,P-102,65.77,4.948,234.74,31.46,1471.5,2.12,2504.84,Normal
2026-01-04 09:00:00,P-102,66.74,5.439,246.78,36.55,1469.6,1.851,2504.86,Normal
2026-01-04 09:15:00,P-102,60.94,5.157,239.95,33.98,1464.9,2.195,2504.88,Normal
2026-01-04 09:30:00,P-101,64.53,5.178,223.59,30.13,1486.4,2.123,2504.89,Normal
2026-01-04 09:45:00,P-104,62.41,5.207,233.1,32.18,1466.6,2.008,2504.91,Normal
2026-01-04 10:00:00,P-104,60.72,5.031,218.76,31.59,1470.8,2.095,2504.92,Normal
2026-01-04 10:15:00,P-101,62.79,4.964,232.5,32.67,1451.6,2.105,2504.94,Normal
2026-01-04 10:30:00,P-104,67.0,5.616,250.86,36.47,1443.8,2.065,2504.95,Normal
2026-01-04 10:45:00,P-103,65.76,5.379,240.04,33.59,1470.4,2.171,2504.96,Normal
2026-01-04 11:00:00,P-103,63.0,5.271,228.95,33.46,1432.3,2.02,2504.98,Normal
2026-01-04 11:15:00,P-104,65.3,5.362,240.54,31.93,1457.6,2.163,2505.0,Normal
2026-01-04 11:30:00,P-104,64.89,5.268,230.59,32.77,1439.1,2.054,2505.01,Normal
2026-01-04 11:45:00,P-101,62.37,5.292,229.38,31.96,1456.1,1.959,2505.02,Normal
2026-01-04 12:00:00,P-101,62.74,5.122,236.69,32.63,1454.8,1.825,2505.04,Normal
2026-01-04 12:15:00,P-103,66.25,5.356,237.81,35.3,1452.9,2.575,2505.05,Normal
2026-01-04 12:30:00,P-103,66.09,5.266,245.48,36.04,1449.7,2.146,2505.07,Normal
2026-01-04 12:45:00,P-103,62.91,5.229,239.54,33.95,1459.6,1.99,2505.08,Normal
2026-01-04 13:00:00,P-101,65.33,5.036,217.25,29.6,1462.5,2.125,2505.1,Normal
2026-01-04 13:15:00,P-102,64.89,5.101,242.7,32.9,1424.8,2.202,2505.11,Normal
2026-01-04 13:30:00,P-102,69.37,5.265,234.72,35.81,1449.2,2.249,2505.13,Normal
2026-01-04 13:45:00,P-104,63.21,5.212,253.42,36.46,1442.5,2.284,2505.14,Normal
2026-01-04 14:00:00,P-103,67.1,5.111,244.75,38.57,1453.5,2.43,2505.16,Normal
2026-01-04 14:15:00,P-103,62.74,4.954,222.69,29.67,1442.5,1.814,2505.18,Normal
2026-01-04 14:30:00,P-102,63.56,5.09,229.73,34.2,1473.0,2.114,2505.19,Normal
2026-01-04 14:45:00,P-103,65.78,5.329,236.28,34.94,1448.8,1.867,2505.2,Normal
2026-01-04 15:00:00,P-101,68.86,5.053,224.06,29.57,1467.8,1.957,2505.22,Normal
2026-01-04 15:15:00,P-101,68.09,5.455,232.75,34.76,1432.9,2.308,2505.24,Normal
2026-01-04 15:30:00,P-102,65.08,5.23,232.48,33.13,1444.9,1.951,2505.25,Normal
2026-01-04 15:45:00,P-103,63.27,5.13,229.4,34.0,1438.9,2.532,2505.26,Normal
2026-01-04 16:00:00,P-102,62.25,5.047,217.73,31.64,1457.1,2.039,2505.28,Normal
2026-01-04 16:15:00,P-101,66.11,5.121,227.5,33.24,1428.7,1.783,2505.3,Normal
2026-01-04 16:30:00,P-103,66.13,5.228,225.72,32.95,1419.2,2.24,2505.31,Normal
2026-01-04 16:45:00,P-101,66.26,5.085,213.86,33.27,1438.7,2.451,2505.32,Normal
2026-01-04 17:00:00,P-101,61.73,4.986,222.53,31.2,1460.1,1.638,2505.34,Normal
2026-01-04 17:15:00,P-102,66.52,5.048,218.98,30.88,1435.4,2.16,2505.36,Normal
2026-01-04 17:30:00,P-103,67.92,4.983,206.85,28.66,1454.8,1.774,2505.37,Normal
2026-01-04 17:45:00,P-101,69.81,4.854,216.45,29.62,1438.3,1.973,2505.39,Normal
2026-01-04 18:00:00,P-104,61.99,4.994,213.25,27.8,1418.4,1.735,2505.4,Normal
2026-01-04 18:15:00,P-101,64.8,4.797,212.46,28.78,1465.3,2.145,2505.42,Normal
2026-01-04 18:30:00,P-102,65.14,5.157,232.52,33.61,1461.7,1.959,2505.43,Normal
2026-01-04 18:45:00,P-104,65.38,4.885,203.78,25.09,1449.3,2.09,2505.45,Normal
2026-01-04 19:00:00,P-104,63.1,5.084,217.04,28.56,1450.8,1.741,2505.46,Normal
2026-01-04 19:15:00,P-104,70.81,4.883,214.44,30.93,1446.3,1.974,2505.48,Normal
2026-01-04 19:30:00,P-103,65.07,4.936,197.89,27.9,1431.4,1.45,2505.49,Normal
2026-01-04 19:45:00,P-101,64.49,4.889,188.33,26.73,1473.5,2.319,2505.5,Normal
2026-01-04 20:00:00,P-103,69.04,4.831,199.89,29.88,1448.2,2.248,2505.52,Normal
2026-01-04 20:15:00,P-101,65.92,4.851,202.55,28.65,1456.5,2.323,2505.54,Normal
2026-01-04 20:30:00,P-104,65.92,4.676,212.25,28.42,1441.0,2.147,2505.55,Normal
2026-01-04 20:45:00,P-102,64.41,4.75,203.43,29.88,1458.0,1.835,2505.56,Normal
2026-01-04 21:00:00,P-101,62.44,4.766,200.65,29.51,1470.6,1.896,2505.58,Normal
2026-01-04 21:15:00,P-101,63.93,4.692,193.32,27.46,1453.0,1.948,2505.59,Normal
2026-01-04 21:30:00,P-101,69.64,4.997,199.85,27.27,1456.5,1.938,2505.61,Normal
2026-01-04 21:45:00,P-102,67.63,4.775,206.37,28.97,1465.8,1.773,2505.62,Normal
2026-01-04 22:00:00,P-101,64.38,4.736,193.72,25.49,1462.7,1.606,2505.64,Normal
2026-01-04 22:15:00,P-103,59.82,4.6,164.58,22.77,1468.8,1.458,2505.66,Normal
2026-01-04 22:30:00,P-103,67.03,4.908,202.01,25.32,1455.8,1.833,2505.67,Normal
2026-01-04 22:45:00,P-101,60.0,4.727,175.81,24.38,1455.8,1.724,2505.68,Normal
2026-01-04 23:00:00,P-101,59.86,4.832,186.78,26.38,1454.3,1.731,2505.7,Normal
2026-01-04 23:15:00,P-104,62.98,4.77,197.34,25.47,1465.6,1.927,2505.72,Normal
2026-01-04 23:30:00,P-101,65.71,4.569,171.5,21.5,1442.2,1.456,2505.73,Normal
2026-01-04 23:45:00,P-104,65.72,4.553,174.73,24.55,1459.5,1.571,2505.74,Normal
2026-01-05 00:00:00,P-102,60.07,4.712,179.15,24.26,1491.4,1.567,2505.76,Normal
2026-01-05 00:15:00,P-101,60.13,4.881,191.87,23.09,1456.5,1.9,2505.78,Normal
2026-01-05 00:30:00,P-103,58.96,4.599,193.04,25.91,1428.5,1.863,2505.79,Normal
2026-01-05 00:45:00,P-103,62.66,4.509,188.0,25.79,1444.8,1.896,2505.8,Normal
2026-01-05 01:00:00,P-104,62.47,4.802,190.94,26.98,1461.2,1.655,2505.82,Normal
2026-01-05 01:15:00,P-101,62.19,4.716,175.39,22.51,1437.9,1.732,2505.84,Normal
2026-01-05 01:30:00,P-102,61.52,4.747,174.77,21.51,1432.4,1.536,2505.85,Normal
2026-01-05 01:45:00,P-103,61.09,4.821,191.94,27.16,1425.2,1.689,2505.86,Normal
2026-01-05 02:00:00,P-102,62.16,4.861,179.03,23.69,1446.3,1.862,2505.88,Normal
2026-01-05 02:15:00,P-101,60.13,4.986,200.95,25.87,1479.0,1.741,2505.9,Normal
2026-01-05 02:30:00,P-101,62.98,4.995,203.24,27.18,1440.4,1.86,2505.91,Normal
2026-01-05 02:45:00,P-102,60.09,4.885,202.26,28.17,1465.8,,2505.93,Normal
2026-01-05 03:00:00,P-103,62.71,4.694,198.44,26.08,1445.0,1.687,2505.94,Normal
2026-01-05 03:15:00,P-102,61.99,4.812,199.33,26.06,1443.0,1.771,2505.96,Normal
2026-01-05 03:30:00,P-103,61.54,4.889,195.63,28.32,1459.3,1.801,2505.97,Normal
2026-01-05 03:45:00,P-104,61.99,4.745,192.43,26.85,1422.4,1.769,2505.98,Normal
2026-01-05 04:00:00,P-101,57.23,4.814,200.38,27.27,1480.0,1.555,2506.0,Normal
2026-01-05 04:15:00,P-101,58.67,5.056,199.75,27.73,1459.7,1.781,2506.02,Normal
2026-01-05 04:30:00,P-103,60.98,4.85,211.26,29.31,1468.9,2.124,2506.03,Normal
2026-01-05 04:45:00,P-101,57.32,4.944,201.89,25.71,1445.4,1.977,2506.04,Normal
2026-01-05 05:00:00,P-102,60.45,4.985,207.89,29.39,1458.9,1.893,2506.06,Normal
2026-01-05 05:15:00,P-101,59.85,4.79,212.22,30.09,1466.8,1.717,2506.07,Normal
2026-01-05 05:30:00,P-101,63.74,4.795,206.88,27.28,1448.4,1.968,2506.09,Normal
2026-01-05 05:45:00,P-101,62.09,4.823,218.14,29.77,1434.3,2.192,2506.1,Normal
2026-01-05 06:00:00,P-101,61.57,4.849,188.47,26.05,1433.0,2.133,2506.12,Normal
2026-01-05 06:15:00,P-103,60.68,4.863,205.77,27.52,1442.4,1.82,2506.14,Normal
2026-01-05 06:30:00,P-103,58.77,4.773,200.87,30.15,1454.1,1.724,2506.15,Normal
2026-01-05 06:45:00,P-104,59.58,4.588,202.61,25.79,1447.1,1.962,2506.16,Normal
2026-01-05 07:00:00,P-104,62.5,5.031,206.5,28.48,1441.2,2.051,2506.18,Normal
2026-01-05 07:15:00,P-103,64.93,5.103,228.54,33.44,1462.2,2.085,2506.2,Normal
2026-01-05 07:30:00,P-104,61.21,4.962,208.46,30.32,1441.7,1.917,2506.21,Normal
2026-01-05 07:45:00,P-103,58.45,4.992,227.91,33.14,1439.2,1.836,2506.22,Normal
2026-01-05 08:00:00,P-104,59.25,5.174,232.74,33.77,1466.9,2.257,2506.24,Normal
2026-01-05 08:15:00,P-103,62.68,5.296,238.95,35.26,1459.9,2.321,2506.26,Normal
2026-01-05 08:30:00,P-104,57.16,5.089,223.75,30.71,1427.9,2.021,2506.27,Normal
2026-01-05 08:45:00,P-101,67.71,5.127,234.99,35.85,1426.0,2.488,2506.28,Normal
2026-01-05 09:00:00,P-104,64.11,5.162,228.34,33.63,1430.1,2.155,2506.3,Normal
2026-01-05 09:15:00,P-104,60.74,5.223,224.91,31.71,1449.4,2.034,2506.32,Normal
2026-01-05 09:30:00,P-101,60.09,5.136,229.86,31.16,1471.2,1.874,2506.33,Normal
2026-01-05 09:45:00,P-104,64.18,5.069,222.13,31.6,1476.1,1.735,2506.34,Normal
2026-01-05 10:00:00,P-102,60.19,5.085,221.67,48.39,1463.5,5.935,2506.36,Normal
2026-01-05 10:15:00,P-101,61.06,5.073,240.68,32.93,1484.4,,2506.38,Normal
2026-01-05 10:30:00,P-103,62.85,5.181,243.41,35.11,1453.6,2.615,2506.39,Normal
2026-01-05 10:45:00,P-101,65.8,5.181,246.77,38.44,1470.0,,2506.41,Normal
2026-01-05 11:00:00,P-103,64.31,5.248,226.87,34.23,1439.7,2.178,2506.42,Normal
2026-01-05 11:15:00,P-103,67.35,5.326,241.05,36.43,1422.0,2.031,2506.44,Normal
2026-01-05 11:30:00,P-103,65.91,5.154,227.33,33.16,1444.4,2.134,2506.45,Normal
2026-01-05 11:45:00,P-104,65.16,5.318,239.4,35.25,1447.7,2.202,2506.46,Normal
2026-01-05 12:00:00,P-103,67.03,5.269,240.84,34.46,1496.5,1.982,2506.48,Normal
2026-01-05 12:15:00,P-103,61.94,4.986,230.48,30.0,1450.0,2.291,2506.5,Normal
2026-01-05 12:30:00,P-102,62.06,5.282,234.27,36.12,1431.7,2.19,2506.51,Normal
2026-01-05 12:45:00,P-102,63.36,5.123,237.69,34.92,1467.4,2.319,2506.52,Normal
2026-01-05 13:00:00,P-101,63.28,5.484,231.85,33.67,1436.3,2.124,2506.54,Normal
2026-01-05 13:15:00,P-102,63.32,5.252,228.04,31.86,1452.6,2.027,2506.55,Normal
2026-01-05 13:30:00,P-101,63.1,5.181,236.48,32.34,1465.8,1.966,2506.57,Normal
2026-01-05 13:45:00,P-102,65.3,5.415,224.7,34.89,1433.2,2.104,2506.58,Normal
2026-01-05 14:00:00,P-101,67.23,5.336,236.2,32.22,1477.3,2.388,2506.6,Normal
2026-01-05 14:15:00,P-104,70.21,5.058,241.95,33.32,1470.3,1.988,2506.61,Normal
2026-01-05 14:30:00,P-102,62.76,5.19,231.43,36.11,1456.4,2.264,2506.63,Normal
2026-01-05 14:45:00,P-104,64.67,5.29,234.78,34.49,1481.5,2.139,2506.64,Normal
2026-01-05 15:00:00,P-101,64.34,5.203,235.12,31.66,1443.1,2.193,2506.66,Normal
2026-01-05 15:15:00,P-104,66.8,4.988,207.6,30.85,1464.3,2.047,2506.68,Normal
2026-01-05 15:30:00,P-101,67.0,5.219,238.21,34.0,1455.0,1.914,2506.69,Normal
2026-01-05 15:45:00,P-101,64.64,5.035,228.38,31.99,1438.5,2.09,2506.7,Normal
2026-01-05 16:00:00,P-102,69.13,5.331,235.8,35.09,1439.1,2.527,2506.72,Normal
2026-01-05 16:15:00,P-102,69.01,4.951,229.18,30.65,1486.6,2.138,2506.74,Normal
2026-01-05 16:30:00,P-104,66.4,5.01,219.31,32.25,1469.1,2.208,2506.75,Normal
2026-01-05 16:45:00,P-104,65.06,4.867,225.4,31.14,1466.0,2.112,2506.76,Normal
2026-01-05 17:00:00,P-103,68.87,5.092,231.21,33.9,1438.7,2.286,2506.78,Normal
2026-01-05 17:15:00,P-101,67.84,5.248,231.32,36.44,1462.7,2.01,2506.8,Normal
2026-01-05 17:30:00,P-104,65.96,5.052,216.23,28.75,1443.4,1.986,2506.81,Normal
2026-01-05 17:45:00,P-102,65.39,4.964,207.49,30.97,1480.6,2.16,2506.82,Normal
2026-01-05 18:00:00,P-103,69.3,5.202,224.01,32.8,1471.8,1.982,2506.84,Normal
2026-01-05 18:15:00,P-104,66.0,5.039,191.25,27.19,1466.5,2.11,2506.86,Normal
2026-01-05 18:30:00,P-101,68.7,4.956,213.58,28.78,1464.7,1.796,2506.87,Normal
2026-01-05 18:45:00,P-103,68.93,4.945,209.49,28.26,1448.4,1.954,2506.89,Normal
2026-01-05 19:00:00,P-103,67.19,4.874,204.46,28.11,1458.8,1.906,2506.9,Normal
2026-01-05 19:15:00,P-103,63.91,4.883,191.25,26.91,1477.7,2.347,2506.92,Normal
2026-01-05 19:30:00,P-102,66.5,4.58,187.62,26.47,1458.4,1.746,2506.93,Normal
2026-01-05 19:45:00,P-102,64.66,4.88,187.4,23.97,1434.9,1.852,2506.95,Normal
2026-01-05 20:00:00,P-103,70.07,4.871,192.39,26.69,1472.6,1.465,2506.96,Normal
2026-01-05 20:15:00,P-101,65.46,4.635,189.16,28.01,1437.8,1.642,2506.98,Normal
2026-01-05 20:30:00,P-103,66.3,4.685,195.29,26.85,1449.5,1.908,2506.99,Normal
2026-01-05 20:45:00,P-104,67.24,5.017,213.22,30.24,1441.5,,2507.0,Normal
2026-01-05 21:00:00,P-101,65.47,4.838,204.97,27.34,1403.0,1.875,2507.02,Normal
2026-01-05 21:15:00,P-101,63.08,4.746,180.77,21.53,1453.2,1.728,2507.04,Normal
2026-01-05 21:30:00,P-103,65.29,4.744,196.26,27.17,1489.1,1.825,2507.05,Normal
2026-01-05 21:45:00,P-103,64.93,4.892,192.9,26.1,1455.8,1.498,2507.06,Normal
2026-01-05 22:00:00,P-101,66.24,4.712,191.15,25.47,1503.3,1.791,2507.08,Normal
2026-01-05 22:15:00,P-103,64.62,5.035,193.64,26.84,1447.2,1.79,2507.09,Normal
2026-01-05 22:30:00,P-101,63.12,4.849,202.71,25.63,1454.0,2.043,2507.11,Normal
2026-01-05 22:45:00,P-102,62.37,4.522,186.85,25.35,1448.1,1.94,2507.12,Normal
2026-01-05 23:00:00,P-101,61.26,5.055,192.91,28.54,1451.1,1.361,2507.14,Normal
2026-01-05 23:15:00,P-104,65.66,4.734,174.36,24.2,1456.7,1.603,2507.16,Normal
2026-01-05 23:30:00,P-104,61.66,4.748,188.64,26.66,1477.2,2.126,2507.17,Normal
2026-01-05 23:45:00,P-101,67.14,5.012,201.8,30.66,1434.9,2.119,2507.18,Normal
2026-01-06 00:00:00,P-103,63.31,4.577,187.79,23.87,1450.2,1.902,2507.2,Normal
2026-01-06 00:15:00,P-102,64.29,4.613,201.7,28.06,1461.1,1.796,2507.22,Normal
2026-01-06 00:30:00,P-101,62.0,4.706,194.32,24.42,1473.0,1.94,2507.23,Normal
2026-01-06 00:45:00,P-103,60.81,4.923,185.05,24.64,1411.2,1.566,2507.24,Normal
2026-01-06 01:00:00,P-104,59.69,4.752,188.37,24.73,1424.8,1.701,2507.26,Normal
2026-01-06 01:15:00,P-101,65.38,4.904,187.07,27.09,1450.7,1.861,2507.28,Normal
2026-01-06 01:30:00,P-101,61.15,4.809,183.14,23.53,1470.1,1.876,2507.29,Normal
2026-01-06 01:45:00,P-104,64.34,4.769,194.31,24.01,1441.3,1.883,2507.3,Normal
2026-01-06 02:00:00,P-101,63.64,4.802,183.63,22.6,1462.0,1.844,2507.32,Normal
2026-01-06 02:15:00,P-102,60.95,4.988,204.12,27.36,1485.6,1.9,2507.34,Normal
2026-01-06 02:30:00,P-104,,4.844,207.79,26.71,1450.2,1.846,2507.35,Normal
2026-01-06 02:45:00,P-103,61.51,4.774,207.38,24.24,1445.9,2.108,2507.36,Normal
2026-01-06 03:00:00,P-101,58.21,4.77,192.33,24.21,1458.5,2.169,2507.38,Normal
2026-01-06 03:15:00,P-101,60.96,4.543,197.62,27.46,1453.2,1.879,2507.4,Normal
2026-01-06 03:30:00,P-103,61.92,4.812,189.8,27.25,1454.6,1.64,2507.41,Normal
2026-01-06 03:45:00,P-103,60.62,4.991,203.62,27.97,1446.7,1.894,2507.43,Normal
2026-01-06 04:00:00,P-103,58.49,4.688,188.34,25.28,1445.4,1.796,2507.44,Normal
2026-01-06 04:15:00,P-101,60.16,4.862,202.88,28.14,1431.9,1.482,2507.46,Normal
2026-01-06 04:30:00,P-104,63.69,4.682,189.73,23.85,1461.0,2.033,2507.47,Normal
2026-01-06 04:45:00,P-102,55.47,4.509,188.64,25.67,1431.3,1.718,2507.48,Normal
2026-01-06 05:00:00,P-104,63.21,5.222,213.8,29.92,1435.3,1.866,2507.5,Normal
2026-01-06 05:15:00,P-104,61.17,4.954,224.59,30.83,1428.4,1.937,2507.52,Normal
2026-01-06 05:30:00,P-101,58.91,4.796,198.92,27.17,1444.1,1.828,2507.53,Normal
2026-01-06 05:45:00,P-103,59.07,4.98,205.32,25.53,1450.5,1.888,2507.54,Normal
2026-01-06 06:00:00,P-102,59.9,4.821,189.82,25.12,1430.2,1.944,2507.56,Normal
2026-01-06 06:15:00,P-103,62.29,4.972,205.72,43.79,1445.2,6.769,2507.57,Normal
2026-01-06 06:30:00,P-103,63.87,5.315,229.53,35.01,1452.9,2.291,2507.59,Normal
2026-01-06 06:45:00,P-104,64.18,4.923,217.22,32.56,1421.8,1.872,2507.6,Normal
2026-01-06 07:00:00,P-103,63.79,4.98,216.13,31.14,1436.3,1.973,2507.62,Normal
2026-01-06 07:15:00,P-101,63.84,5.254,219.49,32.09,1482.5,2.085,2507.64,Normal
2026-01-06 07:30:00,P-104,59.15,4.852,216.62,28.3,1437.2,2.011,2507.65,Normal
2026-01-06 07:45:00,P-101,62.72,4.943,219.7,30.33,1462.8,2.13,2507.66,Normal
2026-01-06 08:00:00,P-103,63.24,5.123,228.95,30.42,1440.9,2.09,2507.68,Normal
2026-01-06 08:15:00,P-104,,5.125,228.39,33.72,1453.6,2.059,2507.7,Normal
2026-01-06 08:30:00,P-103,59.63,5.283,241.95,33.66,1435.6,2.301,2507.71,Normal
2026-01-06 08:45:00,P-101,58.4,5.014,229.22,31.5,1415.8,2.095,2507.72,Normal
2026-01-06 09:00:00,P-102,63.47,4.915,235.79,35.84,1442.1,2.32,2507.74,Normal
2026-01-06 09:15:00,P-104,62.93,5.222,218.17,32.38,1458.0,2.22,2507.76,Normal
2026-01-06 09:30:00,P-104,61.28,5.135,239.81,36.37,1462.2,2.438,2507.77,Normal
2026-01-06 09:45:00,P-103,67.02,5.268,251.97,36.39,1452.6,2.267,2507.78,Normal
2026-01-06 10:00:00,P-102,62.9,4.855,226.78,31.42,1436.0,2.338,2507.8,Normal
2026-01-06 10:15:00,P-101,65.8,5.255,238.69,33.2,1466.6,2.034,2507.82,Normal
2026-01-06 10:30:00,P-102,65.83,5.382,248.73,37.31,1437.0,2.289,2507.83,Normal
2026-01-06 10:45:00,P-103,61.48,5.246,231.41,33.78,1438.1,2.277,2507.84,Normal
2026-01-06 11:00:00,P-104,66.46,5.394,250.02,38.59,1432.4,2.056,2507.86,Normal
2026-01-06 11:15:00,P-102,65.45,4.948,225.56,34.99,1442.4,2.059,2507.88,Normal
2026-01-06 11:30:00,P-101,64.66,5.25,244.8,37.93,1444.7,2.126,2507.89,Normal
2026-01-06 11:45:00,P-101,61.67,5.197,231.95,33.61,1455.3,2.157,2507.91,Normal
2026-01-06 12:00:00,P-102,65.35,5.173,239.21,33.67,1425.6,2.08,2507.92,Normal
2026-01-06 12:15:00,P-104,64.27,5.348,249.55,38.92,1441.7,2.273,2507.94,Normal
2026-01-06 12:30:00,P-103,67.37,5.235,239.83,31.42,1435.6,2.123,2507.95,Normal
2026-01-06 12:45:00,P-102,63.64,5.271,228.26,32.89,1457.7,2.05,2507.96,Normal
2026-01-06 13:00:00,P-104,68.92,5.013,227.44,33.94,1455.4,2.154,2507.98,Normal
2026-01-06 13:15:00,P-101,61.41,5.265,247.21,34.64,1431.5,2.055,2508.0,Normal
2026-01-06 13:30:00,P-101,64.69,5.164,207.48,31.62,1458.9,1.897,2508.01,Normal
2026-01-06 13:45:00,P-103,69.64,5.159,239.9,35.8,1449.1,1.965,2508.02,Normal
2026-01-06 14:00:00,P-101,63.59,5.132,230.33,32.4,1464.3,1.782,2508.04,Normal
2026-01-06 14:15:00,P-102,66.82,5.354,242.25,36.9,1438.4,2.076,2508.05,Normal
2026-01-06 14:30:00,P-101,63.19,4.97,214.63,30.36,1460.6,2.076,2508.07,Normal
2026-01-06 14:45:00,P-102,64.1,5.183,224.92,31.89,1465.6,2.033,2508.08,Normal
2026-01-06 15:00:00,P-102,65.41,5.021,218.34,29.4,1451.2,2.008,2508.1,Normal
2026-01-06 15:15:00,P-103,62.85,5.036,218.74,31.46,1487.8,1.976,2508.11,Normal
2026-01-06 15:30:00,P-104,66.47,5.016,222.06,35.66,1458.8,2.452,2508.13,Normal
2026-01-06 15:45:00,P-103,67.5,5.134,224.29,31.23,1481.7,2.099,2508.14,Normal
2026-01-06 16:00:00,P-101,65.85,5.094,217.4,43.14,1495.4,7.677,2508.16,Normal
2026-01-06 16:15:00,P-101,64.22,4.956,218.24,29.49,1419.9,1.86,2508.18,Normal
2026-01-06 16:30:00,P-102,69.01,5.161,229.21,30.87,1470.7,2.369,2508.19,Normal
2026-01-06 16:45:00,P-104,67.24,5.118,219.68,28.96,1459.3,1.725,2508.2,Normal
2026-01-06 17:00:00,P-102,,5.024,230.2,33.27,1454.4,1.926,2508.22,Normal
2026-01-06 17:15:00,P-102,64.23,4.995,227.33,31.8,1438.1,1.912,2508.24,Normal
2026-01-06 17:30:00,P-102,64.68,4.948,218.96,32.52,1434.0,2.02,2508.25,Normal
2026-01-06 17:45:00,P-101,68.07,4.836,223.54,30.51,1431.0,2.089,2508.26,Normal
2026-01-06 18:00:00,P-102,67.17,5.237,216.47,30.1,1490.0,2.01,2508.28,Normal
2026-01-06 18:15:00,P-101,69.78,5.082,237.16,32.33,1458.8,2.025,2508.3,Normal
2026-01-06 18:30:00,P-102,65.32,4.824,203.71,31.34,1425.5,1.7,2508.31,Normal
2026-01-06 18:45:00,P-104,63.7,4.754,208.25,26.91,1431.1,2.261,2508.32,Normal
2026-01-06 19:00:00,P-101,67.24,4.786,193.31,26.64,1413.5,1.936,2508.34,Normal
2026-01-06 19:15:00,P-101,,4.707,199.17,25.35,1471.4,1.962,2508.36,Normal
2026-01-06 19:30:00,P-101,64.93,4.927,183.92,26.61,1450.8,1.715,2508.37,Normal
2026-01-06 19:45:00,P-103,61.29,4.621,187.9,24.82,1459.2,1.794,2508.39,Normal
2026-01-06 20:00:00,P-101,64.03,4.644,192.88,29.37,1450.0,2.097,2508.4,Normal
2026-01-06 20:15:00,P-101,67.72,4.916,202.52,27.65,1467.1,1.503,2508.42,Normal
2026-01-06 20:30:00,P-101,63.5,4.797,199.38,27.36,1442.9,2.011,2508.43,Normal
2026-01-06 20:45:00,P-104,65.97,4.696,201.87,25.94,1455.3,1.771,2508.45,Normal
2026-01-06 21:00:00,P-101,60.37,4.927,201.72,27.71,1454.9,1.982,2508.46,Normal
2026-01-06 21:15:00,P-104,63.95,4.85,203.6,27.42,1429.1,2.189,2508.48,Normal
2026-01-06 21:30:00,P-103,63.81,4.736,192.1,25.8,1437.0,1.742,2508.49,Normal
2026-01-06 21:45:00,P-102,67.39,4.518,189.73,25.4,1444.5,1.305,2508.5,Normal
2026-01-06 22:00:00,P-104,61.88,4.585,196.06,25.46,1455.8,1.661,2508.52,Normal
2026-01-06 22:15:00,P-101,65.42,4.661,197.1,24.56,1475.0,1.832,2508.54,Normal
2026-01-06 22:30:00,P-101,64.61,4.46,172.17,24.19,1452.1,2.024,2508.55,Normal
2026-01-06 22:45:00,P-101,61.75,4.741,176.02,25.13,1448.4,1.736,2508.56,Normal
2026-01-06 23:00:00,P-102,62.63,4.517,192.59,23.14,1455.6,2.101,2508.58,Normal
2026-01-06 23:15:00,P-104,62.53,4.571,171.53,23.18,1447.2,1.331,2508.59,Normal
2026-01-06 23:30:00,P-103,59.76,4.699,195.84,27.16,1449.6,1.722,2508.61,Normal
2026-01-06 23:45:00,P-103,60.36,4.565,172.81,22.68,1477.3,1.9,2508.62,Normal
2026-01-07 00:00:00,P-101,,4.868,193.33,26.4,1446.0,2.05,2508.64,Normal
2026-01-07 00:15:00,P-104,64.61,4.774,211.35,25.12,1454.7,1.524,2508.66,Normal
2026-01-07 00:30:00,P-104,61.6,4.599,185.54,23.98,1438.4,1.635,2508.67,Normal
2026-01-07 00:45:00,P-102,62.59,4.887,189.92,24.24,1472.7,1.8,2508.68,Normal
2026-01-07 01:00:00,P-102,60.98,4.454,172.2,22.16,1433.6,1.542,2508.7,Normal
2026-01-07 01:15:00,P-104,62.39,4.781,183.35,33.87,1448.7,5.422,2508.72,Normal
2026-01-07 01:30:00,P-102,60.11,4.655,192.66,24.47,1467.7,1.798,2508.73,Normal
2026-01-07 01:45:00,P-104,63.89,4.629,174.54,22.95,1434.4,1.494,2508.74,Normal
2026-01-07 02:00:00,P-102,64.9,4.784,199.39,28.53,1465.6,1.95,2508.76,Normal
2026-01-07 02:15:00,P-102,64.55,4.953,206.68,28.03,1413.1,2.043,2508.78,Normal
2026-01-07 02:30:00,P-101,58.25,4.6,178.3,23.33,1430.3,1.56,2508.79,Normal
2026-01-07 02:45:00,P-101,58.09,4.703,186.97,24.57,1448.3,1.634,2508.8,Normal
2026-01-07 03:00:00,P-104,60.51,4.984,187.64,26.57,1493.4,1.739,2508.82,Normal
2026-01-07 03:15:00,P-102,62.54,,213.84,29.67,1452.6,2.204,2508.84,Normal
2026-01-07 03:30:00,P-103,55.92,4.822,185.65,26.04,1453.0,1.781,2508.85,Normal
2026-01-07 03:45:00,P-103,62.19,4.681,198.17,28.45,1470.7,1.497,2508.86,Normal
2026-01-07 04:00:00,P-101,65.32,4.857,214.21,33.12,1430.4,1.783,2508.88,Normal
2026-01-07 04:15:00,P-103,60.62,4.728,186.84,23.0,1395.4,1.93,2508.9,Normal
2026-01-07 04:30:00,P-101,58.2,4.844,197.91,38.61,1481.2,5.935,2508.91,Normal
2026-01-07 04:45:00,P-104,58.73,4.783,195.32,26.85,1460.9,1.676,2508.93,Normal
2026-01-07 05:00:00,P-102,61.07,4.77,199.64,30.02,1442.0,1.834,2508.94,Normal
2026-01-07 05:15:00,P-104,61.31,5.158,213.04,30.26,1451.0,2.17,2508.96,Normal
2026-01-07 05:30:00,P-103,62.16,5.039,205.69,27.0,1468.9,2.363,2508.97,Normal
2026-01-07 05:45:00,P-101,60.76,4.92,196.78,27.09,1447.7,1.851,2508.98,Normal
2026-01-07 06:00:00,P-104,63.97,4.963,212.88,30.84,1452.6,2.099,2509.0,Normal
2026-01-07 06:15:00,P-104,58.18,4.873,202.08,29.97,1486.6,1.939,2509.02,Normal
2026-01-07 06:30:00,P-103,62.92,5.234,228.63,31.57,1427.6,2.119,2509.03,Normal
2026-01-07 06:45:00,P-104,60.02,4.935,219.64,30.0,1459.3,1.811,2509.04,Normal
2026-01-07 07:00:00,P-102,60.71,4.909,213.65,29.58,1428.0,2.248,2509.06,Normal
2026-01-07 07:15:00,P-101,64.01,4.996,224.15,31.36,1478.1,1.988,2509.07,Normal
2026-01-07 07:30:00,P-103,64.59,5.081,227.39,33.26,1455.3,1.897,2509.09,Normal
2026-01-07 07:45:00,P-104,65.38,5.235,224.31,32.8,1437.6,1.948,2509.1,Normal
2026-01-07 08:00:00,P-102,61.47,4.772,216.57,30.64,1423.0,2.089,2509.12,Normal
2026-01-07 08:15:00,P-101,62.45,5.244,230.91,33.38,1443.7,1.986,2509.14,Normal
2026-01-07 08:30:00,P-101,60.88,4.956,207.89,31.7,1453.3,2.301,2509.15,Normal
2026-01-07 08:45:00,P-103,58.93,5.144,236.5,31.91,1470.9,2.228,2509.16,Normal
2026-01-07 09:00:00,P-103,64.38,5.015,222.77,32.49,1430.3,2.177,2509.18,Normal
2026-01-07 09:15:00,P-104,62.58,5.187,237.55,33.27,1435.2,2.067,2509.2,Normal
2026-01-07 09:30:00,P-101,63.46,5.077,211.45,33.36,1441.1,1.963,2509.21,Normal
2026-01-07 09:45:00,P-101,63.59,5.026,222.23,31.99,1436.0,2.059,2509.22,Normal
2026-01-07 10:00:00,P-103,61.34,5.199,244.04,35.43,1440.7,1.965,2509.24,Normal
2026-01-07 10:15:00,P-103,61.81,5.392,238.34,35.51,1433.0,2.241,2509.26,Normal
2026-01-07 10:30:00,P-102,66.67,5.167,231.08,30.7,1457.5,2.275,2509.27,Normal
2026-01-07 10:45:00,P-103,65.95,5.341,252.14,36.31,1441.3,2.113,2509.28,Normal
2026-01-07 11:00:00,P-101,62.51,5.114,233.22,34.68,1450.2,2.252,2509.3,Normal
2026-01-07 11:15:00,P-103,64.12,5.189,242.81,36.98,1455.5,2.204,2509.32,Normal
2026-01-07 11:30:00,P-102,67.18,5.185,239.82,35.12,1425.2,2.376,2509.33,Normal
2026-01-07 11:45:00,P-103,66.23,5.275,232.25,30.71,1460.7,2.418,2509.34,Normal
2026-01-07 12:00:00,P-104,62.1,5.192,245.35,35.16,1453.8,2.329,2509.36,Normal
2026-01-07 12:15:00,P-101,68.18,4.922,230.55,33.71,1453.8,2.117,2509.38,Normal
2026-01-07 12:30:00,P-104,66.98,5.208,227.91,35.29,1447.6,2.351,2509.39,Normal
2026-01-07 12:45:00,P-101,66.27,5.324,247.79,37.08,1445.1,2.247,2509.41,Normal
2026-01-07 13:00:00,P-101,61.97,5.067,230.52,31.23,1451.0,2.044,2509.42,Normal
2026-01-07 13:15:00,P-101,65.82,5.118,220.41,31.53,1451.7,1.896,2509.44,Normal
2026-01-07 13:30:00,P-101,68.3,5.036,253.06,37.85,1428.8,2.261,2509.45,Normal
2026-01-07 13:45:00,P-101,65.01,5.631,255.14,37.88,1478.4,2.475,2509.46,Normal
2026-01-07 14:00:00,P-104,65.16,5.294,229.48,34.19,1437.5,1.926,2509.48,Normal
2026-01-07 14:15:00,P-102,71.28,4.945,213.89,29.93,1451.2,1.79,2509.5,Normal
2026-01-07 14:30:00,P-102,65.99,5.102,230.57,32.76,1471.0,1.885,2509.51,Normal
2026-01-07 14:45:00,P-103,64.43,5.208,220.29,32.31,1443.8,2.282,2509.52,Normal
2026-01-07 15:00:00,P-101,64.0,5.208,228.3,39.48,1454.3,5.528,2509.54,Normal
2026-01-07 15:15:00,P-101,69.34,4.972,233.63,32.18,1410.6,2.297,2509.55,Normal
2026-01-07 15:30:00,P-102,68.88,4.993,224.58,31.55,1414.3,2.031,2509.57,Normal
2026-01-07 15:45:00,P-103,70.1,5.421,231.11,34.65,1449.5,1.891,2509.58,Normal
2026-01-07 16:00:00,P-101,65.75,5.085,214.19,29.9,1453.4,2.261,2509.6,Normal
2026-01-07 16:15:00,P-104,69.95,5.171,231.5,32.58,1469.9,1.969,2509.61,Normal
2026-01-07 16:30:00,P-101,66.54,5.279,233.82,35.1,1464.4,2.294,2509.63,Normal
2026-01-07 16:45:00,P-101,67.06,5.147,224.2,30.46,1421.3,1.808,2509.64,Normal
2026-01-07 17:00:00,P-102,66.85,5.098,213.2,28.44,1472.8,2.039,2509.66,Normal
2026-01-07 17:15:00,P-101,69.4,4.76,208.77,29.35,1428.6,1.977,2509.68,Normal
2026-01-07 17:30:00,P-102,67.69,5.019,225.32,29.06,1465.5,1.784,2509.69,Normal
2026-01-07 17:45:00,P-102,63.44,4.777,202.91,25.62,1441.9,2.228,2509.7,Normal
2026-01-07 18:00:00,P-103,66.59,4.965,208.77,28.0,1498.9,1.83,2509.72,Normal
2026-01-07 18:15:00,P-103,62.17,5.01,204.69,30.21,1439.4,1.776,2509.74,Normal
2026-01-07 18:30:00,P-101,62.68,4.886,221.36,30.54,1448.7,1.95,2509.75,Normal
2026-01-07 18:45:00,P-101,67.69,4.74,197.77,28.41,1452.8,1.542,2509.76,Normal
2026-01-07 19:00:00,P-101,,4.968,223.42,32.48,1445.6,1.975,2509.78,Normal
2026-01-07 19:15:00,P-102,64.21,4.802,199.19,27.44,1432.1,1.738,2509.8,Normal
2026-01-07 19:30:00,P-104,68.0,5.019,205.96,28.42,1489.7,2.125,2509.81,Normal
2026-01-07 19:45:00,P-104,68.86,5.075,203.8,27.72,1439.0,1.976,2509.82,Normal
2026-01-07 20:00:00,P-104,65.74,4.722,193.28,26.17,1438.4,1.61,2509.84,Normal
2026-01-07 20:15:00,P-103,69.59,4.936,201.19,29.85,1448.0,1.773,2509.86,Normal
2026-01-07 20:30:00,P-103,67.23,5.0,200.45,29.19,1453.5,2.331,2509.87,Normal
2026-01-07 20:45:00,P-101,65.24,4.828,195.7,26.86,1437.7,1.678,2509.89,Normal
2026-01-07 21:00:00,P-102,63.69,4.624,174.91,26.51,1467.2,1.899,2509.9,Normal
2026-01-07 21:15:00,P-103,61.67,4.717,196.9,26.43,1452.7,1.721,2509.92,Normal
2026-01-07 21:30:00,P-101,65.62,4.547,179.85,25.96,1450.4,1.603,2509.93,Normal
2026-01-07 21:45:00,P-102,58.46,4.579,182.35,25.82,1460.0,1.712,2509.95,Normal
2026-01-07 22:00:00,P-103,62.6,4.77,190.0,26.04,1434.7,2.084,2509.96,Normal
2026-01-07 22:15:00,P-104,62.29,4.568,175.73,21.79,1439.5,1.452,2509.98,Normal
2026-01-07 22:30:00,P-104,60.39,4.525,176.57,21.6,1449.6,1.835,2509.99,Normal
2026-01-07 22:45:00,P-104,62.84,4.837,188.33,25.36,1466.7,2.058,2510.0,Normal
2026-01-07 23:00:00,P-103,66.79,4.638,185.04,25.43,1445.6,1.675,2510.02,Normal
2026-01-07 23:15:00,P-101,63.15,4.365,168.3,22.37,1444.3,1.829,2510.04,Normal
2026-01-07 23:30:00,P-101,62.05,4.741,200.02,27.83,1412.0,2.0,2510.05,Normal
2026-01-07 23:45:00,P-104,61.88,4.824,190.73,25.41,1437.5,1.672,2510.06,Normal
2026-01-08 00:00:00,P-103,59.05,4.513,178.61,24.58,1420.3,1.586,2510.08,Normal
2026-01-08 00:15:00,P-104,62.7,4.607,169.95,23.72,1424.8,1.694,2510.09,Normal
2026-01-08 00:30:00,P-103,62.37,4.771,186.96,26.18,1456.6,1.871,2510.11,Normal
2026-01-08 00:45:00,P-101,58.0,4.645,192.47,25.23,1509.7,1.758,2510.12,Normal
2026-01-08 01:00:00,P-103,64.23,4.888,211.97,27.07,1453.5,2.051,2510.14,Normal
2026-01-08 01:15:00,P-104,63.07,4.564,187.83,25.69,1456.0,1.695,2510.16,Normal
2026-01-08 01:30:00,P-101,64.06,4.769,193.86,25.81,1436.3,1.673,2510.17,Normal
2026-01-08 01:45:00,P-101,61.16,4.549,187.8,26.58,1431.1,1.809,2510.18,Normal
2026-01-08 02:00:00,P-102,61.28,4.938,201.15,28.34,1487.0,1.914,2510.2,Normal
2026-01-08 02:15:00,P-101,66.19,4.791,201.16,26.9,1435.5,2.104,2510.22,Normal
2026-01-08 02:30:00,P-101,62.31,4.8,191.61,30.35,1414.0,1.994,2510.23,Normal
2026-01-08 02:45:00,P-104,62.2,4.859,194.5,25.56,1454.4,1.941,2510.24,Normal
2026-01-08 03:00:00,P-104,59.44,4.616,192.42,26.91,1442.3,1.764,2510.26,Normal
2026-01-08 03:15:00,P-102,62.04,4.659,189.32,25.7,1460.7,1.772,2510.28,Normal
2026-01-08 03:30:00,P-101,58.42,4.657,201.19,26.66,1478.2,1.803,2510.29,Normal
2026-01-08 03:45:00,P-104,61.21,5.112,211.02,28.9,1456.6,2.003,2510.3,Normal
2026-01-08 04:00:00,P-104,57.78,5.018,193.57,28.35,1454.1,1.889,2510.32,Normal
2026-01-08 04:15:00,P-102,59.13,4.612,193.11,26.59,1461.9,1.892,2510.34,Normal
2026-01-08 04:30:00,P-104,63.87,4.797,201.83,27.78,1498.7,1.893,2510.35,Normal
2026-01-08 04:45:00,P-103,59.29,4.869,197.07,27.74,1491.0,1.9,2510.36,Normal
2026-01-08 05:00:00,P-103,63.32,4.924,220.43,29.5,1444.3,2.289,2510.38,Normal
2026-01-08 05:15:00,P-103,62.23,4.711,189.12,26.68,1467.1,1.859,2510.4,Normal
2026-01-08 05:30:00,P-102,60.16,4.846,213.46,30.0,1482.1,2.012,2510.41,Normal
2026-01-08 05:45:00,P-104,62.51,4.931,206.03,28.12,1462.5,2.006,2510.43,Normal
2026-01-08 06:00:00,P-101,60.18,4.646,196.05,26.68,1448.8,1.809,2510.44,Normal
2026-01-08 06:15:00,P-101,60.57,4.924,200.61,29.61,1441.0,2.031,2510.46,Normal
2026-01-08 06:30:00,P-101,62.11,4.789,206.84,28.97,1451.8,1.952,2510.47,Normal
2026-01-08 06:45:00,P-101,65.25,4.955,215.78,29.25,1429.5,1.778,2510.48,Normal
2026-01-08 07:00:00,P-104,61.1,4.932,224.65,32.32,1466.1,1.989,2510.5,Normal
2026-01-08 07:15:00,P-104,59.29,4.986,215.86,31.35,1475.0,2.382,2510.52,Normal
2026-01-08 07:30:00,P-101,58.59,4.912,215.32,30.34,1442.9,2.197,2510.53,Normal
2026-01-08 07:45:00,P-102,64.04,5.198,224.93,29.62,1441.9,2.002,2510.54,Normal
2026-01-08 08:00:00,P-101,65.48,5.192,226.6,33.42,1431.0,2.254,2510.56,Normal
2026-01-08 08:15:00,P-103,60.15,5.047,219.37,29.92,1458.4,2.061,2510.57,Normal
2026-01-08 08:30:00,P-104,56.85,5.05,222.57,32.24,1449.8,2.349,2510.59,Normal
2026-01-08 08:45:00,P-101,61.56,4.943,230.23,33.08,1424.0,2.109,2510.6,Normal
2026-01-08 09:00:00,P-102,63.72,4.901,224.46,32.28,1502.5,2.134,2510.62,Normal
2026-01-08 09:15:00,P-103,63.33,5.193,238.41,33.96,1418.0,2.011,2510.64,Normal
2026-01-08 09:30:00,P-104,63.45,5.216,218.91,34.58,1424.1,2.098,2510.65,Normal
2026-01-08 09:45:00,P-101,62.73,5.229,238.63,36.22,1466.9,1.678,2510.66,Normal
2026-01-08 10:00:00,P-103,64.74,5.007,233.32,32.85,1461.8,2.121,2510.68,Normal
2026-01-08 10:15:00,P-104,64.37,5.182,221.37,35.49,1437.1,2.321,2510.7,Normal
2026-01-08 10:30:00,P-104,64.92,5.161,237.49,35.44,1436.0,2.438,2510.71,Normal
2026-01-08 10:45:00,P-103,63.26,5.21,228.38,30.19,1458.2,2.164,2510.72,Normal
2026-01-08 11:00:00,P-104,63.93,5.177,216.07,32.59,1456.8,1.994,2510.74,Normal
2026-01-08 11:15:00,P-103,66.0,5.23,244.78,35.38,1437.3,2.05,2510.76,Normal
2026-01-08 11:30:00,P-101,62.19,5.2,238.9,32.56,1467.9,2.052,2510.77,Normal
2026-01-08 11:45:00,P-101,64.63,5.181,222.63,32.57,1460.3,1.811,2510.78,Normal
2026-01-08 12:00:00,P-104,66.55,5.282,232.67,35.43,1474.1,2.109,2510.8,Normal
2026-01-08 12:15:00,P-102,68.62,5.539,246.38,38.44,1449.1,2.007,2510.82,Normal
2026-01-08 12:30:00,P-103,64.09,5.029,222.86,29.2,1464.6,1.914,2510.83,Normal
2026-01-08 12:45:00,P-101,61.91,5.24,221.47,32.81,1445.9,2.03,2510.84,Normal
2026-01-08 13:00:00,P-103,62.92,5.009,228.33,35.32,1459.7,2.158,2510.86,Normal
2026-01-08 13:15:00,P-102,66.03,5.281,244.42,39.22,1456.4,1.941,2510.88,Normal
2026-01-08 13:30:00,P-103,66.47,4.989,237.57,30.67,1465.3,2.101,2510.89,Normal
2026-01-08 13:45:00,P-102,66.35,5.299,246.01,38.14,1459.4,2.311,2510.91,Normal
2026-01-08 14:00:00,P-104,62.54,5.179,224.81,33.24,1416.0,2.319,2510.92,Normal
2026-01-08 14:15:00,P-102,62.65,4.787,221.81,29.18,1438.7,2.049,2510.94,Normal
2026-01-08 14:30:00,P-104,62.02,5.247,235.42,33.5,1451.5,2.545,2510.95,Normal
2026-01-08 14:45:00,P-104,,5.251,227.34,35.04,1458.4,2.245,2510.96,Normal
2026-01-08 15:00:00,P-102,66.59,5.276,229.31,34.58,1464.8,2.151,2510.98,Normal
2026-01-08 15:15:00,P-103,71.38,4.988,233.04,31.96,1459.9,2.311,2511.0,Normal
2026-01-08 15:30:00,P-102,70.69,5.252,237.8,33.26,1437.3,2.015,2511.01,Normal
2026-01-08 15:45:00,P-102,64.52,5.135,218.35,33.36,1466.5,1.901,2511.02,Normal
2026-01-08 16:00:00,P-103,67.58,5.246,233.95,32.78,1435.4,2.284,2511.04,Normal
2026-01-08 16:15:00,P-104,64.07,5.147,234.15,33.08,1472.7,2.204,2511.05,Normal
2026-01-08 16:30:00,P-102,62.22,4.973,202.3,30.0,1473.9,2.14,2511.07,Normal
2026-01-08 16:45:00,P-102,61.89,4.988,199.31,26.79,1449.8,2.087,2511.08,Normal
2026-01-08 17:00:00,P-102,66.93,5.106,224.03,31.0,1438.3,2.449,2511.1,Normal
2026-01-08 17:15:00,P-102,67.15,5.164,236.38,31.85,1437.5,1.825,2511.11,Normal
2026-01-08 17:30:00,P-101,66.07,5.063,215.32,27.6,1430.3,1.878,2511.13,Normal
2026-01-08 17:45:00,P-101,66.16,4.804,193.92,26.31,1433.4,1.828,2511.14,Normal
2026-01-08 18:00:00,P-102,65.65,4.844,205.77,27.77,1446.8,2.196,2511.16,Normal
2026-01-08 18:15:00,P-103,67.13,5.117,222.18,31.16,1439.9,2.091,2511.18,Normal
2026-01-08 18:30:00,P-104,65.33,5.269,226.57,33.04,1421.0,2.275,2511.19,Normal
2026-01-08 18:45:00,P-101,63.52,5.118,217.9,28.59,1441.3,2.027,2511.2,Normal
2026-01-08 19:00:00,P-102,62.27,4.952,197.48,27.06,1451.7,1.908,2511.22,Normal
2026-01-08 19:15:00,P-101,66.4,4.522,200.54,26.52,1443.9,1.991,2511.24,Normal
2026-01-08 19:30:00,P-104,64.91,4.791,199.21,26.77,1433.9,1.959,2511.25,Normal
2026-01-08 19:45:00,P-102,61.11,4.753,201.95,28.28,1407.0,1.953,2511.26,Normal
2026-01-08 20:00:00,P-101,64.3,4.749,191.32,24.67,1470.6,1.946,2511.28,Normal
2026-01-08 20:15:00,P-104,64.29,5.207,224.9,29.67,1449.3,2.081,2511.3,Normal
2026-01-08 20:30:00,P-101,70.29,4.837,214.15,28.7,1455.8,2.154,2511.31,Normal
2026-01-08 20:45:00,P-104,64.61,5.163,203.73,29.54,1453.3,1.939,2511.32,Normal
2026-01-08 21:00:00,P-103,65.36,4.65,187.84,24.66,1459.0,1.828,2511.34,Normal
2026-01-08 21:15:00,P-103,67.68,4.752,200.19,29.84,1454.3,1.716,2511.36,Normal
2026-01-08 21:30:00,P-102,62.8,4.915,192.12,27.35,1451.8,2.053,2511.37,Normal
2026-01-08 21:45:00,P-104,64.71,4.896,204.95,27.83,1463.7,2.165,2511.39,Normal
2026-01-08 22:00:00,P-101,66.3,4.927,209.12,27.14,1467.6,1.575,2511.4,Normal
2026-01-08 22:15:00,P-102,64.6,4.693,194.41,25.3,1474.9,1.972,2511.42,Normal
2026-01-08 22:30:00,P-101,65.05,4.847,198.99,26.43,1435.0,1.832,2511.43,Normal
2026-01-08 22:45:00,P-103,61.05,4.648,204.33,25.39,1454.5,1.815,2511.45,Normal
2026-01-08 23:00:00,P-103,64.74,4.644,197.34,23.27,1421.1,1.94,2511.46,Normal
2026-01-08 23:15:00,P-104,60.36,4.533,171.72,23.69,1441.3,1.691,2511.48,Normal
2026-01-08 23:30:00,P-103,63.69,4.611,187.96,25.2,1446.5,1.877,2511.49,Normal
2026-01-08 23:45:00,P-103,64.2,4.777,174.38,23.34,1463.3,1.702,2511.5,Normal
2026-01-09 00:00:00,P-103,62.82,4.515,180.82,23.56,1447.9,1.994,2511.52,Normal
2026-01-09 00:15:00,P-102,64.61,4.825,207.64,27.65,1462.1,1.859,2511.54,Normal
2026-01-09 00:30:00,P-104,65.14,4.752,208.22,29.39,1443.8,1.768,2511.55,Normal
2026-01-09 00:45:00,P-101,64.75,4.952,202.69,27.68,1439.6,1.947,2511.56,Normal
2026-01-09 01:00:00,P-102,65.39,4.652,192.21,25.35,1435.6,1.671,2511.58,Normal
2026-01-09 01:15:00,P-104,62.87,4.973,194.97,28.14,1462.4,1.933,2511.59,Normal
2026-01-09 01:30:00,P-103,61.97,4.85,191.08,25.32,1443.2,2.111,2511.61,Normal
2026-01-09 01:45:00,P-101,63.71,4.693,188.57,25.99,1406.3,1.823,2511.62,Normal
2026-01-09 02:00:00,P-103,59.3,4.641,184.42,25.44,1461.4,1.515,2511.64,Normal
2026-01-09 02:15:00,P-102,58.68,4.724,191.13,24.97,1433.3,1.779,2511.66,Normal
2026-01-09 02:30:00,P-103,,4.827,195.71,24.99,1453.5,1.987,2511.67,Normal
2026-01-09 02:45:00,P-104,59.46,4.626,189.51,23.67,1429.7,1.786,2511.68,Normal
2026-01-09 03:00:00,P-103,58.31,4.724,196.21,25.93,1450.3,1.976,2511.7,Normal
2026-01-09 03:15:00,P-103,61.98,4.79,196.92,27.82,1398.3,1.743,2511.72,Normal
2026-01-09 03:30:00,P-104,65.67,4.778,216.58,27.94,1449.4,1.904,2511.73,Normal
2026-01-09 03:45:00,P-104,58.09,4.891,214.73,28.41,1434.2,2.048,2511.74,Normal
2026-01-09 04:00:00,P-103,63.11,4.914,199.43,26.65,1427.2,2.181,2511.76,Normal
2026-01-09 04:15:00,P-104,55.48,4.89,205.96,30.0,1463.8,1.846,2511.78,Normal
2026-01-09 04:30:00,P-102,60.0,4.985,210.7,28.98,1447.9,1.921,2511.79,Normal
2026-01-09 04:45:00,P-104,64.72,4.82,205.97,28.1,1445.6,2.108,2511.8,Normal
2026-01-09 05:00:00,P-104,59.18,4.748,186.9,27.9,1437.0,1.892,2511.82,Normal
2026-01-09 05:15:00,P-101,60.98,4.77,202.6,26.91,1466.1,2.051,2511.84,Normal
2026-01-09 05:30:00,P-102,61.97,4.819,206.62,30.3,1442.2,1.779,2511.85,Normal
2026-01-09 05:45:00,P-101,56.13,5.076,198.32,26.37,1476.8,1.894,2511.86,Normal
2026-01-09 06:00:00,P-101,61.72,5.049,223.67,32.02,1472.1,1.899,2511.88,Normal
2026-01-09 06:15:00,P-104,61.68,4.953,226.39,31.3,1475.7,1.712,2511.9,Normal
2026-01-09 06:30:00,P-104,63.77,4.724,197.79,27.78,1467.4,1.737,2511.91,Normal
2026-01-09 06:45:00,P-102,58.56,4.82,210.9,31.89,1439.1,2.088,2511.93,Normal
2026-01-09 07:00:00,P-103,61.56,5.03,225.06,33.81,1450.9,2.186,2511.94,Normal
2026-01-09 07:15:00,P-103,60.54,5.243,226.85,33.17,1446.3,2.24,2511.96,Normal
2026-01-09 07:30:00,P-101,60.41,5.114,237.87,32.79,1465.1,2.202,2511.97,Normal
2026-01-09 07:45:00,P-103,64.42,4.978,218.34,32.08,1449.8,2.022,2511.98,Normal
2026-01-09 08:00:00,P-103,61.35,4.927,221.37,30.63,1445.6,1.689,2512.0,Normal
2026-01-09 08:15:00,P-104,60.01,5.1,224.0,31.06,1479.8,1.809,2512.02,Normal
2026-01-09 08:30:00,P-102,61.54,5.156,234.26,34.52,1444.1,2.309,2512.03,Normal
2026-01-09 08:45:00,P-102,61.64,5.107,233.88,34.17,1438.8,1.97,2512.04,Normal
2026-01-09 09:00:00,P-102,62.83,5.24,239.56,35.66,1442.8,2.171,2512.06,Normal
2026-01-09 09:15:00,P-104,61.1,5.537,249.18,34.56,1469.3,2.193,2512.07,Normal
2026-01-09 09:30:00,P-101,62.38,5.319,229.57,33.81,1453.4,1.866,2512.09,Normal
2026-01-09 09:45:00,P-102,61.34,5.259,227.31,29.7,1458.3,2.115,2512.1,Normal
2026-01-09 10:00:00,P-101,61.49,4.965,230.26,32.52,1454.2,2.392,2512.12,Normal
2026-01-09 10:15:00,P-101,64.16,5.214,227.03,35.29,1410.5,2.151,2512.14,Normal
2026-01-09 10:30:00,P-101,64.16,5.124,232.1,35.04,1430.8,2.086,2512.15,Normal
2026-01-09 10:45:00,P-102,62.26,5.239,230.14,33.42,1445.0,1.907,2512.16,Normal
2026-01-09 11:00:00,P-103,64.1,5.381,237.53,35.22,1455.7,2.12,2512.18,Normal
2026-01-09 11:15:00,P-103,68.67,5.229,229.07,34.19,1432.3,2.224,2512.2,Normal
2026-01-09 11:30:00,P-101,68.65,5.076,234.74,34.41,1431.7,2.12,2512.21,Normal
2026-01-09 11:45:00,P-101,62.69,5.188,243.2,35.01,1444.4,2.099,2512.22,Normal
2026-01-09 12:00:00,P-102,62.53,5.278,232.15,32.84,1473.9,2.317,2512.24,Normal
2026-01-09 12:15:00,P-101,62.96,5.348,237.39,35.6,1411.2,2.127,2512.26,Normal
2026-01-09 12:30:00,P-101,67.8,5.279,233.79,37.5,1402.3,2.098,2512.27,Normal
2026-01-09 12:45:00,P-104,63.48,5.148,228.4,31.56,1481.2,2.114,2512.28,Normal
2026-01-09 13:00:00,P-102,65.63,5.194,239.08,33.56,1422.5,2.36,2512.3,Normal
2026-01-09 13:15:00,P-103,71.36,5.387,254.44,36.51,1442.7,2.209,2512.32,Normal
2026-01-09 13:30:00,P-102,64.73,5.201,222.53,35.24,1423.0,1.917,2512.33,Normal
2026-01-09 13:45:00,P-103,65.57,5.097,226.94,29.46,1444.6,2.113,2512.34,Normal
2026-01-09 14:00:00,P-102,65.51,5.039,216.51,30.69,1447.5,1.964,2512.36,Normal
2026-01-09 14:15:00,P-102,64.87,5.191,227.99,33.46,1479.0,2.231,2512.38,Normal
2026-01-09 14:30:00,P-104,68.59,5.177,225.33,32.2,1463.0,1.756,2512.39,Normal
2026-01-09 14:45:00,P-103,64.34,5.069,224.51,31.66,1426.9,2.115,2512.41,Normal
2026-01-09 15:00:00,P-104,70.43,5.175,241.44,35.99,1415.7,2.135,2512.42,Normal
2026-01-09 15:15:00,P-101,62.75,4.973,205.23,29.41,1459.0,1.766,2512.44,Normal
2026-01-09 15:30:00,P-102,65.8,5.084,227.42,32.71,1440.6,1.895,2512.45,Normal
2026-01-09 15:45:00,P-101,65.54,5.358,234.65,36.81,1437.0,2.123,2512.46,Normal
2026-01-09 16:00:00,P-101,63.5,4.997,209.89,27.58,1471.3,1.81,2512.48,Normal
2026-01-09 16:15:00,P-104,65.28,5.154,215.61,29.72,1418.4,1.503,2512.5,Normal
2026-01-09 16:30:00,P-104,60.53,5.082,220.59,29.33,1443.4,1.792,2512.51,Normal
2026-01-09 16:45:00,P-101,65.23,5.077,221.84,29.78,1461.4,1.765,2512.52,Normal
2026-01-09 17:00:00,P-102,65.11,4.953,225.29,29.87,1428.8,2.012,2512.54,Normal
2026-01-09 17:15:00,P-102,69.51,5.2,232.29,32.78,1473.4,1.887,2512.55,Normal
2026-01-09 17:30:00,P-102,69.02,5.259,228.18,33.97,1431.8,2.114,2512.57,Normal
2026-01-09 17:45:00,P-104,64.51,4.771,207.76,31.2,1448.7,1.8,2512.58,Normal
2026-01-09 18:00:00,P-102,67.0,5.346,231.75,33.8,1437.5,2.235,2512.6,Normal
2026-01-09 18:15:00,P-103,65.73,5.227,209.69,29.49,1400.7,2.038,2512.61,Normal
2026-01-09 18:30:00,P-103,70.97,5.206,225.55,31.83,1442.4,2.008,2512.63,Normal
2026-01-09 18:45:00,P-101,64.12,5.006,216.3,29.91,1464.3,1.965,2512.64,Normal
2026-01-09 19:00:00,P-103,64.43,4.983,208.01,30.9,1431.4,2.045,2512.66,Normal
2026-01-09 19:15:00,P-102,63.62,4.877,218.7,29.48,1438.7,1.955,2512.68,Normal
2026-01-09 19:30:00,P-103,65.24,5.14,223.37,32.46,1440.7,2.127,2512.69,Normal
2026-01-09 19:45:00,P-102,66.94,5.043,210.56,29.23,1459.6,1.572,2512.7,Normal
2026-01-09 20:00:00,P-101,65.16,4.655,195.61,26.9,1443.5,1.754,2512.72,Normal
2026-01-09 20:15:00,P-102,,4.78,201.57,27.89,1450.4,1.798,2512.74,Normal
2026-01-09 20:30:00,P-104,67.0,4.725,198.21,27.27,1450.7,2.038,2512.75,Normal
2026-01-09 20:45:00,P-104,69.7,4.827,199.54,26.12,1440.6,1.762,2512.76,Normal
2026-01-09 21:00:00,P-101,65.34,4.757,213.26,29.14,1480.4,1.786,2512.78,Normal
2026-01-09 21:15:00,P-103,63.97,4.743,195.95,25.0,1431.5,1.951,2512.8,Normal
2026-01-09 21:30:00,P-103,61.72,4.768,185.41,24.27,1462.7,1.58,2512.81,Normal
2026-01-09 21:45:00,P-104,65.69,4.625,194.17,25.31,1473.0,1.816,2512.82,Normal
2026-01-09 22:00:00,P-102,64.52,4.474,197.3,26.15,1447.5,1.489,2512.84,Normal
2026-01-09 22:15:00,P-102,65.59,4.643,192.38,23.95,1451.1,1.714,2512.86,Normal
2026-01-09 22:30:00,P-104,59.34,4.578,174.48,21.77,1459.5,1.614,2512.87,Normal
2026-01-09 22:45:00,P-103,64.77,4.833,191.9,27.79,1443.3,2.112,2512.89,Normal
2026-01-09 23:00:00,P-101,62.78,4.68,179.57,24.34,1415.9,1.72,2512.9,Normal
2026-01-09 23:15:00,P-102,62.04,4.649,181.16,23.13,1445.5,1.557,2512.92,Normal
2026-01-09 23:30:00,P-101,61.29,4.622,194.17,23.68,1479.6,1.774,2512.93,Normal
2026-01-09 23:45:00,P-104,65.36,4.607,181.89,26.64,1460.2,2.065,2512.95,Normal
2026-01-10 00:00:00,P-102,66.39,,179.22,23.47,1451.4,1.389,2512.96,Normal
2026-01-10 00:15:00,P-103,60.64,4.75,186.47,26.38,1463.6,1.989,2512.98,Normal
2026-01-10 00:30:00,P-104,62.55,4.69,185.83,23.55,1447.4,1.789,2512.99,Normal
2026-01-10 00:45:00,P-102,55.32,4.714,188.97,24.68,1450.5,1.758,2513.0,Normal
2026-01-10 01:00:00,P-104,62.81,4.811,173.51,26.07,1442.2,1.715,2513.02,Normal
2026-01-10 01:15:00,P-102,57.57,4.654,188.11,25.86,1458.6,2.065,2513.04,Normal
2026-01-10 01:30:00,P-102,60.69,4.874,190.27,26.17,1440.3,1.96,2513.05,Normal
2026-01-10 01:45:00,P-104,57.68,4.881,177.96,23.86,1444.3,1.571,2513.06,Normal
2026-01-10 02:00:00,P-101,61.54,4.808,201.97,27.23,1465.8,1.872,2513.08,Normal
2026-01-10 02:15:00,P-103,63.16,4.811,197.26,25.61,1446.5,2.058,2513.09,Normal
2026-01-10 02:30:00,P-101,55.38,4.474,178.35,23.35,1460.2,1.82,2513.11,Normal
2026-01-10 02:45:00,P-103,58.53,4.698,174.28,22.8,1461.7,1.774,2513.12,Normal
2026-01-10 03:00:00,P-102,59.87,4.913,191.48,25.72,1448.6,1.617,2513.14,Normal
2026-01-10 03:15:00,P-104,64.23,4.713,194.33,25.12,1443.7,2.264,2513.16,Normal
2026-01-10 03:30:00,P-102,61.77,4.867,194.04,26.3,1426.2,1.994,2513.17,Normal
2026-01-10 03:45:00,P-101,58.26,4.851,198.24,26.59,1430.3,2.199,2513.18,Normal
2026-01-10 04:00:00,P-104,60.02,4.902,204.53,29.84,1461.0,1.958,2513.2,Normal
2026-01-10 04:15:00,P-103,65.12,5.033,201.45,30.26,1460.6,1.954,2513.22,Normal
2026-01-10 04:30:00,P-103,61.41,4.829,189.82,25.96,1432.2,1.728,2513.23,Normal
2026-01-10 04:45:00,P-101,57.78,4.761,194.46,25.8,1457.1,2.027,2513.24,Normal
2026-01-10 05:00:00,P-102,59.31,4.902,204.65,27.46,1453.9,2.137,2513.26,Normal
2026-01-10 05:15:00,P-101,60.66,5.077,214.03,31.53,1466.8,2.15,2513.28,Normal
2026-01-10 05:30:00,P-104,60.9,4.98,219.27,32.03,1489.0,2.437,2513.29,Normal
2026-01-10 05:45:00,P-103,56.88,4.913,209.08,26.61,1460.3,1.966,2513.3,Normal
2026-01-10 06:00:00,P-102,57.36,4.533,191.1,26.79,1437.6,1.718,2513.32,Normal
2026-01-10 06:15:00,P-101,62.71,4.904,205.2,28.53,1463.4,1.936,2513.34,Normal
2026-01-10 06:30:00,P-103,59.69,5.077,210.78,31.61,1431.2,2.098,2513.35,Normal
2026-01-10 06:45:00,P-101,,4.942,218.87,29.43,1490.0,1.934,2513.36,Normal
2026-01-10 07:00:00,P-104,61.44,5.019,208.51,30.45,1427.9,1.994,2513.38,Normal
2026-01-10 07:15:00,P-101,66.54,5.034,216.49,31.87,1457.9,2.079,2513.4,Normal
2026-01-10 07:30:00,P-102,61.5,4.999,220.52,30.13,1450.0,2.119,2513.41,Normal
2026-01-10 07:45:00,P-103,65.25,5.212,234.32,32.62,1442.6,2.147,2513.43,Normal
2026-01-10 08:00:00,P-101,60.13,4.95,231.05,31.51,1441.4,2.067,2513.44,Normal
2026-01-10 08:15:00,P-104,60.86,5.014,209.85,29.14,1474.5,2.143,2513.46,Normal
2026-01-10 08:30:00,P-103,62.83,5.069,231.1,31.94,1460.2,2.257,2513.47,Normal
2026-01-10 08:45:00,P-103,59.45,5.081,215.51,31.38,1447.3,1.917,2513.48,Normal
2026-01-10 09:00:00,P-101,62.61,5.225,234.16,34.47,1481.2,1.8,2513.5,Normal
2026-01-10 09:15:00,P-103,64.94,5.13,240.37,35.11,1447.9,1.935,2513.52,Normal
2026-01-10 09:30:00,P-104,61.18,5.175,235.05,33.95,1463.2,2.197,2513.53,Normal
2026-01-10 09:45:00,P-102,64.68,5.311,237.91,36.64,1425.9,2.093,2513.54,Normal
2026-01-10 10:00:00,P-104,64.44,5.285,236.22,34.51,1426.8,2.146,2513.56,Normal
2026-01-10 10:15:00,P-101,63.67,5.345,258.97,37.32,1462.8,2.255,2513.57,Normal
2026-01-10 10:30:00,P-103,66.02,5.275,234.57,33.53,1455.5,2.145,2513.59,Normal
2026-01-10 10:45:00,P-104,63.01,5.026,217.06,32.18,1488.6,2.162,2513.6,Normal
2026-01-10 11:00:00,P-103,63.89,5.335,235.98,35.2,1437.3,2.372,2513.62,Normal
2026-01-10 11:15:00,P-101,58.98,5.262,229.99,32.69,1462.2,2.089,2513.64,Normal
2026-01-10 11:30:00,P-102,63.05,5.3,235.57,31.6,1445.6,1.926,2513.65,Normal
2026-01-10 11:45:00,P-103,65.9,5.452,231.37,35.08,1465.3,2.239,2513.66,Normal
2026-01-10 12:00:00,P-101,69.24,5.325,237.74,35.66,1463.8,2.322,2513.68,Normal
2026-01-10 12:15:00,P-102,65.76,5.332,237.3,33.77,1449.5,1.717,2513.7,Normal
2026-01-10 12:30:00,P-103,68.6,5.521,252.44,35.87,1436.7,2.088,2513.71,Normal
2026-01-10 12:45:00,P-102,63.77,5.204,248.23,37.26,1443.9,2.231,2513.72,Normal
2026-01-10 13:00:00,P-102,66.55,5.288,253.75,35.14,1430.0,2.154,2513.74,Normal
2026-01-10 13:15:00,P-103,68.83,5.094,242.33,35.87,1456.6,2.206,2513.76,Normal
2026-01-10 13:30:00,P-103,65.08,5.469,251.18,38.87,1399.4,2.116,2513.77,Normal
2026-01-10 13:45:00,P-101,66.36,4.862,219.66,30.28,1439.5,2.197,2513.78,Normal
2026-01-10 14:00:00,P-101,67.37,4.962,233.46,33.55,1466.3,2.126,2513.8,Normal
2026-01-10 14:15:00,P-103,65.97,4.985,219.57,32.07,1465.8,1.754,2513.82,Normal
2026-01-10 14:30:00,P-104,65.62,4.986,236.48,33.58,1421.0,2.262,2513.83,Normal
2026-01-10 14:45:00,P-102,63.63,5.154,219.88,31.23,1460.5,2.224,2513.84,Normal
2026-01-10 15:00:00,P-102,70.14,5.016,231.99,35.31,1429.5,2.091,2513.86,Normal
2026-01-10 15:15:00,P-101,69.53,5.115,241.9,36.69,1443.2,1.881,2513.88,Normal
2026-01-10 15:30:00,P-101,67.09,5.114,227.77,31.61,1463.8,2.242,2513.89,Normal
2026-01-10 15:45:00,P-102,65.99,5.159,224.65,32.2,1432.4,1.921,2513.91,Normal
2026-01-10 16:00:00,P-104,66.42,4.86,220.19,31.84,1475.7,1.991,2513.92,Normal
2026-01-10 16:15:00,P-104,66.99,5.011,225.66,29.39,1454.6,1.961,2513.94,Normal
2026-01-10 16:30:00,P-104,67.44,5.065,225.54,32.84,1458.3,1.79,2513.95,Normal
2026-01-10 16:45:00,P-102,68.56,5.054,229.37,31.39,1469.4,2.066,2513.96,Normal
2026-01-10 17:00:00,P-101,65.85,5.105,222.52,33.37,1466.0,2.133,2513.98,Normal
2026-01-10 17:15:00,P-104,64.74,5.312,223.16,33.92,1464.5,2.134,2514.0,Normal
2026-01-10 17:30:00,P-101,66.9,5.291,213.16,31.98,1438.2,1.984,2514.01,Normal
2026-01-10 17:45:00,P-101,63.06,5.003,213.4,31.56,1430.0,1.893,2514.02,Normal
2026-01-10 18:00:00,P-104,64.55,4.708,210.59,28.73,1444.9,2.175,2514.04,Normal
2026-01-10 18:15:00,P-101,65.01,4.916,216.61,30.44,1458.5,1.996,2514.05,Normal
2026-01-10 18:30:00,P-103,68.05,5.043,211.79,30.18,1426.9,1.845,2514.07,Normal
2026-01-10 18:45:00,P-104,71.16,4.989,223.12,32.72,1460.5,2.076,2514.08,Normal
2026-01-10 19:00:00,P-104,61.81,4.992,213.99,29.19,1456.7,2.012,2514.1,Normal
2026-01-10 19:15:00,P-101,71.58,5.228,203.46,29.52,1446.7,2.086,2514.11,Normal
2026-01-10 19:30:00,P-101,65.57,4.705,201.68,27.61,1451.1,1.935,2514.13,Normal
2026-01-10 19:45:00,P-101,67.34,4.898,202.91,29.23,1451.2,1.86,2514.14,Normal
2026-01-10 20:00:00,P-102,62.5,5.046,201.83,28.23,1457.9,1.661,2514.16,Normal
2026-01-10 20:15:00,P-104,67.07,4.725,195.65,26.6,1463.4,1.763,2514.18,Normal
2026-01-10 20:30:00,P-101,65.42,4.931,200.03,29.5,1501.7,1.592,2514.19,Normal
2026-01-10 20:45:00,P-101,62.09,4.604,161.62,21.74,1453.0,1.74,2514.2,Normal
2026-01-10 21:00:00,P-102,60.77,4.962,190.77,27.74,1438.4,1.587,2514.22,Normal
2026-01-10 21:15:00,P-103,61.39,4.668,164.84,19.46,1415.7,1.562,2514.24,Normal
2026-01-10 21:30:00,P-102,64.64,4.641,181.51,25.99,1424.7,1.865,2514.25,Normal
2026-01-10 21:45:00,P-101,64.03,4.577,185.3,25.02,1436.4,1.814,2514.26,Normal
2026-01-10 22:00:00,P-104,66.97,4.695,188.35,28.82,1462.4,1.842,2514.28,Normal
2026-01-10 22:15:00,P-104,65.22,4.886,185.57,23.57,1442.9,1.829,2514.3,Normal
2026-01-10 22:30:00,P-102,61.53,4.487,177.39,21.6,1457.3,1.863,2514.31,Normal
2026-01-10 22:45:00,P-103,68.14,4.897,200.05,28.96,1436.8,2.079,2514.32,Normal
2026-01-10 23:00:00,P-102,62.88,4.364,177.75,24.53,1458.2,1.878,2514.34,Normal
2026-01-10 23:15:00,P-102,65.16,4.745,210.64,28.01,1465.7,2.002,2514.36,Normal
2026-01-10 23:30:00,P-104,63.07,4.809,177.61,25.81,1442.8,1.448,2514.37,Normal
2026-01-10 23:45:00,P-102,63.19,4.742,189.4,26.42,1457.8,1.868,2514.39,Normal
2026-01-11 00:00:00,P-104,58.17,4.8,205.54,27.98,1442.1,2.196,2514.4,Normal
2026-01-11 00:15:00,P-102,62.04,,191.68,26.57,1427.8,1.925,2514.42,Normal
2026-01-11 00:30:00,P-101,58.27,4.373,177.12,23.86,1460.0,1.916,2514.43,Normal
2026-01-11 00:45:00,P-102,65.5,4.779,183.58,25.7,1457.4,1.676,2514.45,Normal
2026-01-11 01:00:00,P-102,65.33,4.672,186.89,24.47,1460.7,1.792,2514.46,Normal
2026-01-11 01:15:00,P-104,62.37,4.409,171.11,24.14,1467.2,1.829,2514.48,Normal
2026-01-11 01:30:00,P-103,60.84,4.701,186.77,24.34,1445.5,1.878,2514.49,Normal
2026-01-11 01:45:00,P-102,58.59,4.731,183.51,23.01,1446.8,1.916,2514.5,Normal
2026-01-11 02:00:00,P-101,60.75,4.795,196.35,26.78,1444.9,1.675,2514.52,Normal
2026-01-11 02:15:00,P-101,65.56,4.763,196.96,25.49,1456.2,1.69,2514.54,Normal
2026-01-11 02:30:00,P-102,59.39,4.735,184.93,26.62,1447.5,1.587,2514.55,Normal
2026-01-11 02:45:00,P-102,55.81,4.673,184.24,24.22,1452.3,1.885,2514.56,Normal
2026-01-11 03:00:00,P-101,63.48,4.806,193.96,27.99,1437.0,1.832,2514.58,Normal
2026-01-11 03:15:00,P-102,64.81,4.936,201.64,26.76,1431.5,1.863,2514.59,Normal
2026-01-11 03:30:00,P-101,63.66,4.84,188.4,22.3,1433.6,1.688,2514.61,Normal
2026-01-11 03:45:00,P-102,62.22,4.821,189.15,23.99,1457.5,1.666,2514.62,Normal
2026-01-11 04:00:00,P-104,64.49,4.853,203.36,28.67,1449.2,1.957,2514.64,Normal
2026-01-11 04:15:00,P-102,60.58,4.89,192.99,27.46,1441.1,2.075,2514.66,Normal
2026-01-11 04:30:00,P-101,55.0,4.795,188.65,25.5,1461.9,2.108,2514.67,Normal
2026-01-11 04:45:00,P-101,61.31,4.838,205.12,27.39,1476.2,2.232,2514.68,Normal
2026-01-11 05:00:00,P-101,62.66,4.886,215.16,28.24,1441.1,1.877,2514.7,Normal
2026-01-11 05:15:00,P-104,59.24,4.861,196.11,24.91,1430.5,1.64,2514.72,Normal
2026-01-11 05:30:00,P-104,60.78,5.121,208.25,29.73,1467.0,2.129,2514.73,Normal
2026-01-11 05:45:00,P-101,59.57,,222.17,30.45,1450.3,2.242,2514.74,Normal
2026-01-11 06:00:00,P-102,59.24,5.201,217.57,31.03,1446.7,,2514.76,Normal
2026-01-11 06:15:00,P-101,65.8,5.184,212.29,28.91,1468.3,2.026,2514.78,Normal
2026-01-11 06:30:00,P-101,64.14,4.903,187.69,27.42,1445.3,1.806,2514.79,Normal
2026-01-11 06:45:00,P-104,61.68,5.024,213.18,33.62,1457.1,2.144,2514.8,Normal
2026-01-11 07:00:00,P-102,61.85,5.059,219.13,31.22,1452.9,2.112,2514.82,Normal
2026-01-11 07:15:00,P-102,59.03,4.936,220.68,30.11,1508.4,2.06,2514.84,Normal
2026-01-11 07:30:00,P-104,63.96,5.13,220.6,31.85,1447.6,1.902,2514.85,Normal
2026-01-11 07:45:00,P-102,67.1,5.046,238.69,35.71,1466.9,1.97,2514.86,Normal
2026-01-11 08:00:00,P-104,60.3,5.058,242.53,37.07,1445.5,2.161,2514.88,Normal
2026-01-11 08:15:00,P-103,64.41,5.518,243.82,33.31,1458.1,2.346,2514.9,Normal
2026-01-11 08:30:00,P-101,63.46,5.132,231.16,31.25,1446.5,2.247,2514.91,Normal
2026-01-11 08:45:00,P-103,64.02,5.204,238.24,33.9,1464.3,2.048,2514.93,Normal
2026-01-11 09:00:00,P-102,67.02,5.226,238.52,34.97,1448.3,1.824,2514.94,Normal
2026-01-11 09:15:00,P-102,67.48,5.085,234.13,34.22,1459.1,2.363,2514.96,Normal
2026-01-11 09:30:00,P-103,62.67,5.159,231.28,36.09,1436.4,2.354,2514.97,Normal
2026-01-11 09:45:00,P-104,65.48,5.28,243.73,34.11,1435.7,2.201,2514.98,Normal
2026-01-11 10:00:00,P-103,63.57,,226.53,33.97,1416.1,2.055,2515.0,Normal
2026-01-11 10:15:00,P-104,61.58,5.056,227.74,33.8,1456.6,2.042,2515.02,Normal
2026-01-11 10:30:00,P-102,64.04,5.24,234.4,34.46,1438.3,2.289,2515.03,Normal
2026-01-11 10:45:00,P-102,66.05,5.305,247.96,34.77,1489.5,2.285,2515.04,Normal
2026-01-11 11:00:00,P-104,64.67,5.278,233.79,33.82,1441.5,2.077,2515.06,Normal
2026-01-11 11:15:00,P-101,62.74,5.35,244.16,34.66,1472.4,2.573,2515.07,Normal
2026-01-11 11:30:00,P-101,64.13,5.278,241.33,37.89,1470.6,1.923,2515.09,Normal
2026-01-11 11:45:00,P-102,63.39,5.185,238.79,32.89,1445.6,2.029,2515.1,Normal
2026-01-11 12:00:00,P-101,63.73,5.486,239.23,35.66,1436.7,2.101,2515.12,Normal
2026-01-11 12:15:00,P-101,66.1,5.16,243.7,36.3,1447.6,2.201,2515.14,Normal
2026-01-11 12:30:00,P-103,65.04,4.902,226.12,31.25,1470.4,2.288,2515.15,Normal
2026-01-11 12:45:00,P-102,68.84,5.431,242.5,37.48,1491.1,2.392,2515.16,Normal
2026-01-11 13:00:00,P-101,63.19,5.11,231.26,31.4,1427.8,2.147,2515.18,Normal
2026-01-11 13:15:00,P-102,62.91,4.947,228.64,31.86,1450.3,1.812,2515.2,Normal
2026-01-11 13:30:00,P-104,68.28,5.232,221.4,32.6,1439.1,2.256,2515.21,Normal
2026-01-11 13:45:00,P-102,64.64,5.103,218.6,32.64,1443.5,1.876,2515.22,Normal
2026-01-11 14:00:00,P-102,66.15,5.057,236.11,33.07,1480.7,2.067,2515.24,Normal
2026-01-11 14:15:00,P-101,65.51,5.402,222.18,33.65,1436.1,2.1,2515.26,Normal
2026-01-11 14:30:00,P-102,68.42,4.961,236.92,33.03,1421.1,1.957,2515.27,Normal
2026-01-11 14:45:00,P-103,69.45,5.218,243.66,36.06,1453.6,2.004,2515.28,Normal
2026-01-11 15:00:00,P-102,69.14,4.965,237.75,34.55,1456.8,2.287,2515.3,Normal
2026-01-11 15:15:00,P-103,66.79,5.209,231.12,31.76,1442.4,2.379,2515.32,Normal
2026-01-11 15:30:00,P-102,64.94,5.094,239.02,32.4,1437.7,2.101,2515.33,Normal
2026-01-11 15:45:00,P-103,71.32,5.274,237.81,32.74,1452.9,1.797,2515.34,Normal
2026-01-11 16:00:00,P-104,66.54,4.913,204.57,28.92,1425.7,1.994,2515.36,Normal
2026-01-11 16:15:00,P-104,,5.219,227.38,31.05,1457.6,1.912,2515.38,Normal
2026-01-11 16:30:00,P-104,67.73,4.826,199.18,27.82,1443.7,1.983,2515.39,Normal
2026-01-11 16:45:00,P-101,65.4,4.867,219.52,34.7,1475.0,2.093,2515.41,Normal
2026-01-11 17:00:00,P-102,69.62,5.068,209.65,30.33,1455.7,1.688,2515.42,Normal
2026-01-11 17:15:00,P-101,70.68,5.086,226.43,34.04,1447.2,2.008,2515.44,Normal
2026-01-11 17:30:00,P-103,65.47,4.894,223.81,32.11,1445.9,2.186,2515.45,Normal
2026-01-11 17:45:00,P-102,67.83,4.879,213.28,27.72,1415.2,1.987,2515.46,Normal
2026-01-11 18:00:00,P-101,67.57,4.837,207.29,29.1,1447.8,1.753,2515.48,Normal
2026-01-11 18:15:00,P-102,72.4,5.183,211.74,31.49,1446.3,2.115,2515.5,Normal
2026-01-11 18:30:00,P-103,64.01,4.972,204.87,28.97,1450.9,1.625,2515.51,Normal
2026-01-11 18:45:00,P-101,69.16,4.875,213.83,29.04,1446.6,1.987,2515.52,Normal
2026-01-11 19:00:00,P-102,66.82,5.045,208.67,30.05,1475.7,1.896,2515.54,Normal
2026-01-11 19:15:00,P-102,62.54,4.588,204.01,26.67,1445.2,1.967,2515.55,Normal
2026-01-11 19:30:00,P-103,66.1,4.871,210.5,30.2,1434.8,1.918,2515.57,Normal
2026-01-11 19:45:00,P-101,66.11,4.96,208.76,28.12,1420.0,2.029,2515.58,Normal
2026-01-11 20:00:00,P-102,62.16,4.769,191.84,25.06,1442.0,2.078,2515.6,Normal
2026-01-11 20:15:00,P-103,66.76,4.843,202.95,29.06,1431.2,2.063,2515.61,Normal
2026-01-11 20:30:00,P-103,67.77,4.864,205.17,27.52,1426.6,2.034,2515.63,Normal
2026-01-11 20:45:00,P-102,65.48,4.842,199.37,28.25,1444.4,1.972,2515.64,Normal
2026-01-11 21:00:00,P-103,62.81,4.709,184.46,25.74,1470.5,1.498,2515.66,Normal
2026-01-11 21:15:00,P-103,63.41,4.793,179.86,23.89,1466.8,1.808,2515.68,Normal
2026-01-11 21:30:00,P-102,63.84,4.746,188.61,23.75,1426.9,1.853,2515.69,Normal
2026-01-11 21:45:00,P-103,65.11,4.856,199.92,25.91,1450.7,1.962,2515.7,Normal
2026-01-11 22:00:00,P-101,65.54,4.856,187.96,26.98,1457.6,1.752,2515.72,Normal
2026-01-11 22:15:00,P-102,64.76,4.867,199.68,25.85,1460.5,1.974,2515.74,Normal
2026-01-11 22:30:00,P-101,59.38,4.818,181.0,24.41,1478.9,1.567,2515.75,Normal
2026-01-11 22:45:00,P-104,61.98,4.615,185.81,23.37,1428.9,2.156,2515.76,Normal
2026-01-11 23:00:00,P-102,63.68,4.528,189.24,24.02,1434.1,1.913,2515.78,Normal
2026-01-11 23:15:00,P-101,67.7,4.908,201.93,28.65,1438.1,1.785,2515.8,Normal
2026-01-11 23:30:00,P-103,64.47,4.551,172.94,25.05,1456.6,1.963,2515.81,Normal
2026-01-11 23:45:00,P-103,67.9,5.008,199.43,25.71,1401.0,1.688,2515.82,Normal
2026-01-12 00:00:00,P-104,62.92,4.578,187.4,24.47,1445.9,1.811,2515.84,Normal
2026-01-12 00:15:00,P-103,64.38,4.728,191.41,26.71,1417.9,1.846,2515.86,Normal
2026-01-12 00:30:00,P-104,59.08,4.762,181.81,27.13,1450.0,1.735,2515.87,Normal
2026-01-12 00:45:00,P-101,63.36,4.757,185.89,26.28,1487.3,1.808,2515.89,Normal
2026-01-12 01:00:00,P-102,59.36,4.675,190.95,25.73,1466.2,1.808,2515.9,Normal
2026-01-12 01:15:00,P-101,62.9,4.888,196.64,26.4,1427.9,1.704,2515.92,Normal
2026-01-12 01:30:00,P-102,67.85,4.809,182.24,23.07,1442.5,1.836,2515.93,Normal
2026-01-12 01:45:00,P-101,63.16,5.014,199.87,25.83,1434.0,1.887,2515.95,Normal
2026-01-12 02:00:00,P-102,58.88,4.682,180.84,23.59,1473.3,2.135,2515.96,Normal
2026-01-12 02:15:00,P-103,62.1,4.642,196.71,25.94,1410.4,2.094,2515.98,Normal
2026-01-12 02:30:00,P-102,59.06,4.843,177.49,22.86,1442.1,1.641,2515.99,Normal
2026-01-12 02:45:00,P-102,59.38,4.679,197.4,27.13,1437.5,1.847,2516.0,Normal
2026-01-12 03:00:00,P-103,66.94,5.124,202.93,28.22,1428.9,1.815,2516.02,Normal
2026-01-12 03:15:00,P-104,63.23,4.946,196.07,25.76,1479.9,1.811,2516.04,Normal
2026-01-12 03:30:00,P-101,61.49,4.967,193.07,27.55,1421.8,2.013,2516.05,Normal
2026-01-12 03:45:00,P-103,59.01,4.802,189.19,24.18,1428.5,1.795,2516.06,Normal
2026-01-12 04:00:00,P-104,59.96,4.561,204.09,28.66,1478.7,1.786,2516.08,Normal
2026-01-12 04:15:00,P-101,62.8,4.583,184.73,26.12,1448.2,1.914,2516.09,Normal
2026-01-12 04:30:00,P-102,60.69,4.821,191.77,25.24,1446.8,1.508,2516.11,Normal
2026-01-12 04:45:00,P-102,54.28,4.823,204.59,29.94,1438.7,1.866,2516.12,Normal
2026-01-12 05:00:00,P-104,67.39,4.981,224.1,29.23,1450.0,2.259,2516.14,Normal
2026-01-12 05:15:00,P-101,63.85,5.244,230.15,34.93,1442.3,2.369,2516.16,Normal
2026-01-12 05:30:00,P-104,61.2,4.862,210.35,28.51,1436.8,2.156,2516.17,Normal
2026-01-12 05:45:00,P-103,64.71,4.935,221.59,29.82,1424.8,1.833,2516.18,Normal
2026-01-12 06:00:00,P-101,62.35,5.098,220.21,28.52,1450.7,1.772,2516.2,Normal
2026-01-12 06:15:00,P-104,62.69,5.036,214.66,29.27,1439.3,1.894,2516.22,Normal
2026-01-12 06:30:00,P-104,60.74,5.014,221.82,32.07,1441.6,2.032,2516.23,Normal
2026-01-12 06:45:00,P-103,58.74,5.114,210.41,30.53,1461.9,1.887,2516.24,Normal
2026-01-12 07:00:00,P-102,62.22,5.061,211.65,30.9,1440.9,1.731,2516.26,Normal
2026-01-12 07:15:00,P-102,64.41,5.18,222.19,45.32,1448.0,6.071,2516.28,Normal
2026-01-12 07:30:00,P-104,59.08,4.966,215.48,26.88,1480.1,2.102,2516.29,Normal
2026-01-12 07:45:00,P-101,58.91,5.109,222.57,30.32,1456.9,1.861,2516.3,Normal
2026-01-12 08:00:00,P-102,65.32,4.939,222.58,34.87,1440.3,2.237,2516.32,Normal
2026-01-12 08:15:00,P-104,60.95,5.15,226.15,32.92,1430.3,2.233,2516.34,Normal
2026-01-12 08:30:00,P-104,60.93,5.033,217.28,31.2,1447.6,1.625,2516.35,Normal
2026-01-12 08:45:00,P-101,61.72,5.046,224.94,31.92,1464.2,2.215,2516.36,Normal
2026-01-12 09:00:00,P-104,63.28,5.371,233.8,33.28,1439.4,2.144,2516.38,Normal
2026-01-12 09:15:00,P-103,59.59,5.296,234.26,32.39,1449.2,1.674,2516.4,Normal
2026-01-12 09:30:00,P-104,61.29,4.884,223.15,35.25,1438.9,2.267,2516.41,Normal
2026-01-12 09:45:00,P-101,64.86,5.391,243.11,35.89,1442.7,2.218,2516.43,Normal
2026-01-12 10:00:00,P-104,65.35,5.417,250.87,37.88,1427.0,1.943,2516.44,Normal
2026-01-12 10:15:00,P-102,66.62,5.17,244.17,36.06,1453.8,2.243,2516.46,Normal
2026-01-12 10:30:00,P-102,68.74,5.207,246.61,36.2,1451.5,2.237,2516.47,Normal
2026-01-12 10:45:00,P-101,68.45,5.147,248.19,35.51,1475.5,2.322,2516.48,Normal
2026-01-12 11:00:00,P-103,67.22,5.292,244.77,37.15,1450.8,1.874,2516.5,Normal
2026-01-12 11:15:00,P-101,64.6,5.269,238.75,34.4,1436.0,2.139,2516.52,Normal
2026-01-12 11:30:00,P-102,63.72,5.387,244.42,36.45,1475.0,2.018,2516.53,Normal
2026-01-12 11:45:00,P-101,65.23,5.319,235.98,34.37,1455.4,2.161,2516.54,Normal
2026-01-12 12:00:00,P-103,65.2,5.014,228.54,32.31,1452.2,1.788,2516.56,Normal
2026-01-12 12:15:00,P-103,67.51,5.331,237.35,35.41,1448.6,2.001,2516.57,Normal
2026-01-12 12:30:00,P-103,65.38,5.085,225.4,34.03,1451.5,2.354,2516.59,Normal
2026-01-12 12:45:00,P-102,64.4,5.051,224.7,30.33,1433.2,2.318,2516.6,Normal
2026-01-12 13:00:00,P-104,68.44,5.157,244.91,39.64,1447.2,2.407,2516.62,Normal
2026-01-12 13:15:00,P-103,69.2,5.376,239.24,34.95,1444.8,2.466,2516.64,Normal
2026-01-12 13:30:00,P-101,69.08,5.407,243.4,36.79,1455.1,1.899,2516.65,Normal
2026-01-12 13:45:00,P-101,65.61,5.255,231.77,34.21,1468.8,2.115,2516.66,Normal
2026-01-12 14:00:00,P-101,63.17,5.013,212.06,32.46,1466.1,2.111,2516.68,Normal
2026-01-12 14:15:00,P-104,64.04,5.193,221.83,34.45,1457.9,2.046,2516.7,Normal
2026-01-12 14:30:00,P-102,64.83,5.028,236.75,34.56,1417.7,1.794,2516.71,Normal
2026-01-12 14:45:00,P-101,66.95,5.062,232.25,36.02,1440.9,2.279,2516.72,Normal
2026-01-12 15:00:00,P-102,68.55,5.267,235.49,36.04,1415.9,2.287,2516.74,Normal
2026-01-12 15:15:00,P-104,63.01,5.147,230.46,32.21,1468.2,1.965,2516.76,Normal
2026-01-12 15:30:00,P-104,65.7,4.971,227.03,32.64,1446.6,2.263,2516.77,Normal
2026-01-12 15:45:00,P-102,66.17,4.904,214.95,30.09,1446.1,2.043,2516.78,Normal
2026-01-12 16:00:00,P-102,64.98,5.102,224.42,34.47,1436.4,2.211,2516.8,Normal
2026-01-12 16:15:00,P-102,67.52,5.205,232.76,33.98,1471.5,1.895,2516.82,Normal
2026-01-12 16:30:00,P-102,65.21,4.908,216.71,31.53,1450.6,2.047,2516.83,Normal
2026-01-12 16:45:00,P-103,64.74,5.052,219.24,27.07,1446.7,2.069,2516.84,Normal
2026-01-12 17:00:00,P-103,66.47,5.053,219.47,27.95,1451.0,1.974,2516.86,Normal
2026-01-12 17:15:00,P-103,67.1,,205.59,30.18,1452.4,1.518,2516.88,Normal
2026-01-12 17:30:00,P-104,66.16,5.197,227.12,33.08,1446.3,2.141,2516.89,Normal
2026-01-12 17:45:00,P-103,65.75,4.817,215.33,29.86,1471.4,2.029,2516.91,Normal
2026-01-12 18:00:00,P-103,67.11,4.869,210.22,30.79,1471.3,1.795,2516.92,Normal
2026-01-12 18:15:00,P-102,62.65,4.936,204.35,27.51,1450.4,1.945,2516.94,Normal
2026-01-12 18:30:00,P-101,61.67,5.035,198.97,27.84,1434.7,1.947,2516.95,Normal
2026-01-12 18:45:00,P-102,62.4,4.995,209.97,26.49,1454.6,2.003,2516.96,Normal
2026-01-12 19:00:00,P-103,64.36,4.97,204.22,25.88,1438.0,1.824,2516.98,Normal
2026-01-12 19:15:00,P-101,64.12,4.788,216.41,30.44,1474.4,1.697,2517.0,Normal
2026-01-12 19:30:00,P-102,64.73,4.738,203.04,28.09,1477.0,1.598,2517.01,Normal
2026-01-12 19:45:00,P-101,70.32,4.929,210.48,28.16,1461.7,2.101,2517.02,Normal
2026-01-12 20:00:00,P-102,62.37,5.13,190.52,28.18,1427.8,1.697,2517.04,Normal
2026-01-12 20:15:00,P-103,64.61,4.786,200.55,24.99,1440.3,1.739,2517.05,Normal
2026-01-12 20:30:00,P-102,69.64,4.887,198.59,23.46,1445.1,2.016,2517.07,Normal
2026-01-12 20:45:00,P-103,65.76,4.838,198.89,25.51,1433.6,1.477,2517.08,Normal
2026-01-12 21:00:00,P-103,65.43,4.977,209.24,30.68,1443.3,1.667,2517.1,Normal
2026-01-12 21:15:00,P-102,62.08,4.555,179.36,24.51,1452.9,1.848,2517.11,Normal
2026-01-12 21:30:00,P-102,63.47,4.432,171.77,21.05,1458.2,1.732,2517.13,Normal
2026-01-12 21:45:00,P-104,67.39,4.372,194.53,23.12,1471.9,1.439,2517.14,Normal
2026-01-12 22:00:00,P-103,62.81,4.891,186.0,26.54,1448.4,1.746,2517.16,Normal
2026-01-12 22:15:00,P-104,62.73,4.716,195.21,25.99,1443.4,1.892,2517.18,Normal
2026-01-12 22:30:00,P-102,60.98,4.539,196.69,27.7,1425.6,1.644,2517.19,Normal
2026-01-12 22:45:00,P-103,63.28,4.732,183.07,25.56,1455.0,1.526,2517.2,Normal
2026-01-12 23:00:00,P-102,61.04,4.851,200.5,27.81,1440.6,1.563,2517.22,Normal
2026-01-12 23:15:00,P-104,62.94,4.89,194.76,25.67,1445.0,2.018,2517.24,Normal
2026-01-12 23:30:00,P-104,61.02,4.853,189.82,25.85,1438.6,2.0,2517.25,Normal
2026-01-12 23:45:00,P-102,65.9,4.677,194.59,28.89,1439.1,1.994,2517.26,Normal
2026-01-13 00:00:00,P-101,61.63,4.62,186.87,25.58,1461.7,2.038,2517.28,Normal
2026-01-13 00:15:00,P-102,62.7,4.612,194.18,24.12,1447.8,1.997,2517.3,Normal
2026-01-13 00:30:00,P-101,59.27,4.864,189.27,25.57,1476.9,1.571,2517.31,Normal
2026-01-13 00:45:00,P-101,62.41,4.463,177.46,23.33,1428.7,1.99,2517.32,Normal
2026-01-13 01:00:00,P-101,59.22,4.725,184.34,23.84,1471.3,1.826,2517.34,Normal
2026-01-13 01:15:00,P-101,62.12,4.959,201.62,26.43,1439.9,2.24,2517.36,Normal
2026-01-13 01:30:00,P-103,64.26,4.607,167.28,19.79,1447.8,2.276,2517.37,Normal
2026-01-13 01:45:00,P-104,62.25,4.685,183.45,21.51,1457.7,1.698,2517.39,Normal
2026-01-13 02:00:00,P-101,60.01,4.757,185.93,20.9,1467.3,1.698,2517.4,Normal
2026-01-13 02:15:00,P-103,67.97,4.383,187.08,24.27,1468.0,1.739,2517.42,Normal
2026-01-13 02:30:00,P-103,58.92,4.926,182.1,26.36,1467.6,1.835,2517.43,Normal
2026-01-13 02:45:00,P-101,62.29,4.671,174.79,23.49,1445.0,1.796,2517.45,Normal
2026-01-13 03:00:00,P-103,56.76,4.851,186.46,24.47,1481.4,2.268,2517.46,Normal
2026-01-13 03:15:00,P-103,59.64,4.574,181.01,26.16,1459.9,1.835,2517.48,Normal
2026-01-13 03:30:00,P-104,60.15,4.816,215.62,32.74,1395.8,1.941,2517.49,Normal
2026-01-13 03:45:00,P-101,63.06,5.197,220.47,32.63,1449.9,1.99,2517.5,Normal
2026-01-13 04:00:00,P-101,60.6,4.687,198.19,26.83,1442.4,1.717,2517.52,Normal
2026-01-13 04:15:00,P-102,59.84,4.781,198.53,26.66,1443.6,1.577,2517.54,Normal
2026-01-13 04:30:00,P-103,62.21,4.827,188.09,25.57,1460.7,1.816,2517.55,Normal
2026-01-13 04:45:00,P-104,57.89,4.804,189.46,25.9,1454.8,2.228,2517.56,Normal
2026-01-13 05:00:00,P-103,61.49,5.019,203.59,28.06,1437.1,2.086,2517.58,Normal
2026-01-13 05:15:00,P-102,61.82,4.854,200.38,26.98,1476.3,1.799,2517.59,Normal
2026-01-13 05:30:00,P-101,57.63,4.801,211.95,28.81,1426.1,2.015,2517.61,Normal
2026-01-13 05:45:00,P-103,57.94,4.893,201.92,25.7,1424.9,2.325,2517.62,Normal
2026-01-13 06:00:00,P-103,60.53,4.988,206.61,25.66,1429.7,1.97,2517.64,Normal
2026-01-13 06:15:00,P-101,62.71,4.783,217.65,29.44,1457.3,1.84,2517.66,Normal
2026-01-13 06:30:00,P-104,64.74,5.208,215.94,41.33,1455.9,6.28,2517.67,Normal
2026-01-13 06:45:00,P-102,61.29,4.762,226.19,33.02,1434.7,2.156,2517.68,Normal
2026-01-13 07:00:00,P-103,59.62,5.045,203.33,29.93,1438.6,2.022,2517.7,Normal
2026-01-13 07:15:00,P-102,60.48,5.058,226.22,32.1,1449.2,2.351,2517.72,Normal
2026-01-13 07:30:00,P-102,61.76,5.086,221.3,29.3,1430.0,2.019,2517.73,Normal
2026-01-13 07:45:00,P-104,61.82,5.208,226.01,34.88,1463.7,1.676,2517.74,Normal
2026-01-13 08:00:00,P-103,61.44,5.1,217.83,30.84,1477.5,2.154,2517.76,Normal
2026-01-13 08:15:00,P-101,60.76,5.05,212.59,30.2,1446.1,2.07,2517.78,Normal
2026-01-13 08:30:00,P-102,63.3,5.096,231.67,34.2,1455.5,2.132,2517.79,Normal
2026-01-13 08:45:00,P-102,61.63,5.267,220.23,33.73,1451.2,1.968,2517.8,Normal
2026-01-13 09:00:00,P-104,61.56,5.478,235.32,33.91,1473.9,2.503,2517.82,Normal
2026-01-13 09:15:00,P-101,63.71,4.999,226.52,34.59,1484.2,1.911,2517.84,Normal
2026-01-13 09:30:00,P-102,57.79,4.939,243.68,36.41,1442.8,2.038,2517.85,Normal
2026-01-13 09:45:00,P-102,62.83,5.235,239.4,35.83,1449.9,2.149,2517.86,Normal
2026-01-13 10:00:00,P-101,60.68,5.123,236.37,35.4,1464.7,2.359,2517.88,Normal
2026-01-13 10:15:00,P-102,66.95,5.234,240.91,32.44,1455.5,2.433,2517.9,Normal
2026-01-13 10:30:00,P-103,64.58,5.282,256.12,38.18,1432.9,2.378,2517.91,Normal
2026-01-13 10:45:00,P-101,64.53,5.507,258.28,37.0,1416.7,2.429,2517.93,Normal
2026-01-13 11:00:00,P-103,62.97,4.955,226.18,32.19,1438.5,1.846,2517.94,Normal
2026-01-13 11:15:00,P-102,62.23,5.206,227.08,33.16,1455.2,1.795,2517.96,Normal
2026-01-13 11:30:00,P-104,65.0,5.448,250.92,36.49,1442.2,2.181,2517.97,Normal
2026-01-13 11:45:00,P-102,63.99,5.182,231.07,33.16,1430.3,2.256,2517.98,Normal
2026-01-13 12:00:00,P-102,62.78,5.179,220.32,32.92,1438.8,2.245,2518.0,Normal
2026-01-13 12:15:00,P-102,63.69,5.31,234.12,34.11,1482.2,1.974,2518.02,Normal
2026-01-13 12:30:00,P-101,63.38,5.282,238.99,35.54,1429.0,2.008,2518.03,Normal
2026-01-13 12:45:00,P-104,62.75,5.184,233.58,34.3,1443.6,2.361,2518.04,Normal
2026-01-13 13:00:00,P-102,65.08,5.231,227.33,33.3,1440.0,2.149,2518.06,Normal
2026-01-13 13:15:00,P-101,65.74,5.237,227.0,33.38,1484.5,1.737,2518.07,Normal
2026-01-13 13:30:00,P-101,62.02,5.262,235.52,31.97,1422.8,1.901,2518.09,Normal
2026-01-13 13:45:00,P-103,66.81,4.928,225.37,34.2,1435.2,2.176,2518.1,Normal
2026-01-13 14:00:00,P-102,69.77,5.387,258.23,37.95,1450.5,2.059,2518.12,Normal
2026-01-13 14:15:00,P-103,68.55,5.093,235.94,33.87,1452.3,1.97,2518.14,Normal
2026-01-13 14:30:00,P-101,67.69,5.331,233.54,35.66,1469.5,2.005,2518.15,Normal
2026-01-13 14:45:00,P-102,67.28,5.216,227.78,32.47,1467.6,2.243,2518.16,Normal
2026-01-13 15:00:00,P-102,71.03,5.111,222.28,34.38,1436.6,2.094,2518.18,Normal
2026-01-13 15:15:00,P-103,65.14,4.996,225.72,32.83,1455.0,2.358,2518.2,Normal
2026-01-13 15:30:00,P-103,61.8,4.967,204.4,28.47,1446.2,1.853,2518.21,Normal
2026-01-13 15:45:00,P-101,61.91,,218.91,31.28,1441.1,1.959,2518.22,Normal
2026-01-13 16:00:00,P-104,,5.113,216.86,29.46,1467.6,2.022,2518.24,Normal
2026-01-13 16:15:00,P-104,68.43,5.1,195.96,26.82,1453.9,1.812,2518.26,Normal
2026-01-13 16:30:00,P-101,63.45,5.086,209.55,30.67,1478.0,1.689,2518.27,Normal
2026-01-13 16:45:00,P-104,66.14,5.204,225.09,31.21,1457.9,2.054,2518.28,Normal
2026-01-13 17:00:00,P-104,65.77,5.255,229.08,26.66,1466.0,1.889,2518.3,Normal
2026-01-13 17:15:00,P-103,70.34,5.168,225.52,33.63,1400.5,2.07,2518.32,Normal
2026-01-13 17:30:00,P-104,63.97,4.985,212.3,31.53,1450.9,1.92,2518.33,Normal
2026-01-13 17:45:00,P-104,62.75,4.977,231.53,31.74,1457.1,2.12,2518.34,Normal
2026-01-13 18:00:00,P-102,70.26,4.804,201.19,29.9,1458.8,1.863,2518.36,Normal
2026-01-13 18:15:00,P-104,67.37,4.999,206.84,30.18,1477.2,1.709,2518.38,Normal
2026-01-13 18:30:00,P-101,67.77,5.056,209.24,29.77,1460.5,1.888,2518.39,Normal
2026-01-13 18:45:00,P-101,65.04,4.696,203.38,28.78,1427.6,1.694,2518.41,Normal
2026-01-13 19:00:00,P-103,67.43,4.897,210.69,28.47,1459.1,2.313,2518.42,Normal
2026-01-13 19:15:00,P-104,62.95,4.96,204.79,28.75,1464.5,1.964,2518.44,Normal
2026-01-13 19:30:00,P-101,63.3,4.894,195.82,27.29,1438.4,1.998,2518.45,Normal
2026-01-13 19:45:00,P-104,64.72,4.746,192.31,26.23,1442.0,1.816,2518.46,Normal
2026-01-13 20:00:00,P-104,59.29,4.758,196.73,25.08,1463.6,2.149,2518.48,Normal
2026-01-13 20:15:00,P-102,64.61,,200.88,26.58,1449.5,1.658,2518.5,Normal
2026-01-13 20:30:00,P-104,64.52,4.726,197.07,25.95,1469.2,1.748,2518.51,Normal
2026-01-13 20:45:00,P-103,63.48,4.713,188.25,24.4,1452.8,2.014,2518.52,Normal
2026-01-13 21:00:00,P-103,63.5,4.843,198.82,28.56,1410.2,1.761,2518.54,Normal
2026-01-13 21:15:00,P-103,62.83,4.846,206.75,26.69,1450.5,1.744,2518.55,Normal
2026-01-13 21:30:00,P-103,60.88,4.71,192.19,27.11,1442.3,1.773,2518.57,Normal
2026-01-13 21:45:00,P-103,65.86,4.857,210.04,26.38,1460.6,2.271,2518.58,Normal
2026-01-13 22:00:00,P-104,64.45,5.033,199.79,30.65,1457.1,2.269,2518.6,Normal
2026-01-13 22:15:00,P-102,59.85,4.703,173.67,22.94,1432.6,1.832,2518.61,Normal
2026-01-13 22:30:00,P-102,65.24,4.853,194.16,26.53,1453.1,1.95,2518.63,Normal
2026-01-13 22:45:00,P-103,62.27,4.543,191.1,24.37,1459.2,1.919,2518.64,Normal
2026-01-13 23:00:00,P-102,63.14,4.718,204.23,25.68,1457.5,1.939,2518.66,Normal
2026-01-13 23:15:00,P-104,58.35,4.712,185.69,25.63,1467.1,1.839,2518.68,Normal
2026-01-13 23:30:00,P-104,63.98,4.698,183.25,22.61,1431.1,1.696,2518.69,Normal
2026-01-13 23:45:00,P-104,58.33,4.606,163.73,23.73,1446.7,1.581,2518.7,Normal
2026-01-14 00:00:00,P-104,62.48,4.731,189.89,25.87,1409.4,1.879,2518.72,Normal
2026-01-14 00:15:00,P-103,59.15,4.516,174.55,22.58,1470.8,1.732,2518.74,Normal
2026-01-14 00:30:00,P-102,62.19,4.728,187.93,24.52,1451.7,2.124,2518.75,Normal
2026-01-14 00:45:00,P-104,65.92,5.087,201.51,26.44,1448.0,1.848,2518.76,Normal
2026-01-14 01:00:00,P-102,62.32,4.571,174.82,24.04,1447.7,1.592,2518.78,Normal
2026-01-14 01:15:00,P-104,64.49,4.587,194.09,24.24,1458.6,1.565,2518.8,Normal
2026-01-14 01:30:00,P-104,61.67,4.459,177.99,23.0,1468.7,1.632,2518.81,Normal
2026-01-14 01:45:00,P-103,61.78,4.629,186.55,25.78,1444.8,1.522,2518.82,Normal
2026-01-14 02:00:00,P-104,58.14,4.919,193.94,26.98,1457.4,2.077,2518.84,Normal
2026-01-14 02:15:00,P-102,60.53,4.673,179.52,25.85,1457.2,1.752,2518.86,Normal
2026-01-14 02:30:00,P-101,,5.09,211.95,29.28,1410.4,1.803,2518.87,Normal
2026-01-14 02:45:00,P-103,63.34,4.723,194.92,25.2,1437.3,1.902,2518.89,Normal
2026-01-14 03:00:00,P-102,60.8,5.002,200.38,27.82,1457.8,2.264,2518.9,Normal
2026-01-14 03:15:00,P-104,61.63,4.71,198.11,27.25,1472.2,1.79,2518.92,Normal
2026-01-14 03:30:00,P-103,62.12,4.788,205.94,29.0,1474.5,1.714,2518.93,Normal
2026-01-14 03:45:00,P-101,63.02,4.791,197.16,26.94,1428.0,1.782,2518.95,Normal
2026-01-14 04:00:00,P-103,60.51,4.888,208.09,28.97,1468.0,1.552,2518.96,Normal
2026-01-14 04:15:00,P-103,62.56,4.819,202.43,27.41,1468.6,1.986,2518.98,Normal
2026-01-14 04:30:00,P-102,56.34,4.827,194.09,24.93,1457.4,1.965,2518.99,Normal
2026-01-14 04:45:00,P-104,57.9,5.013,211.9,30.5,1413.6,1.883,2519.0,Normal
2026-01-14 05:00:00,P-103,56.44,4.788,209.06,29.18,1440.3,1.771,2519.02,Normal
2026-01-14 05:15:00,P-103,63.18,4.93,206.99,28.77,1451.9,2.413,2519.04,Normal
2026-01-14 05:30:00,P-102,63.83,5.011,227.8,32.42,1445.8,1.827,2519.05,Normal
2026-01-14 05:45:00,P-104,64.31,5.026,225.26,32.19,1411.0,1.92,2519.06,Normal
2026-01-14 06:00:00,P-103,59.27,4.985,199.85,27.54,1445.3,1.964,2519.08,Normal
2026-01-14 06:15:00,P-103,60.28,4.961,213.53,31.41,1433.2,2.169,2519.09,Normal
2026-01-14 06:30:00,P-104,60.45,4.709,214.12,31.55,1460.6,1.939,2519.11,Normal
2026-01-14 06:45:00,P-104,64.58,4.996,209.45,31.06,1458.6,2.023,2519.12,Normal
2026-01-14 07:00:00,P-103,64.69,4.858,209.94,29.66,1459.4,2.101,2519.14,Normal
2026-01-14 07:15:00,P-104,64.83,5.262,246.88,32.0,1443.4,2.712,2519.16,Normal
2026-01-14 07:30:00,P-101,62.81,5.203,223.07,34.64,1450.4,1.966,2519.17,Normal
2026-01-14 07:45:00,P-103,64.64,4.809,226.81,30.88,1448.5,1.955,2519.18,Normal
2026-01-14 08:00:00,P-102,62.56,5.12,241.97,32.5,1466.4,2.122,2519.2,Normal
2026-01-14 08:15:00,P-103,59.39,4.967,203.55,29.0,1440.4,2.072,2519.22,Normal
2026-01-14 08:30:00,P-104,60.27,4.784,212.03,30.59,1436.4,2.423,2519.23,Normal
2026-01-14 08:45:00,P-104,61.1,5.314,245.43,35.81,1467.3,2.127,2519.24,Normal
2026-01-14 09:00:00,P-101,62.38,5.292,232.55,32.5,1464.8,2.211,2519.26,Normal
2026-01-14 09:15:00,P-104,60.66,5.176,244.75,33.75,1458.4,1.742,2519.28,Normal
2026-01-14 09:30:00,P-104,64.13,4.972,217.76,31.41,1478.4,2.055,2519.29,Normal
2026-01-14 09:45:00,P-103,64.43,4.915,241.62,34.98,1487.6,2.126,2519.3,Normal
2026-01-14 10:00:00,P-103,68.39,5.482,250.3,38.27,1472.2,2.44,2519.32,Normal
2026-01-14 10:15:00,P-103,60.78,5.527,239.61,35.95,1436.5,2.098,2519.34,Normal
2026-01-14 10:30:00,P-104,68.15,5.45,239.72,35.72,1465.0,1.936,2519.35,Normal
2026-01-14 10:45:00,P-101,60.15,5.163,231.51,32.05,1452.0,2.165,2519.36,Normal
2026-01-14 11:00:00,P-104,61.2,5.064,232.48,34.37,1439.9,1.85,2519.38,Normal
2026-01-14 11:15:00,P-104,61.09,5.144,221.38,31.28,1436.7,1.884,2519.4,Normal
2026-01-14 11:30:00,P-101,67.66,5.246,229.88,35.06,1454.8,2.184,2519.41,Normal
2026-01-14 11:45:00,P-102,65.98,5.373,239.93,35.89,1464.7,1.779,2519.43,Normal
2026-01-14 12:00:00,P-103,62.95,5.135,227.61,32.19,1474.8,2.019,2519.44,Normal
2026-01-14 12:15:00,P-101,62.73,5.191,236.45,32.88,1462.1,2.404,2519.46,Normal
2026-01-14 12:30:00,P-101,61.16,5.257,229.03,35.96,1460.3,1.799,2519.47,Normal
2026-01-14 12:45:00,P-102,67.01,5.276,229.94,34.59,1446.3,1.976,2519.48,Normal
2026-01-14 13:00:00,P-104,67.34,5.173,238.61,35.95,1453.9,2.263,2519.5,Normal
2026-01-14 13:15:00,P-103,66.77,4.927,223.28,30.28,1423.1,2.172,2519.52,Normal
2026-01-14 13:30:00,P-104,67.23,4.975,233.05,34.25,1460.2,2.194,2519.53,Normal
2026-01-14 13:45:00,P-104,60.79,5.238,238.12,35.24,1457.8,2.153,2519.54,Normal
2026-01-14 14:00:00,P-103,63.07,5.05,231.24,33.73,1484.5,2.418,2519.56,Normal
2026-01-14 14:15:00,P-103,64.93,5.022,213.34,27.96,1449.3,2.019,2519.57,Normal
2026-01-14 14:30:00,P-103,64.52,,213.12,32.54,1471.4,1.873,2519.59,Normal
2026-01-14 14:45:00,P-101,66.2,5.257,234.74,36.87,1441.5,2.211,2519.6,Normal
2026-01-14 15:00:00,P-102,61.46,5.008,206.75,25.94,1480.5,1.916,2519.62,Normal
2026-01-14 15:15:00,P-101,68.22,5.164,230.77,31.29,1476.1,1.999,2519.64,Normal
2026-01-14 15:30:00,P-101,66.43,5.014,215.49,32.21,1470.4,1.716,2519.65,Normal
2026-01-14 15:45:00,P-102,68.35,5.395,229.3,34.25,1451.1,2.127,2519.66,Normal
2026-01-14 16:00:00,P-104,64.55,5.133,221.7,29.99,1446.0,2.134,2519.68,Normal
2026-01-14 16:15:00,P-104,67.31,5.076,224.89,33.43,1443.3,2.219,2519.7,Normal
2026-01-14 16:30:00,P-102,64.13,5.08,230.79,31.8,1432.5,2.085,2519.71,Normal
2026-01-14 16:45:00,P-102,67.91,5.317,234.25,34.09,1458.4,2.154,2519.72,Normal
2026-01-14 17:00:00,P-104,60.78,5.046,211.41,29.25,1445.5,1.914,2519.74,Normal
2026-01-14 17:15:00,P-104,63.37,4.922,227.28,31.28,1456.9,2.212,2519.76,Normal
2026-01-14 17:30:00,P-103,64.39,4.979,209.42,29.15,1453.1,1.7,2519.77,Normal
2026-01-14 17:45:00,P-101,72.67,5.246,218.91,31.39,1430.7,1.969,2519.78,Normal
2026-01-14 18:00:00,P-102,61.65,5.043,207.95,29.23,1469.1,1.789,2519.8,Normal
2026-01-14 18:15:00,P-103,62.97,5.087,204.37,28.41,1451.7,1.914,2519.82,Normal
2026-01-14 18:30:00,P-103,66.58,5.181,211.93,30.31,1465.5,2.191,2519.83,Normal
2026-01-14 18:45:00,P-104,68.5,4.984,190.15,25.74,1429.0,1.637,2519.84,Normal
2026-01-14 19:00:00,P-103,66.55,4.962,212.09,30.66,1436.2,1.997,2519.86,Normal
2026-01-14 19:15:00,P-102,68.19,4.945,218.25,30.5,1442.9,2.034,2519.88,Normal
2026-01-14 19:30:00,P-103,65.16,4.673,200.46,28.6,1454.4,1.755,2519.89,Normal
2026-01-14 19:45:00,P-103,62.95,4.709,188.53,25.46,1448.1,1.77,2519.91,Normal
2026-01-14 20:00:00,P-103,65.42,4.886,204.93,26.54,1474.6,1.721,2519.92,Normal
2026-01-14 20:15:00,P-102,64.41,4.892,199.61,27.56,1468.6,1.943,2519.94,Normal
2026-01-14 20:30:00,P-101,64.93,4.41,178.35,24.27,1436.8,1.736,2519.95,Normal
2026-01-14 20:45:00,P-104,60.36,4.661,190.37,23.48,1503.0,2.068,2519.96,Normal
2026-01-14 21:00:00,P-103,67.44,4.935,201.18,26.97,1448.5,1.768,2519.98,Normal
2026-01-14 21:15:00,P-104,64.84,4.668,187.99,25.42,1473.2,1.83,2520.0,Normal
2026-01-14 21:30:00,P-103,64.23,4.813,194.41,27.26,1444.9,1.795,2520.01,Normal
2026-01-14 21:45:00,P-102,62.2,4.965,215.74,29.36,1461.2,2.186,2520.02,Normal
2026-01-14 22:00:00,P-104,62.23,4.912,205.0,27.84,1467.1,1.764,2520.04,Normal
2026-01-14 22:15:00,P-104,67.0,4.993,192.29,26.07,1422.9,1.698,2520.05,Normal
2026-01-14 22:30:00,P-103,65.57,4.919,207.18,28.61,1481.4,1.837,2520.07,Normal
2026-01-14 22:45:00,P-101,63.82,4.717,184.76,23.16,1435.9,1.654,2520.08,Normal
2026-01-14 23:00:00,P-104,60.56,4.663,190.77,24.29,1443.7,1.654,2520.1,Normal
2026-01-14 23:15:00,P-103,63.35,4.822,195.72,27.41,1439.1,1.675,2520.11,Normal
2026-01-14 23:30:00,P-102,60.23,4.806,198.65,25.61,1439.8,1.831,2520.13,Normal
2026-01-14 23:45:00,P-102,62.42,4.824,188.2,24.26,1440.6,1.535,2520.14,Normal
2026-01-15 00:00:00,P-101,62.39,4.327,172.39,23.47,1428.5,1.842,2520.16,Normal
2026-01-15 00:15:00,P-101,65.12,4.959,201.86,28.89,1463.7,1.946,2520.18,Normal
2026-01-15 00:30:00,P-102,60.48,4.79,186.93,26.73,1452.1,2.113,2520.19,Normal
2026-01-15 00:45:00,P-103,60.6,4.611,179.32,26.3,1447.5,1.844,2520.2,Normal
2026-01-15 01:00:00,P-103,63.87,4.52,192.51,27.15,1468.3,1.927,2520.22,Normal
2026-01-15 01:15:00,P-103,61.17,4.697,185.1,25.75,1481.8,2.165,2520.24,Normal
2026-01-15 01:30:00,P-103,60.74,4.613,190.5,24.68,1421.9,1.877,2520.25,Normal
2026-01-15 01:45:00,P-103,66.17,4.98,195.37,26.19,1479.2,1.814,2520.26,Normal
2026-01-15 02:00:00,P-103,58.11,4.665,186.26,23.54,1449.6,1.59,2520.28,Normal
2026-01-15 02:15:00,P-103,63.95,4.682,195.84,25.86,1425.7,2.113,2520.3,Normal
2026-01-15 02:30:00,P-104,,4.682,205.01,29.08,1457.4,1.77,2520.31,Normal
2026-01-15 02:45:00,P-102,62.94,4.88,198.43,27.6,1447.9,1.668,2520.32,Normal
2026-01-15 03:00:00,P-103,62.23,4.829,184.09,25.84,1465.5,1.626,2520.34,Normal
2026-01-15 03:15:00,P-102,59.38,4.72,180.19,25.44,1452.6,1.695,2520.36,Normal
2026-01-15 03:30:00,P-104,57.86,4.841,197.01,26.31,1456.4,1.854,2520.37,Normal
2026-01-15 03:45:00,P-103,56.31,4.755,201.5,25.49,1442.2,1.818,2520.39,Normal
2026-01-15 04:00:00,P-101,59.16,4.929,197.12,27.67,1431.5,1.962,2520.4,Normal
2026-01-15 04:15:00,P-103,62.82,5.052,206.91,28.52,1463.4,1.759,2520.42,Normal
2026-01-15 04:30:00,P-101,56.91,4.514,181.77,23.79,1440.6,1.65,2520.43,Normal
2026-01-15 04:45:00,P-103,61.84,4.793,217.24,30.07,1457.2,2.001,2520.45,Normal
2026-01-15 05:00:00,P-104,57.29,5.11,205.17,28.45,1476.7,1.737,2520.46,Normal
2026-01-15 05:15:00,P-103,60.74,5.063,211.99,28.31,1447.1,1.722,2520.48,Normal
2026-01-15 05:30:00,P-101,57.43,4.682,199.7,28.01,1462.6,1.614,2520.49,Normal
2026-01-15 05:45:00,P-103,62.05,4.883,219.24,32.3,1449.4,2.039,2520.5,Normal
2026-01-15 06:00:00,P-104,61.12,5.107,216.96,34.1,1443.4,2.042,2520.52,Normal
2026-01-15 06:15:00,P-103,59.43,4.937,223.05,31.3,1421.9,2.028,2520.54,Normal
2026-01-15 06:30:00,P-104,58.47,4.831,200.29,27.82,1449.3,2.132,2520.55,Normal
2026-01-15 06:45:00,P-102,60.08,5.092,221.8,31.28,1447.0,2.119,2520.56,Normal
2026-01-15 07:00:00,P-102,58.97,5.065,230.59,32.21,1434.3,2.051,2520.58,Normal
2026-01-15 07:15:00,P-104,62.56,5.047,206.72,28.64,1413.4,2.184,2520.59,Normal
2026-01-15 07:30:00,P-103,60.94,5.291,209.26,32.71,1419.9,2.223,2520.61,Normal
2026-01-15 07:45:00,P-103,57.38,5.065,223.53,31.96,1482.1,1.95,2520.62,Normal
2026-01-15 08:00:00,P-102,61.18,5.019,224.21,33.66,1450.7,2.254,2520.64,Normal
2026-01-15 08:15:00,P-103,64.38,5.183,226.77,32.45,1424.1,2.41,2520.66,Normal
2026-01-15 08:30:00,P-102,60.96,5.356,222.6,30.99,1439.2,2.427,2520.67,Normal
2026-01-15 08:45:00,P-104,67.16,5.232,242.89,36.26,1450.2,2.363,2520.68,Normal
2026-01-15 09:00:00,P-102,61.93,5.373,238.39,33.23,1458.1,2.251,2520.7,Normal
2026-01-15 09:15:00,P-103,61.42,4.815,204.83,28.51,1445.8,1.996,2520.72,Normal
2026-01-15 09:30:00,P-101,65.07,5.158,230.01,32.93,1486.4,2.366,2520.73,Normal
2026-01-15 09:45:00,P-104,64.1,5.04,231.09,33.55,1487.2,1.879,2520.74,Normal
2026-01-15 10:00:00,P-101,,5.047,218.56,31.12,1456.9,2.259,2520.76,Normal
2026-01-15 10:15:00,P-102,61.64,5.207,234.1,34.39,1443.4,2.171,2520.78,Normal
2026-01-15 10:30:00,P-102,67.51,5.405,245.32,36.95,1456.9,2.055,2520.79,Normal
2026-01-15 10:45:00,P-104,61.25,5.341,228.44,32.45,1426.1,1.872,2520.8,Normal
2026-01-15 11:00:00,P-103,66.64,5.214,240.02,38.27,1468.0,1.867,2520.82,Normal
2026-01-15 11:15:00,P-103,62.6,4.912,234.6,32.63,1453.1,2.203,2520.84,Normal
2026-01-15 11:30:00,P-103,64.26,5.153,228.51,32.05,1428.3,2.464,2520.85,Normal
2026-01-15 11:45:00,P-103,63.01,5.408,250.33,35.63,1439.5,2.158,2520.86,Normal
2026-01-15 12:00:00,P-102,63.07,5.215,244.75,34.57,1460.3,1.974,2520.88,Normal
2026-01-15 12:15:00,P-104,63.56,5.262,240.56,33.61,1420.0,2.405,2520.9,Normal
2026-01-15 12:30:00,P-103,64.04,5.248,221.34,30.04,1433.9,2.067,2520.91,Normal
2026-01-15 12:45:00,P-104,67.26,5.419,245.57,36.3,1441.6,2.494,2520.93,Normal
2026-01-15 13:00:00,P-101,67.09,5.272,237.56,36.14,1467.6,2.014,2520.94,Normal
2026-01-15 13:15:00,P-101,64.43,5.116,233.65,35.72,1480.9,2.257,2520.96,Normal
2026-01-15 13:30:00,P-102,64.27,5.062,242.53,34.19,1456.8,2.508,2520.97,Normal
2026-01-15 13:45:00,P-101,65.06,5.125,226.06,32.29,1393.1,1.868,2520.98,Normal
2026-01-15 14:00:00,P-101,64.84,5.34,245.07,32.93,1429.9,2.149,2521.0,Normal
2026-01-15 14:15:00,P-104,68.22,,234.18,32.4,1512.9,2.045,2521.02,Normal
2026-01-15 14:30:00,P-102,65.8,5.161,225.21,34.02,1452.8,2.245,2521.03,Normal
2026-01-15 14:45:00,P-102,65.16,5.111,229.25,32.22,1403.1,2.313,2521.04,Normal
2026-01-15 15:00:00,P-101,66.88,5.034,225.03,33.42,1492.7,1.95,2521.06,Normal
2026-01-15 15:15:00,P-101,66.9,5.115,234.92,31.47,1426.0,2.59,2521.07,Normal
2026-01-15 15:30:00,P-104,63.07,5.206,227.62,32.26,1460.3,2.115,2521.09,Normal
2026-01-15 15:45:00,P-101,64.78,5.152,226.61,34.09,1429.4,2.017,2521.1,Normal
2026-01-15 16:00:00,P-101,68.87,5.033,218.48,32.67,1489.6,2.326,2521.12,Normal
2026-01-15 16:15:00,P-102,67.21,5.032,229.03,33.35,1424.5,2.116,2521.14,Normal
2026-01-15 16:30:00,P-102,62.48,5.02,220.76,31.12,1439.5,1.956,2521.15,Normal
2026-01-15 16:45:00,P-104,69.33,5.368,237.95,33.69,1468.9,2.074,2521.16,Normal
2026-01-15 17:00:00,P-102,63.88,4.924,205.65,27.48,1440.0,2.311,2521.18,Normal
2026-01-15 17:15:00,P-101,65.69,5.108,223.88,35.52,1458.8,1.912,2521.2,Normal
2026-01-15 17:30:00,P-104,65.14,5.165,229.28,31.08,1465.0,2.288,2521.21,Normal
2026-01-15 17:45:00,P-103,67.8,5.075,207.14,26.93,1453.2,1.795,2521.22,Normal
2026-01-15 18:00:00,P-102,63.98,5.229,228.81,34.21,1430.0,2.002,2521.24,Normal
2026-01-15 18:15:00,P-101,65.27,5.073,223.17,29.72,1435.8,2.013,2521.26,Normal
2026-01-15 18:30:00,P-101,67.26,5.099,220.26,32.78,1443.1,2.099,2521.27,Normal
2026-01-15 18:45:00,P-103,69.51,4.901,199.97,32.06,1460.6,1.651,2521.28,Normal
2026-01-15 19:00:00,P-104,66.92,4.903,204.3,27.8,1464.6,1.822,2521.3,Normal
2026-01-15 19:15:00,P-104,63.72,4.806,197.78,28.18,1453.7,2.095,2521.32,Normal
2026-01-15 19:30:00,P-103,69.36,4.716,206.7,26.27,1462.6,2.119,2521.33,Normal
2026-01-15 19:45:00,P-102,63.78,5.018,197.1,31.04,1421.4,1.932,2521.34,Normal
2026-01-15 20:00:00,P-102,66.1,4.893,202.36,24.89,1455.4,1.689,2521.36,Normal
2026-01-15 20:15:00,P-104,65.45,4.703,194.54,24.03,1448.8,1.864,2521.38,Normal
2026-01-15 20:30:00,P-102,63.83,5.004,203.43,28.22,1458.9,2.07,2521.39,Normal
2026-01-15 20:45:00,P-104,67.23,4.788,197.71,28.65,1463.5,1.949,2521.41,Normal
2026-01-15 21:00:00,P-104,64.15,4.625,209.93,25.57,1431.1,2.145,2521.42,Normal
2026-01-15 21:15:00,P-102,66.71,4.75,205.57,26.63,1448.0,1.841,2521.44,Normal
2026-01-15 21:30:00,P-102,60.04,4.546,187.72,23.53,1474.0,1.584,2521.45,Normal
2026-01-15 21:45:00,P-101,64.05,4.702,182.7,23.99,1455.5,1.668,2521.46,Normal
2026-01-15 22:00:00,P-103,62.27,4.568,173.75,23.34,1448.2,1.772,2521.48,Normal
2026-01-15 22:15:00,P-102,64.83,4.699,178.93,22.28,1428.1,1.594,2521.5,Normal
2026-01-15 22:30:00,P-101,63.7,4.858,184.49,26.48,1459.8,1.734,2521.51,Normal
2026-01-15 22:45:00,P-104,66.07,4.596,191.46,25.45,1425.0,1.978,2521.52,Normal
2026-01-15 23:00:00,P-103,63.93,4.573,189.84,25.17,1446.8,1.634,2521.54,Normal
2026-01-15 23:15:00,P-102,60.09,4.503,163.24,20.67,1441.2,1.386,2521.55,Normal
2026-01-15 23:30:00,P-101,63.46,4.708,172.1,24.06,1457.1,1.872,2521.57,Normal
2026-01-15 23:45:00,P-102,65.43,4.56,203.05,26.67,1439.2,1.984,2521.58,Normal
2026-01-16 00:00:00,P-101,62.94,4.674,182.03,23.42,1444.1,1.573,2521.6,Normal
2026-01-16 00:15:00,P-101,57.61,4.469,190.99,26.24,1433.6,1.949,2521.61,Normal
2026-01-16 00:30:00,P-101,58.76,4.511,171.58,22.48,1445.5,1.515,2521.63,Normal
2026-01-16 00:45:00,P-101,66.36,4.966,200.81,26.89,1453.9,1.76,2521.64,Normal
2026-01-16 01:00:00,P-104,58.98,5.057,186.14,26.22,1443.7,1.599,2521.66,Normal
2026-01-16 01:15:00,P-104,63.93,4.712,184.56,26.85,1444.4,1.744,2521.68,Normal
2026-01-16 01:30:00,P-103,65.24,4.78,215.27,28.61,1453.0,2.055,2521.69,Normal
2026-01-16 01:45:00,P-104,61.24,4.803,211.36,28.85,1468.0,1.958,2521.7,Normal
2026-01-16 02:00:00,P-102,56.7,4.717,193.38,23.61,1463.4,1.659,2521.72,Normal
2026-01-16 02:15:00,P-102,59.47,4.612,191.12,24.52,1426.7,1.829,2521.74,Normal
2026-01-16 02:30:00,P-103,65.45,4.616,198.75,34.96,1463.8,7.252,2521.75,Normal
2026-01-16 02:45:00,P-103,59.64,4.762,192.61,26.91,1474.6,2.047,2521.76,Normal
2026-01-16 03:00:00,P-102,59.17,4.817,188.58,27.05,1462.7,1.911,2521.78,Normal
2026-01-16 03:15:00,P-103,58.41,4.736,190.6,26.61,1406.6,1.97,2521.8,Normal
2026-01-16 03:30:00,P-103,64.9,4.832,210.78,29.6,1454.8,1.97,2521.81,Normal
2026-01-16 03:45:00,P-102,60.24,4.729,196.09,27.02,1474.9,1.726,2521.82,Normal
2026-01-16 04:00:00,P-104,61.54,4.992,213.75,30.8,1441.9,2.057,2521.84,Normal
2026-01-16 04:15:00,P-103,64.03,4.739,202.08,29.15,1502.2,2.125,2521.86,Normal
2026-01-16 04:30:00,P-101,63.72,4.942,217.04,28.86,1410.8,2.246,2521.87,Normal
2026-01-16 04:45:00,P-104,59.15,4.993,211.45,27.9,1452.6,1.479,2521.89,Normal
2026-01-16 05:00:00,P-104,59.05,4.959,214.01,30.48,1463.0,2.104,2521.9,Normal
2026-01-16 05:15:00,P-104,62.81,4.642,191.92,29.43,1453.1,1.812,2521.92,Normal
2026-01-16 05:30:00,P-102,60.24,4.981,203.9,27.28,1452.8,1.977,2521.93,Normal
2026-01-16 05:45:00,P-103,58.03,5.044,222.33,29.8,1431.3,1.75,2521.95,Normal
2026-01-16 06:00:00,P-101,58.07,4.893,220.55,29.75,1439.6,1.962,2521.96,Normal
2026-01-16 06:15:00,P-103,58.77,,219.14,29.41,1460.3,1.705,2521.98,Normal
2026-01-16 06:30:00,P-102,57.4,4.794,202.34,29.1,1412.0,1.848,2521.99,Normal
2026-01-16 06:45:00,P-104,,4.981,208.69,30.33,1466.3,2.043,2522.0,Normal
2026-01-16 07:00:00,P-102,57.8,4.867,203.16,28.28,1447.9,2.021,2522.02,Normal
2026-01-16 07:15:00,P-103,58.01,4.889,204.39,27.43,1459.9,2.318,2522.04,Normal
2026-01-16 07:30:00,P-103,60.84,5.06,221.43,31.83,1465.2,1.963,2522.05,Normal
2026-01-16 07:45:00,P-104,66.64,5.013,234.86,31.83,1517.1,1.969,2522.06,Normal
2026-01-16 08:00:00,P-104,61.45,5.272,220.39,33.62,1475.2,2.319,2522.08,Normal
2026-01-16 08:15:00,P-104,59.8,4.996,200.03,27.25,1428.4,1.635,2522.09,Normal
2026-01-16 08:30:00,P-102,63.32,5.028,228.09,32.76,1488.9,2.113,2522.11,Normal
2026-01-16 08:45:00,P-101,61.87,5.156,229.39,33.05,1401.2,2.179,2522.12,Normal
2026-01-16 09:00:00,P-103,65.48,5.466,247.61,37.62,1442.0,1.817,2522.14,Normal
2026-01-16 09:15:00,P-103,62.2,5.049,223.5,31.29,1453.1,1.832,2522.16,Normal
2026-01-16 09:30:00,P-103,62.99,5.336,227.65,32.99,1444.2,1.854,2522.17,Normal
2026-01-16 09:45:00,P-101,70.88,5.698,248.31,37.35,1455.1,2.382,2522.18,Normal
2026-01-16 10:00:00,P-104,65.85,5.229,235.65,35.81,1447.0,2.047,2522.2,Normal
2026-01-16 10:15:00,P-104,61.75,5.193,237.8,37.32,1473.1,2.128,2522.22,Normal
2026-01-16 10:30:00,P-104,64.73,5.111,237.76,33.2,1441.3,1.863,2522.23,Normal
2026-01-16 10:45:00,P-101,62.56,4.99,249.74,32.81,1447.9,2.024,2522.24,Normal
2026-01-16 11:00:00,P-103,65.87,5.451,246.28,34.05,1481.9,2.058,2522.26,Normal
2026-01-16 11:15:00,P-102,60.62,5.12,232.59,31.05,1467.4,2.069,2522.28,Normal
2026-01-16 11:30:00,P-103,62.9,5.422,247.9,34.78,1446.9,2.156,2522.29,Normal
2026-01-16 11:45:00,P-102,64.25,5.245,213.88,30.77,1458.5,2.342,2522.3,Normal
2026-01-16 12:00:00,P-104,67.39,5.14,241.3,34.79,1483.7,2.304,2522.32,Normal
2026-01-16 12:15:00,P-104,66.33,5.144,242.97,36.05,1425.1,1.851,2522.34,Normal
2026-01-16 12:30:00,P-104,66.55,5.392,232.13,34.36,1430.4,2.305,2522.35,Normal
2026-01-16 12:45:00,P-104,66.19,5.224,236.12,33.83,1439.7,2.314,2522.36,Normal
2026-01-16 13:00:00,P-103,65.35,5.096,226.32,32.83,1453.9,2.129,2522.38,Normal
2026-01-16 13:15:00,P-103,63.6,5.004,224.68,35.02,1467.4,2.264,2522.4,Normal
2026-01-16 13:30:00,P-102,67.27,5.171,228.03,34.43,1436.2,2.342,2522.41,Normal
2026-01-16 13:45:00,P-103,67.19,5.294,230.34,32.51,1433.1,1.988,2522.43,Normal
2026-01-16 14:00:00,P-103,66.19,5.315,243.86,34.73,1426.4,1.936,2522.44,Normal
2026-01-16 14:15:00,P-103,,5.113,233.02,31.55,1433.0,2.162,2522.46,Normal
2026-01-16 14:30:00,P-101,70.38,5.439,233.51,37.28,1438.2,2.019,2522.47,Normal
2026-01-16 14:45:00,P-103,65.21,5.234,217.77,31.22,1411.1,2.092,2522.48,Normal
2026-01-16 15:00:00,P-102,66.04,5.15,221.33,32.43,1439.9,1.886,2522.5,Normal
2026-01-16 15:15:00,P-101,66.95,5.425,218.32,29.93,1431.1,2.237,2522.52,Normal
2026-01-16 15:30:00,P-104,67.47,5.224,233.24,34.22,1447.0,2.032,2522.53,Normal
2026-01-16 15:45:00,P-102,65.02,5.281,226.15,32.33,1480.6,2.062,2522.54,Normal
2026-01-16 16:00:00,P-103,67.19,5.039,227.25,32.38,1421.3,2.008,2522.56,Normal
2026-01-16 16:15:00,P-103,66.92,5.243,223.72,31.77,1468.3,1.835,2522.57,Normal
2026-01-16 16:30:00,P-101,68.72,4.854,209.6,28.2,1480.0,2.117,2522.59,Normal
2026-01-16 16:45:00,P-101,68.24,5.108,226.69,30.46,1467.4,2.267,2522.6,Normal
2026-01-16 17:00:00,P-102,67.01,5.506,236.56,33.01,1456.2,2.121,2522.62,Normal
2026-01-16 17:15:00,P-103,68.21,5.149,224.32,29.48,1473.7,1.886,2522.64,Normal
2026-01-16 17:30:00,P-104,67.17,5.069,209.23,30.22,1461.4,1.965,2522.65,Normal
2026-01-16 17:45:00,P-104,69.75,4.944,215.6,31.02,1470.0,1.934,2522.66,Normal
2026-01-16 18:00:00,P-104,65.95,5.073,220.59,30.91,1452.1,2.03,2522.68,Normal
2026-01-16 18:15:00,P-104,64.83,4.652,195.27,25.22,1430.9,1.792,2522.7,Normal
2026-01-16 18:30:00,P-104,64.39,4.89,202.29,26.24,1470.9,1.692,2522.71,Normal
2026-01-16 18:45:00,P-103,66.33,5.04,204.16,28.69,1497.0,2.161,2522.72,Normal
2026-01-16 19:00:00,P-102,,4.814,197.26,26.06,1443.9,1.852,2522.74,Normal
2026-01-16 19:15:00,P-102,68.22,5.201,214.69,30.35,1450.4,2.349,2522.76,Normal
2026-01-16 19:30:00,P-103,66.28,5.021,197.59,29.52,1452.0,1.911,2522.77,Normal
2026-01-16 19:45:00,P-102,66.59,4.694,180.13,24.43,1423.6,1.711,2522.78,Normal
2026-01-16 20:00:00,P-104,64.19,4.789,187.03,23.6,1434.7,1.763,2522.8,Normal
2026-01-16 20:15:00,P-101,61.81,4.502,174.59,24.68,1455.5,1.649,2522.82,Normal
2026-01-16 20:30:00,P-103,66.56,4.752,202.49,27.94,1448.3,1.837,2522.83,Normal
2026-01-16 20:45:00,P-101,62.95,4.646,189.28,27.98,1450.3,1.89,2522.84,Normal
2026-01-16 21:00:00,P-102,66.69,4.683,195.32,25.63,1450.5,1.625,2522.86,Normal
2026-01-16 21:15:00,P-104,67.86,4.852,208.9,26.86,1447.9,1.726,2522.88,Normal
2026-01-16 21:30:00,P-101,68.17,4.664,199.94,26.72,1436.2,2.05,2522.89,Normal
2026-01-16 21:45:00,P-104,64.82,4.799,191.56,26.87,1457.8,1.912,2522.91,Normal
2026-01-16 22:00:00,P-104,60.97,4.667,176.08,24.39,1455.9,1.413,2522.92,Normal
2026-01-16 22:15:00,P-103,64.57,4.782,197.2,25.3,1434.2,1.95,2522.94,Normal
2026-01-16 22:30:00,P-104,64.92,4.447,194.38,23.16,1457.5,1.998,2522.95,Normal
2026-01-16 22:45:00,P-103,62.44,4.712,187.97,25.69,1438.8,1.874,2522.96,Normal
2026-01-16 23:00:00,P-104,67.03,4.63,199.75,25.56,1461.8,1.567,2522.98,Normal
2026-01-16 23:15:00,P-102,63.26,4.527,176.49,22.52,1449.2,1.493,2523.0,Normal
2026-01-16 23:30:00,P-102,62.69,5.057,204.43,27.85,1457.1,1.914,2523.01,Normal
2026-01-16 23:45:00,P-102,65.95,4.322,180.52,24.08,1453.2,2.082,2523.02,Normal
2026-01-17 00:00:00,P-104,63.39,4.669,197.96,25.2,1449.0,1.748,2523.04,Normal
2026-01-17 00:15:00,P-101,58.41,4.648,183.27,22.7,1455.9,1.808,2523.05,Normal
2026-01-17 00:30:00,P-104,59.51,4.534,176.35,23.51,1465.2,1.63,2523.07,Normal
2026-01-17 00:45:00,P-104,66.65,4.748,200.75,24.64,1452.2,2.2,2523.08,Normal
2026-01-17 01:00:00,P-103,65.65,4.93,178.77,25.42,1451.9,1.798,2523.1,Normal
2026-01-17 01:15:00,P-104,64.71,4.835,203.15,25.98,1443.6,1.642,2523.11,Normal
2026-01-17 01:30:00,P-101,64.71,4.854,191.56,24.19,1417.3,1.681,2523.13,Normal
2026-01-17 01:45:00,P-102,64.06,4.778,187.69,24.44,1450.6,1.651,2523.14,Normal
2026-01-17 02:00:00,P-102,63.81,4.878,202.33,27.95,1427.2,1.927,2523.16,Normal
2026-01-17 02:15:00,P-102,61.77,4.876,190.23,25.46,1439.8,1.691,2523.18,Normal
2026-01-17 02:30:00,P-101,60.75,4.824,174.26,24.06,1434.4,1.641,2523.19,Normal
2026-01-17 02:45:00,P-101,61.98,4.493,192.96,25.44,1437.1,2.147,2523.2,Normal
2026-01-17 03:00:00,P-102,59.88,4.824,202.52,25.78,1438.2,1.78,2523.22,Normal
2026-01-17 03:15:00,P-102,62.92,4.822,203.11,23.62,1458.7,1.917,2523.24,Normal
2026-01-17 03:30:00,P-104,62.71,4.613,180.85,24.56,1456.0,1.727,2523.25,Normal
2026-01-17 03:45:00,P-102,59.77,4.873,188.85,26.68,1452.0,1.828,2523.26,Normal
2026-01-17 04:00:00,P-104,59.64,4.813,194.51,26.15,1471.8,1.975,2523.28,Normal
2026-01-17 04:15:00,P-101,61.56,5.049,202.29,27.79,1505.1,1.483,2523.3,Normal
2026-01-17 04:30:00,P-104,58.17,4.875,193.94,24.52,1459.1,1.856,2523.31,Normal
2026-01-17 04:45:00,P-104,57.39,4.99,195.22,26.74,1466.3,1.817,2523.32,Normal
2026-01-17 05:00:00,P-101,62.75,4.691,203.17,26.18,1455.0,1.921,2523.34,Normal
2026-01-17 05:15:00,P-101,60.62,4.89,208.93,30.82,1461.7,1.955,2523.36,Normal
2026-01-17 05:30:00,P-104,61.74,4.921,212.39,29.27,1420.8,1.97,2523.37,Normal
2026-01-17 05:45:00,P-103,59.56,5.098,210.22,31.6,1401.3,2.013,2523.39,Normal
2026-01-17 06:00:00,P-103,63.56,4.819,203.16,28.45,1411.9,1.857,2523.4,Normal
2026-01-17 06:15:00,P-102,63.19,4.888,210.21,31.18,1438.8,2.354,2523.42,Normal
2026-01-17 06:30:00,P-101,60.02,4.797,216.5,28.41,1474.6,1.781,2523.43,Normal
2026-01-17 06:45:00,P-102,57.76,5.25,214.45,30.38,1454.6,2.205,2523.45,Normal
2026-01-17 07:00:00,P-104,59.89,4.938,222.35,30.97,1443.0,1.747,2523.46,Normal
2026-01-17 07:15:00,P-101,62.31,5.063,217.22,29.83,1460.2,1.952,2523.48,Normal
2026-01-17 07:30:00,P-102,61.13,4.832,215.35,29.98,1456.4,2.035,2523.49,Normal
2026-01-17 07:45:00,P-104,62.29,5.219,223.76,33.67,1425.6,1.901,2523.5,Normal
2026-01-17 08:00:00,P-103,63.17,4.958,228.89,33.76,1458.4,1.933,2523.52,Normal
2026-01-17 08:15:00,P-102,62.45,4.86,217.27,28.7,1465.0,1.934,2523.54,Normal
2026-01-17 08:30:00,P-103,62.3,5.049,234.33,32.83,1487.8,2.252,2523.55,Normal
2026-01-17 08:45:00,P-103,63.33,5.154,230.69,31.69,1448.6,2.1,2523.56,Normal
2026-01-17 09:00:00,P-103,60.85,5.096,228.37,33.97,1480.5,2.469,2523.58,Normal
2026-01-17 09:15:00,P-102,68.5,5.355,232.71,32.47,1442.7,2.216,2523.59,Normal
2026-01-17 09:30:00,P-104,61.14,5.114,216.04,31.65,1491.9,1.953,2523.61,Normal
2026-01-17 09:45:00,P-104,62.57,4.998,220.79,29.56,1439.3,1.569,2523.62,Normal
2026-01-17 10:00:00,P-103,64.71,5.326,242.11,32.73,1461.6,1.858,2523.64,Normal
2026-01-17 10:15:00,P-101,63.65,5.258,236.94,35.03,1455.2,2.155,2523.66,Normal
2026-01-17 10:30:00,P-102,61.84,4.949,227.69,30.4,1476.8,1.732,2523.67,Normal
2026-01-17 10:45:00,P-104,64.3,5.364,241.29,33.23,1474.4,,2523.68,Normal
2026-01-17 11:00:00,P-104,63.25,5.044,243.64,35.58,1431.2,2.265,2523.7,Normal
2026-01-17 11:15:00,P-103,65.2,5.309,235.6,35.29,1443.9,2.095,2523.72,Normal
2026-01-17 11:30:00,P-102,61.42,5.202,237.9,36.71,1488.3,2.143,2523.73,Normal
2026-01-17 11:45:00,P-104,67.95,5.09,228.41,30.46,1451.8,2.47,2523.74,Normal
2026-01-17 12:00:00,P-102,66.54,5.464,236.38,33.81,1464.7,2.165,2523.76,Normal
2026-01-17 12:15:00,P-104,65.01,5.03,221.93,33.47,1430.7,2.038,2523.78,Normal
2026-01-17 12:30:00,P-104,59.3,5.141,212.78,31.17,1445.6,1.839,2523.79,Normal
2026-01-17 12:45:00,P-103,64.49,5.353,243.2,36.76,1437.2,2.213,2523.8,Normal
2026-01-17 13:00:00,P-104,67.7,5.188,221.46,33.53,1466.7,2.009,2523.82,Normal
2026-01-17 13:15:00,P-103,74.39,5.155,225.57,32.51,1463.3,2.447,2523.84,Normal
2026-01-17 13:30:00,P-102,67.18,5.058,217.27,32.22,1472.0,2.166,2523.85,Normal
2026-01-17 13:45:00,P-103,66.94,5.269,231.17,32.35,1430.5,2.313,2523.86,Normal
2026-01-17 14:00:00,P-102,67.04,5.3,234.28,33.85,1459.9,2.163,2523.88,Normal
2026-01-17 14:15:00,P-104,63.62,5.069,229.79,32.13,1450.4,2.31,2523.9,Normal
2026-01-17 14:30:00,P-104,68.76,5.093,235.06,34.24,1406.0,1.965,2523.91,Normal
2026-01-17 14:45:00,P-103,64.3,5.144,237.12,32.85,1458.3,2.187,2523.93,Normal
2026-01-17 15:00:00,P-101,64.01,5.308,238.28,34.49,1473.3,1.97,2523.94,Normal
2026-01-17 15:15:00,P-104,63.86,5.311,232.58,31.65,1478.3,2.034,2523.96,Normal
2026-01-17 15:30:00,P-101,70.06,5.343,248.54,34.45,1449.4,2.192,2523.97,Normal
2026-01-17 15:45:00,P-102,65.44,4.83,217.01,31.48,1464.9,1.844,2523.98,Normal
2026-01-17 16:00:00,P-101,66.72,5.191,227.17,32.41,1459.8,1.804,2524.0,Normal
2026-01-17 16:15:00,P-101,67.55,5.348,236.06,33.2,1436.3,2.305,2524.02,Normal
2026-01-17 16:30:00,P-104,65.22,5.208,227.49,31.65,1433.9,1.822,2524.03,Normal
2026-01-17 16:45:00,P-101,63.79,5.166,208.69,28.89,1449.1,2.257,2524.04,Normal
2026-01-17 17:00:00,P-103,64.87,4.853,206.87,29.68,1445.8,1.861,2524.06,Normal
2026-01-17 17:15:00,P-103,64.61,5.227,227.63,33.48,1451.6,2.199,2524.07,Normal
2026-01-17 17:30:00,P-103,65.78,4.929,218.28,30.53,1442.5,2.146,2524.09,Normal
2026-01-17 17:45:00,P-104,,5.132,213.78,28.22,1453.8,1.804,2524.1,Normal
2026-01-17 18:00:00,P-104,67.37,5.024,208.42,27.67,1430.8,2.05,2524.12,Normal
2026-01-17 18:15:00,P-101,67.32,5.134,210.02,28.23,1477.4,1.976,2524.14,Normal
2026-01-17 18:30:00,P-103,63.53,5.021,206.97,29.64,1417.2,2.087,2524.15,Normal
2026-01-17 18:45:00,P-103,65.13,4.846,214.64,26.94,1448.5,2.147,2524.16,Normal
2026-01-17 19:00:00,P-101,69.94,4.837,208.33,27.46,1446.3,2.077,2524.18,Normal
2026-01-17 19:15:00,P-103,63.69,4.86,200.93,29.21,1447.6,1.771,2524.2,Normal
2026-01-17 19:30:00,P-103,65.97,4.744,200.42,28.12,1434.8,1.846,2524.21,Normal
2026-01-17 19:45:00,P-103,66.21,5.06,210.67,28.74,1422.8,1.784,2524.22,Normal
2026-01-17 20:00:00,P-103,70.38,5.25,225.76,31.67,1454.3,1.961,2524.24,Normal
2026-01-17 20:15:00,P-101,64.24,4.48,178.81,23.59,1446.3,1.861,2524.26,Normal
2026-01-17 20:30:00,P-104,64.37,4.839,211.04,27.94,1456.9,1.999,2524.27,Normal
2026-01-17 20:45:00,P-101,64.32,4.731,192.86,25.01,1420.3,1.92,2524.28,Normal
2026-01-17 21:00:00,P-102,65.39,4.737,193.27,28.33,1480.9,1.939,2524.3,Normal
2026-01-17 21:15:00,P-104,64.35,4.824,195.07,27.37,1448.6,1.927,2524.32,Normal
2026-01-17 21:30:00,P-104,62.11,5.0,197.8,27.6,1395.3,1.801,2524.33,Normal
2026-01-17 21:45:00,P-101,67.94,4.958,201.4,26.98,1453.4,2.144,2524.34,Normal
2026-01-17 22:00:00,P-104,66.48,4.915,186.43,25.39,1441.5,1.956,2524.36,Normal
2026-01-17 22:15:00,P-103,62.49,4.744,199.66,25.23,1429.6,1.883,2524.38,Normal
2026-01-17 22:30:00,P-101,60.81,4.514,165.89,21.85,1472.2,1.876,2524.39,Normal
2026-01-17 22:45:00,P-101,64.34,4.766,200.19,27.59,1466.7,1.812,2524.41,Normal
2026-01-17 23:00:00,P-101,61.01,4.772,193.37,24.07,1456.2,1.85,2524.42,Normal
2026-01-17 23:15:00,P-101,59.89,4.842,194.48,29.57,1451.4,2.029,2524.44,Normal
2026-01-17 23:30:00,P-102,60.28,4.708,176.2,23.9,1459.1,1.509,2524.45,Normal
2026-01-17 23:45:00,P-101,61.14,4.783,184.8,22.77,1421.6,2.151,2524.46,Normal
2026-01-18 00:00:00,P-101,59.46,4.796,184.26,27.68,1453.5,1.703,2524.48,Normal
2026-01-18 00:15:00,P-102,62.71,4.596,184.17,24.39,1472.3,1.718,2524.5,Normal
2026-01-18 00:30:00,P-104,64.98,4.566,183.77,26.46,1468.7,1.822,2524.51,Normal
2026-01-18 00:45:00,P-104,64.84,4.865,192.81,26.84,1431.1,2.002,2524.52,Normal
2026-01-18 01:00:00,P-104,60.0,4.73,174.43,22.01,1453.3,1.851,2524.54,Normal
2026-01-18 01:15:00,P-102,58.56,4.799,200.04,26.32,1429.8,2.138,2524.55,Normal
2026-01-18 01:30:00,P-103,63.18,4.538,185.42,27.08,1452.8,1.803,2524.57,Normal
2026-01-18 01:45:00,P-102,61.61,4.96,191.42,26.21,1436.5,1.866,2524.58,Normal
2026-01-18 02:00:00,P-103,60.97,4.663,179.21,23.27,1434.3,1.459,2524.6,Normal
2026-01-18 02:15:00,P-104,65.97,4.811,188.91,24.07,1456.4,1.668,2524.61,Normal
2026-01-18 02:30:00,P-102,57.18,4.398,173.57,22.74,1436.9,1.676,2524.63,Normal
2026-01-18 02:45:00,P-102,55.34,4.827,204.96,25.63,1435.7,1.948,2524.64,Normal
2026-01-18 03:00:00,P-104,57.35,4.727,172.98,24.73,1456.3,1.755,2524.66,Normal
2026-01-18 03:15:00,P-103,62.07,4.857,206.4,25.78,1423.3,1.959,2524.68,Normal
2026-01-18 03:30:00,P-103,60.86,4.713,193.15,25.87,1444.2,1.853,2524.69,Normal
2026-01-18 03:45:00,P-103,59.25,4.918,199.9,28.11,1422.3,1.908,2524.7,Normal
2026-01-18 04:00:00,P-101,57.57,4.745,199.09,28.24,1425.6,2.311,2524.72,Normal
2026-01-18 04:15:00,P-104,59.43,4.988,199.73,24.37,1471.1,1.811,2524.74,Normal
2026-01-18 04:30:00,P-104,57.64,4.928,197.2,27.94,1442.5,2.063,2524.75,Normal
2026-01-18 04:45:00,P-101,63.15,4.935,216.35,30.59,1437.1,1.763,2524.76,Normal
2026-01-18 05:00:00,P-102,60.46,4.808,220.87,29.2,1465.3,1.988,2524.78,Normal
2026-01-18 05:15:00,P-103,59.19,4.916,205.27,27.59,1479.1,1.8,2524.8,Normal
2026-01-18 05:30:00,P-104,59.09,4.854,221.98,29.25,1454.5,2.299,2524.81,Normal
2026-01-18 05:45:00,P-101,60.2,4.761,204.03,26.36,1468.4,1.774,2524.82,Normal
2026-01-18 06:00:00,P-101,61.55,4.869,215.71,29.77,1440.1,1.998,2524.84,Normal
2026-01-18 06:15:00,P-102,60.05,4.708,200.81,27.27,1451.0,1.738,2524.86,Normal
2026-01-18 06:30:00,P-101,62.35,5.092,220.09,33.62,1450.1,1.89,2524.87,Normal
2026-01-18 06:45:00,P-102,61.34,5.002,219.39,29.03,1455.8,2.009,2524.89,Normal
2026-01-18 07:00:00,P-103,61.38,5.554,241.16,35.61,1467.4,2.235,2524.9,Normal
2026-01-18 07:15:00,P-104,59.03,5.029,209.11,29.29,1423.5,2.162,2524.92,Normal
2026-01-18 07:30:00,P-101,60.8,4.926,213.97,31.13,1434.0,1.938,2524.93,Normal
2026-01-18 07:45:00,P-103,68.06,5.067,244.64,33.11,1441.3,2.06,2524.95,Normal
2026-01-18 08:00:00,P-102,60.15,5.26,239.32,32.08,1432.5,2.373,2524.96,Normal
2026-01-18 08:15:00,P-103,60.66,5.01,213.17,31.68,1454.1,2.325,2524.98,Normal
2026-01-18 08:30:00,P-101,62.79,5.314,230.02,31.56,1453.9,2.088,2524.99,Normal
2026-01-18 08:45:00,P-101,61.87,5.182,233.72,34.19,1451.1,2.183,2525.0,Normal
2026-01-18 09:00:00,P-104,65.33,4.948,236.7,32.47,1442.8,2.425,2525.02,Normal
2026-01-18 09:15:00,P-102,61.58,4.988,221.62,32.91,1474.3,2.55,2525.04,Normal
2026-01-18 09:30:00,P-104,62.47,5.095,236.06,32.8,1453.9,2.193,2525.05,Normal
2026-01-18 09:45:00,P-102,63.61,5.104,219.72,30.4,1447.3,2.169,2525.06,Normal
2026-01-18 10:00:00,P-101,67.55,5.09,236.74,33.16,1451.2,2.168,2525.08,Normal
2026-01-18 10:15:00,P-101,67.13,5.271,233.56,35.49,1463.4,1.902,2525.09,Normal
2026-01-18 10:30:00,P-102,63.31,5.039,211.95,34.79,1453.9,2.195,2525.11,Normal
2026-01-18 10:45:00,P-102,62.44,5.081,218.48,31.32,1434.4,2.3,2525.12,Normal
2026-01-18 11:00:00,P-101,65.18,5.364,246.99,36.99,1481.7,2.078,2525.14,Normal
2026-01-18 11:15:00,P-102,65.02,5.443,238.5,35.27,1458.3,1.845,2525.16,Normal
2026-01-18 11:30:00,P-103,62.03,5.202,234.05,31.82,1429.3,2.221,2525.17,Normal
2026-01-18 11:45:00,P-102,,5.116,240.16,34.68,1417.3,1.827,2525.18,Normal
2026-01-18 12:00:00,P-101,64.0,5.284,222.97,31.79,1462.4,1.787,2525.2,Normal
2026-01-18 12:15:00,P-104,64.05,5.125,226.34,29.81,1473.3,1.804,2525.22,Normal
2026-01-18 12:30:00,P-101,61.95,5.282,221.42,33.28,1458.1,1.766,2525.23,Normal
2026-01-18 12:45:00,P-103,66.63,5.272,238.92,34.75,1461.0,,2525.24,Normal
2026-01-18 13:00:00,P-101,60.79,5.184,224.18,31.96,1461.5,2.14,2525.26,Normal
2026-01-18 13:15:00,P-104,64.97,5.187,243.75,35.26,1450.1,2.559,2525.28,Normal
2026-01-18 13:30:00,P-103,64.08,5.21,229.07,33.31,1419.7,2.246,2525.29,Normal
2026-01-18 13:45:00,P-104,66.78,5.331,233.82,33.61,1437.4,2.527,2525.3,Normal
2026-01-18 14:00:00,P-102,70.05,5.132,229.27,34.41,1464.3,2.011,2525.32,Normal
2026-01-18 14:15:00,P-101,68.19,5.207,236.14,35.22,1460.5,2.247,2525.34,Normal
2026-01-18 14:30:00,P-101,68.94,5.179,232.09,32.23,1446.5,1.861,2525.35,Normal
2026-01-18 14:45:00,P-104,66.32,4.932,218.35,30.85,1440.1,1.971,2525.36,Normal
2026-01-18 15:00:00,P-104,67.62,4.854,223.31,32.33,1453.1,2.283,2525.38,Normal
2026-01-18 15:15:00,P-103,70.05,5.143,213.21,29.48,1443.8,2.059,2525.4,Normal
2026-01-18 15:30:00,P-104,63.76,5.009,219.68,32.18,1448.6,1.972,2525.41,Normal
2026-01-18 15:45:00,P-104,65.14,5.141,226.97,32.39,1452.4,2.101,2525.43,Normal
2026-01-18 16:00:00,P-101,67.6,5.126,219.38,30.44,1436.0,2.068,2525.44,Normal
2026-01-18 16:15:00,P-104,68.69,5.382,249.55,35.47,1464.4,2.228,2525.46,Normal
2026-01-18 16:30:00,P-104,65.48,4.898,205.44,27.67,1447.0,2.185,2525.47,Normal
2026-01-18 16:45:00,P-104,66.18,4.94,224.35,30.35,1458.8,1.92,2525.48,Normal
2026-01-18 17:00:00,P-103,64.19,4.862,204.26,30.13,1451.1,1.922,2525.5,Normal
2026-01-18 17:15:00,P-103,69.6,5.048,213.19,30.02,1477.8,2.003,2525.52,Normal
2026-01-18 17:30:00,P-102,64.14,5.034,208.69,28.25,1459.8,1.849,2525.53,Normal
2026-01-18 17:45:00,P-102,65.79,4.712,194.4,27.13,1457.3,1.772,2525.54,Normal
2026-01-18 18:00:00,P-101,67.66,4.897,216.13,30.7,1456.7,2.132,2525.56,Normal
2026-01-18 18:15:00,P-103,64.45,5.198,231.86,30.72,1487.5,1.934,2525.57,Normal
2026-01-18 18:30:00,P-102,63.88,4.867,201.19,28.54,1449.2,2.429,2525.59,Normal
2026-01-18 18:45:00,P-104,64.79,5.031,206.92,29.9,1453.0,2.255,2525.6,Normal
2026-01-18 19:00:00,P-101,68.06,5.098,211.08,28.16,1451.9,2.027,2525.62,Normal
2026-01-18 19:15:00,P-101,64.82,4.831,201.67,28.22,1414.6,2.016,2525.64,Normal
2026-01-18 19:30:00,P-104,64.93,4.928,193.17,26.13,1451.7,2.015,2525.65,Normal
2026-01-18 19:45:00,P-102,60.24,4.662,171.74,24.75,1468.3,1.865,2525.66,Normal
2026-01-18 20:00:00,P-103,71.04,4.925,199.95,27.18,1459.3,1.946,2525.68,Normal
2026-01-18 20:15:00,P-102,65.25,4.547,197.32,28.11,1477.2,2.369,2525.7,Normal
2026-01-18 20:30:00,P-101,65.22,4.598,188.09,24.95,1464.1,1.68,2525.71,Normal
2026-01-18 20:45:00,P-102,63.79,4.693,199.74,26.01,1459.0,1.799,2525.72,Normal
2026-01-18 21:00:00,P-101,62.73,4.688,194.14,24.58,1466.0,1.831,2525.74,Normal
2026-01-18 21:15:00,P-103,68.24,4.733,187.03,26.37,1456.6,1.929,2525.76,Normal
2026-01-18 21:30:00,P-101,60.66,4.829,189.69,26.0,1444.9,2.236,2525.77,Normal
2026-01-18 21:45:00,P-104,63.55,4.659,182.65,25.04,1447.7,1.75,2525.78,Normal
2026-01-18 22:00:00,P-102,62.24,4.748,199.41,27.47,1407.1,1.991,2525.8,Normal
2026-01-18 22:15:00,P-101,61.62,4.685,177.23,21.73,1478.7,1.804,2525.82,Normal
2026-01-18 22:30:00,P-102,61.59,4.878,190.02,24.38,1446.4,1.759,2525.83,Normal
2026-01-18 22:45:00,P-102,62.96,4.845,206.93,28.27,1431.2,2.148,2525.84,Normal
2026-01-18 23:00:00,P-101,64.31,4.731,198.26,25.17,1443.4,1.951,2525.86,Normal
2026-01-18 23:15:00,P-102,57.47,4.632,189.6,25.24,1481.6,1.987,2525.88,Normal
2026-01-18 23:30:00,P-102,61.31,4.628,184.2,24.3,1451.3,1.692,2525.89,Normal
2026-01-18 23:45:00,P-103,62.0,4.59,179.74,25.57,1454.6,1.671,2525.91,Normal
2026-01-19 00:00:00,P-104,59.58,4.499,183.7,26.41,1487.6,1.743,2525.92,Normal
2026-01-19 00:15:00,P-102,65.7,4.529,186.69,27.93,1465.0,1.856,2525.94,Normal
2026-01-19 00:30:00,P-104,60.78,4.817,181.07,24.9,1444.8,1.997,2525.95,Normal
2026-01-19 00:45:00,P-101,61.47,4.856,187.49,25.7,1419.4,2.179,2525.96,Normal
2026-01-19 01:00:00,P-103,60.37,4.882,187.06,24.1,1461.5,1.825,2525.98,Normal
2026-01-19 01:15:00,P-101,60.25,4.612,176.57,25.37,1437.8,2.058,2526.0,Normal
2026-01-19 01:30:00,P-101,64.01,4.555,183.32,23.5,1461.9,1.895,2526.01,Normal
2026-01-19 01:45:00,P-103,67.74,4.758,205.86,29.07,1449.1,1.753,2526.02,Normal
2026-01-19 02:00:00,P-101,61.77,4.434,184.23,25.62,1457.4,1.763,2526.04,Normal
2026-01-19 02:15:00,P-101,63.48,4.545,189.62,24.53,1466.1,1.957,2526.05,Normal
2026-01-19 02:30:00,P-104,64.2,4.713,186.32,25.94,1418.9,1.94,2526.07,Normal
2026-01-19 02:45:00,P-103,61.73,4.842,201.44,26.85,1452.3,1.765,2526.08,Normal
2026-01-19 03:00:00,P-103,64.12,4.979,188.62,25.25,1449.7,1.765,2526.1,Normal
2026-01-19 03:15:00,P-104,64.03,4.915,203.29,28.71,1455.2,1.89,2526.11,Normal
2026-01-19 03:30:00,P-103,61.68,4.688,202.5,27.9,1459.1,1.865,2526.13,Normal
2026-01-19 03:45:00,P-101,60.46,4.687,189.75,25.47,1452.7,1.856,2526.14,Normal
2026-01-19 04:00:00,P-104,57.45,4.862,207.86,30.14,1438.3,2.27,2526.16,Normal
2026-01-19 04:15:00,P-102,60.78,4.722,199.05,27.05,1429.7,1.778,2526.18,Normal
2026-01-19 04:30:00,P-104,56.92,4.856,194.36,26.02,1421.4,1.581,2526.19,Normal
2026-01-19 04:45:00,P-104,57.56,4.766,199.84,29.53,1452.2,1.634,2526.2,Normal
2026-01-19 05:00:00,P-101,60.86,4.872,198.86,25.56,1459.5,2.051,2526.22,Normal
2026-01-19 05:15:00,P-104,59.27,5.076,217.7,29.72,1443.8,1.9,2526.24,Normal
2026-01-19 05:30:00,P-101,60.25,5.035,198.02,27.47,1465.0,1.959,2526.25,Normal
2026-01-19 05:45:00,P-104,60.78,4.934,195.86,29.16,1447.9,1.804,2526.26,Normal
2026-01-19 06:00:00,P-103,60.91,5.036,207.56,30.75,1448.5,1.914,2526.28,Normal
2026-01-19 06:15:00,P-101,58.69,4.883,206.37,29.35,1424.1,1.899,2526.3,Normal
2026-01-19 06:30:00,P-104,64.25,5.068,215.91,31.71,1442.0,1.946,2526.31,Normal
2026-01-19 06:45:00,P-102,61.76,5.241,222.64,30.84,1466.6,2.275,2526.32,Normal
2026-01-19 07:00:00,P-102,64.01,5.029,230.83,45.26,1475.2,6.876,2526.34,Normal
2026-01-19 07:15:00,P-104,61.03,5.212,247.29,34.89,1446.6,2.289,2526.36,Normal
2026-01-19 07:30:00,P-103,60.44,5.116,213.66,29.27,1465.6,2.355,2526.37,Normal
2026-01-19 07:45:00,P-101,64.38,5.07,226.71,33.12,1475.5,1.827,2526.39,Normal
2026-01-19 08:00:00,P-104,63.13,4.965,214.84,31.61,1433.1,1.961,2526.4,Normal
2026-01-19 08:15:00,P-101,59.75,5.018,216.6,29.98,1455.7,1.97,2526.42,Normal
2026-01-19 08:30:00,P-103,60.6,5.092,219.68,29.85,1453.4,2.179,2526.43,Normal
2026-01-19 08:45:00,P-102,59.41,5.183,225.25,31.07,1469.4,1.808,2526.45,Normal
2026-01-19 09:00:00,P-104,60.32,5.177,224.81,30.07,1435.0,2.164,2526.46,Normal
2026-01-19 09:15:00,P-101,59.68,5.161,222.22,31.66,1455.7,1.847,2526.48,Normal
2026-01-19 09:30:00,P-103,61.67,5.206,215.6,30.34,1445.4,2.184,2526.49,Normal
2026-01-19 09:45:00,P-102,65.41,5.311,233.81,36.56,1457.6,2.388,2526.5,Normal
2026-01-19 10:00:00,P-102,60.89,5.224,231.41,33.24,1472.0,1.877,2526.52,Normal
2026-01-19 10:15:00,P-103,65.96,5.342,248.97,42.14,1476.6,2.244,2526.54,Normal
2026-01-19 10:30:00,P-102,62.92,5.387,235.32,32.78,1472.1,2.333,2526.55,Normal
2026-01-19 10:45:00,P-102,66.39,5.259,238.27,36.16,1432.2,2.405,2526.56,Normal
2026-01-19 11:00:00,P-102,61.68,4.784,226.2,32.92,1441.5,1.819,2526.58,Normal
2026-01-19 11:15:00,P-102,64.64,5.588,248.23,36.97,1468.1,2.327,2526.59,Normal
2026-01-19 11:30:00,P-104,63.7,5.339,251.97,36.47,1460.9,2.343,2526.61,Normal
2026-01-19 11:45:00,P-102,62.49,5.219,239.96,34.55,1445.3,2.176,2526.62,Normal
2026-01-19 12:00:00,P-102,64.85,5.046,218.67,32.72,1433.5,2.338,2526.64,Normal
2026-01-19 12:15:00,P-104,64.96,5.311,232.63,36.26,1379.7,2.074,2526.66,Normal
2026-01-19 12:30:00,P-101,64.34,5.03,219.31,32.31,1421.3,2.016,2526.67,Normal
2026-01-19 12:45:00,P-104,69.5,5.297,254.59,38.22,1444.5,2.126,2526.68,Normal
2026-01-19 13:00:00,P-101,69.19,5.237,249.95,37.49,1444.8,2.247,2526.7,Normal
2026-01-19 13:15:00,P-101,62.14,5.199,241.91,36.4,1457.4,2.108,2526.72,Normal
2026-01-19 13:30:00,P-102,65.04,4.938,214.3,28.82,1460.8,2.157,2526.73,Normal
2026-01-19 13:45:00,P-101,65.54,5.226,219.2,32.44,1490.7,2.02,2526.74,Normal
2026-01-19 14:00:00,P-102,65.64,5.298,234.09,36.07,1436.1,2.147,2526.76,Normal
2026-01-19 14:15:00,P-104,67.95,5.351,237.89,34.66,1414.9,2.248,2526.78,Normal
2026-01-19 14:30:00,P-101,63.43,5.357,240.81,34.0,1433.3,2.049,2526.79,Normal
2026-01-19 14:45:00,P-101,68.1,5.019,224.66,30.73,1480.2,2.212,2526.8,Normal
2026-01-19 15:00:00,P-101,67.79,5.066,239.16,33.23,1450.2,2.258,2526.82,Normal
2026-01-19 15:15:00,P-102,65.46,5.456,234.51,34.5,1468.2,2.287,2526.84,Normal
2026-01-19 15:30:00,P-102,63.71,5.096,202.45,29.39,1439.9,1.816,2526.85,Normal
2026-01-19 15:45:00,P-101,62.77,5.313,220.1,35.01,1441.0,2.367,2526.86,Normal
2026-01-19 16:00:00,P-104,66.11,5.254,232.83,32.06,1419.1,1.763,2526.88,Normal
2026-01-19 16:15:00,P-102,65.23,5.007,221.87,32.07,1444.0,2.185,2526.9,Normal
2026-01-19 16:30:00,P-101,61.98,4.625,204.66,29.17,1450.2,1.973,2526.91,Normal
2026-01-19 16:45:00,P-104,67.96,4.88,215.39,28.7,1465.6,2.148,2526.93,Normal
2026-01-19 17:00:00,P-103,69.03,5.087,212.2,32.17,1460.1,1.978,2526.94,Normal
2026-01-19 17:15:00,P-101,66.29,4.997,209.84,31.14,1485.8,2.031,2526.96,Normal
2026-01-19 17:30:00,P-104,65.25,4.904,221.19,29.59,1447.2,2.106,2526.97,Normal
2026-01-19 17:45:00,P-102,66.93,4.648,218.81,30.55,1454.4,1.975,2526.98,Normal
2026-01-19 18:00:00,P-104,66.22,4.965,207.81,29.56,1449.7,2.026,2527.0,Normal
2026-01-19 18:15:00,P-103,64.23,4.862,205.51,31.14,1437.5,2.049,2527.02,Normal
2026-01-19 18:30:00,P-104,64.41,4.82,207.35,26.31,1457.4,2.343,2527.03,Normal
2026-01-19 18:45:00,P-102,64.99,4.982,203.3,29.07,1445.0,,2527.04,Normal
2026-01-19 19:00:00,P-101,66.53,4.785,209.75,28.8,1479.9,2.182,2527.06,Normal
2026-01-19 19:15:00,P-104,64.07,4.598,192.72,25.41,1435.8,1.898,2527.07,Normal
2026-01-19 19:30:00,P-104,66.53,4.932,200.86,27.59,1443.9,2.009,2527.09,Normal
2026-01-19 19:45:00,P-101,62.14,4.955,207.7,27.3,1427.6,1.682,2527.1,Normal
2026-01-19 20:00:00,P-101,66.85,4.79,198.44,27.06,1456.1,2.11,2527.12,Normal
2026-01-19 20:15:00,P-102,66.07,5.083,209.47,27.18,1426.1,1.744,2527.14,Normal
2026-01-19 20:30:00,P-102,68.89,4.476,179.77,24.27,1449.9,2.028,2527.15,Normal
2026-01-19 20:45:00,P-104,62.23,4.44,184.26,25.48,1429.0,1.655,2527.16,Normal
2026-01-19 21:00:00,P-103,65.65,4.619,185.2,25.05,1432.3,2.144,2527.18,Normal
2026-01-19 21:15:00,P-101,70.73,4.568,197.27,26.71,1436.2,1.727,2527.2,Normal
2026-01-19 21:30:00,P-102,64.91,4.811,189.86,25.69,1463.1,1.689,2527.21,Normal
2026-01-19 21:45:00,P-101,63.58,4.587,188.23,24.42,1448.3,1.795,2527.22,Normal
2026-01-19 22:00:00,P-103,62.39,4.627,202.52,26.71,1447.8,1.74,2527.24,Normal
2026-01-19 22:15:00,P-103,67.97,4.857,193.73,27.0,1460.1,1.842,2527.26,Normal
2026-01-19 22:30:00,P-103,61.47,4.863,188.58,26.3,1438.1,2.156,2527.27,Normal
2026-01-19 22:45:00,P-102,64.1,4.817,184.8,23.49,1414.6,1.704,2527.28,Normal
2026-01-19 23:00:00,P-103,60.27,4.625,168.78,23.38,1430.2,1.721,2527.3,Normal
2026-01-19 23:15:00,P-101,63.31,4.664,189.07,26.35,1444.9,2.146,2527.32,Normal
2026-01-19 23:30:00,P-102,60.82,4.845,198.32,27.61,1449.1,1.927,2527.33,Normal
2026-01-19 23:45:00,P-103,66.21,4.818,193.66,27.44,1460.1,2.051,2527.34,Normal
2026-01-20 00:00:00,P-101,61.1,4.564,182.56,21.39,1447.4,1.857,2527.36,Normal
2026-01-20 00:15:00,P-103,60.27,4.781,189.01,26.79,1468.3,2.03,2527.38,Normal
2026-01-20 00:30:00,P-104,65.7,4.63,190.09,26.15,1456.5,1.851,2527.39,Normal
2026-01-20 00:45:00,P-103,62.31,4.77,200.24,28.7,1424.7,2.011,2527.41,Normal
2026-01-20 01:00:00,P-101,61.82,4.675,179.89,22.89,1404.1,2.089,2527.42,Normal
2026-01-20 01:15:00,P-102,63.38,4.875,185.82,26.02,1431.9,1.746,2527.44,Normal
2026-01-20 01:30:00,P-103,63.31,4.926,192.01,25.22,1452.5,1.943,2527.45,Normal
2026-01-20 01:45:00,P-103,56.69,4.812,192.18,26.04,1456.7,1.709,2527.46,Normal
2026-01-20 02:00:00,P-104,61.89,4.645,176.89,24.28,1448.1,1.953,2527.48,Normal
2026-01-20 02:15:00,P-104,61.41,4.774,194.48,26.21,1452.2,1.564,2527.5,Normal
2026-01-20 02:30:00,P-103,60.96,4.634,195.86,25.59,1473.8,1.828,2527.51,Normal
2026-01-20 02:45:00,P-104,60.92,4.675,194.2,25.82,1450.3,2.04,2527.52,Normal
2026-01-20 03:00:00,P-102,57.67,4.703,202.49,27.78,1456.3,1.848,2527.54,Normal
2026-01-20 03:15:00,P-103,61.15,4.838,187.22,27.94,1478.7,1.533,2527.55,Normal
2026-01-20 03:30:00,P-102,59.24,5.052,197.42,31.46,1417.4,1.83,2527.57,Normal
2026-01-20 03:45:00,P-103,59.43,4.827,188.1,26.28,1480.8,1.712,2527.58,Normal
2026-01-20 04:00:00,P-103,60.67,4.924,189.27,26.69,1403.9,2.147,2527.6,Normal
2026-01-20 04:15:00,P-103,63.21,4.86,186.33,28.12,1435.1,2.052,2527.61,Normal
2026-01-20 04:30:00,P-103,59.83,4.828,218.76,31.56,1439.9,2.134,2527.63,Normal
2026-01-20 04:45:00,P-104,62.7,4.742,194.74,26.44,1420.6,1.62,2527.64,Normal
2026-01-20 05:00:00,P-103,61.78,4.695,198.37,26.49,1447.0,1.864,2527.66,Normal
2026-01-20 05:15:00,P-101,58.14,4.813,189.18,25.24,1449.1,2.112,2527.68,Normal
2026-01-20 05:30:00,P-103,58.56,4.895,211.39,28.91,1463.3,2.129,2527.69,Normal
2026-01-20 05:45:00,P-102,56.85,4.84,199.29,28.05,1462.7,1.819,2527.7,Normal
2026-01-20 06:00:00,P-103,61.35,5.019,213.15,28.16,1453.1,2.107,2527.72,Normal
2026-01-20 06:15:00,P-101,60.16,4.958,220.27,30.33,1470.1,1.809,2527.74,Normal
2026-01-20 06:30:00,P-104,63.34,5.063,210.01,29.2,1461.6,1.82,2527.75,Normal
2026-01-20 06:45:00,P-104,60.1,4.882,219.18,30.47,1444.2,1.699,2527.76,Normal
2026-01-20 07:00:00,P-103,59.25,5.05,223.51,31.17,1452.1,1.997,2527.78,Normal
2026-01-20 07:15:00,P-104,62.74,5.106,226.59,33.19,1438.6,2.201,2527.8,Normal
2026-01-20 07:30:00,P-104,60.68,5.215,220.49,32.68,1427.9,1.913,2527.81,Normal
2026-01-20 07:45:00,P-101,61.3,4.862,219.17,31.3,1457.7,2.01,2527.82,Normal
2026-01-20 08:00:00,P-101,64.07,4.906,225.68,32.01,1423.0,1.918,2527.84,Normal
2026-01-20 08:15:00,P-104,63.4,5.304,233.89,29.67,1446.6,2.045,2527.86,Normal
2026-01-20 08:30:00,P-101,62.99,5.123,230.3,32.32,1408.6,1.934,2527.87,Normal
2026-01-20 08:45:00,P-103,61.73,5.011,211.71,31.48,1451.3,2.247,2527.89,Normal
2026-01-20 09:00:00,P-104,59.58,5.141,235.65,33.33,1436.9,2.031,2527.9,Normal
2026-01-20 09:15:00,P-104,62.78,5.185,215.84,32.63,1460.2,2.014,2527.92,Normal
2026-01-20 09:30:00,P-104,64.69,5.347,242.28,37.21,1446.0,2.122,2527.93,Normal
2026-01-20 09:45:00,P-104,66.14,5.316,237.93,35.31,1447.7,2.257,2527.95,Normal
2026-01-20 10:00:00,P-101,65.03,5.09,240.99,33.82,1450.9,2.61,2527.96,Normal
2026-01-20 10:15:00,P-101,63.32,5.286,243.49,34.47,1439.0,2.661,2527.98,Normal
2026-01-20 10:30:00,P-104,65.9,5.082,227.67,33.91,1439.8,2.103,2527.99,Normal
2026-01-20 10:45:00,P-102,63.97,5.208,241.26,36.38,1439.8,2.275,2528.0,Normal
2026-01-20 11:00:00,P-101,64.4,5.034,231.55,31.09,1447.7,2.314,2528.02,Normal
2026-01-20 11:15:00,P-102,63.9,5.237,240.79,34.15,1440.0,2.406,2528.04,Normal
2026-01-20 11:30:00,P-101,66.35,5.444,244.46,34.99,1458.1,2.334,2528.05,Normal
2026-01-20 11:45:00,P-103,63.39,5.216,230.38,30.72,1418.1,2.334,2528.06,Normal
2026-01-20 12:00:00,P-104,67.97,5.132,232.39,33.06,1423.0,2.206,2528.08,Normal
2026-01-20 12:15:00,P-103,68.43,5.145,226.02,30.86,1484.0,1.984,2528.09,Normal
2026-01-20 12:30:00,P-103,66.19,5.154,235.95,32.38,1442.2,2.302,2528.11,Normal
2026-01-20 12:45:00,P-102,67.13,5.078,217.47,30.92,1431.7,2.081,2528.12,Normal
2026-01-20 13:00:00,P-103,62.8,5.318,243.47,36.36,1449.5,2.267,2528.14,Normal
2026-01-20 13:15:00,P-103,64.17,5.264,253.16,37.34,1463.8,2.024,2528.16,Normal
2026-01-20 13:30:00,P-102,66.38,5.361,249.07,34.8,1461.5,2.103,2528.17,Normal
2026-01-20 13:45:00,P-102,64.55,4.855,219.54,31.84,1436.5,1.984,2528.18,Normal
2026-01-20 14:00:00,P-101,66.25,5.338,246.51,38.19,1440.8,2.284,2528.2,Normal
2026-01-20 14:15:00,P-102,63.81,5.19,234.12,37.62,1444.0,2.548,2528.22,Normal
2026-01-20 14:30:00,P-103,68.36,5.284,222.65,33.68,1455.6,2.245,2528.23,Normal
2026-01-20 14:45:00,P-104,71.15,4.889,235.01,33.37,1450.8,2.098,2528.24,Normal
2026-01-20 15:00:00,P-101,67.4,5.181,208.79,29.27,1433.5,1.818,2528.26,Normal
2026-01-20 15:15:00,P-103,69.07,4.975,226.08,32.74,1440.8,2.349,2528.28,Normal
2026-01-20 15:30:00,P-103,66.03,4.895,216.21,31.22,1445.2,2.093,2528.29,Normal
2026-01-20 15:45:00,P-104,64.85,5.174,223.72,31.41,1476.7,1.525,2528.3,Normal
2026-01-20 16:00:00,P-101,65.3,5.039,214.93,29.85,1446.8,2.173,2528.32,Normal
2026-01-20 16:15:00,P-101,71.68,5.104,232.2,31.98,1509.6,2.169,2528.34,Normal
2026-01-20 16:30:00,P-104,66.71,5.273,230.62,31.24,1445.2,1.733,2528.35,Normal
2026-01-20 16:45:00,P-101,64.84,4.891,219.02,29.16,1419.7,2.112,2528.36,Normal
2026-01-20 17:00:00,P-101,67.93,4.89,202.34,30.6,1456.3,1.983,2528.38,Normal
2026-01-20 17:15:00,P-102,67.12,4.792,199.67,27.35,1468.8,1.658,2528.4,Normal
2026-01-20 17:30:00,P-102,64.33,4.917,220.02,25.62,1458.6,2.364,2528.41,Normal
2026-01-20 17:45:00,P-101,65.27,4.703,213.95,28.25,1453.5,2.045,2528.43,Normal
2026-01-20 18:00:00,P-101,63.8,4.827,206.64,28.3,1443.2,1.809,2528.44,Normal
2026-01-20 18:15:00,P-103,66.78,4.979,211.42,29.74,1444.9,1.864,2528.46,Normal
2026-01-20 18:30:00,P-101,68.14,5.024,209.89,28.96,1408.1,1.904,2528.47,Normal
2026-01-20 18:45:00,P-103,63.28,4.666,196.41,26.57,1465.5,1.861,2528.48,Normal
2026-01-20 19:00:00,P-102,67.8,4.773,204.24,27.78,1443.2,2.013,2528.5,Normal
2026-01-20 19:15:00,P-101,66.96,5.124,219.69,29.9,1470.6,1.952,2528.52,Normal
2026-01-20 19:30:00,P-104,71.3,4.956,203.78,28.03,1440.4,1.882,2528.53,Normal
2026-01-20 19:45:00,P-101,66.08,4.905,190.95,28.05,1449.0,1.93,2528.54,Normal
2026-01-20 20:00:00,P-101,65.69,4.945,214.22,30.11,1472.5,1.857,2528.56,Normal
2026-01-20 20:15:00,P-103,65.41,4.77,191.36,25.72,1474.0,1.798,2528.57,Normal
2026-01-20 20:30:00,P-101,64.32,5.027,196.91,26.96,1465.1,2.13,2528.59,Normal
2026-01-20 20:45:00,P-104,61.05,4.816,196.34,25.77,1416.3,1.792,2528.6,Normal
2026-01-20 21:00:00,P-102,63.74,4.615,180.39,26.74,1427.0,1.802,2528.62,Normal
2026-01-20 21:15:00,P-102,64.34,4.883,198.28,26.18,1462.6,1.733,2528.64,Normal
2026-01-20 21:30:00,P-102,60.12,4.618,183.52,25.43,1437.4,1.989,2528.65,Normal
2026-01-20 21:45:00,P-103,64.44,4.778,196.14,27.46,1451.3,1.557,2528.66,Normal
2026-01-20 22:00:00,P-102,59.91,4.83,195.52,27.63,1453.7,1.708,2528.68,Normal
2026-01-20 22:15:00,P-101,60.38,4.367,149.1,22.43,1454.6,1.772,2528.7,Normal
2026-01-20 22:30:00,P-101,65.19,4.766,201.65,28.33,1431.0,1.858,2528.71,Normal
2026-01-20 22:45:00,P-103,60.87,4.497,164.62,19.33,1468.4,1.786,2528.72,Normal
2026-01-20 23:00:00,P-101,61.75,4.588,184.88,23.2,1440.6,1.734,2528.74,Normal
2026-01-20 23:15:00,P-103,63.76,4.914,195.52,31.61,1460.6,5.544,2528.76,Normal
2026-01-20 23:30:00,P-104,60.84,4.555,185.34,22.84,1446.3,1.76,2528.77,Normal
2026-01-20 23:45:00,P-103,61.38,4.45,176.32,24.68,1484.6,1.48,2528.78,Normal
2026-01-21 00:00:00,P-104,61.64,4.83,179.85,22.2,1476.1,1.586,2528.8,Normal
2026-01-21 00:15:00,P-102,61.28,4.609,198.4,25.22,1488.4,2.026,2528.82,Normal
2026-01-21 00:30:00,P-101,61.03,4.526,173.27,22.16,1479.8,1.64,2528.83,Normal
2026-01-21 00:45:00,P-102,63.61,5.029,206.54,25.91,1447.6,1.866,2528.84,Normal
2026-01-21 01:00:00,P-103,,4.701,184.26,27.79,1440.4,1.825,2528.86,Normal
2026-01-21 01:15:00,P-104,65.98,4.769,177.1,23.14,1429.6,1.456,2528.88,Normal
2026-01-21 01:30:00,P-102,60.76,4.746,193.04,25.0,1454.8,1.498,2528.89,Normal
2026-01-21 01:45:00,P-101,59.94,4.635,180.89,23.01,1450.4,1.826,2528.91,Normal
2026-01-21 02:00:00,P-103,61.21,4.798,202.62,24.94,1449.2,1.802,2528.92,Normal
2026-01-21 02:15:00,P-102,59.78,4.557,198.39,26.01,1435.1,1.835,2528.94,Normal
2026-01-21 02:30:00,P-104,61.13,4.563,177.29,22.51,1456.5,1.845,2528.95,Normal
2026-01-21 02:45:00,P-102,59.21,4.759,195.24,24.64,1443.1,1.652,2528.96,Normal
2026-01-21 03:00:00,P-103,58.99,4.729,190.22,23.1,1441.3,1.699,2528.98,Normal
2026-01-21 03:15:00,P-104,60.94,5.204,198.93,28.74,1452.9,1.875,2529.0,Normal
2026-01-21 03:30:00,P-103,57.53,4.718,186.91,24.33,1448.6,1.85,2529.01,Normal
2026-01-21 03:45:00,P-102,,5.04,206.76,27.73,1424.3,1.912,2529.02,Normal
2026-01-21 04:00:00,P-102,59.8,4.972,205.96,27.37,1435.8,1.774,2529.04,Normal
2026-01-21 04:15:00,P-101,61.71,4.811,200.49,26.69,1459.6,2.136,2529.05,Normal
2026-01-21 04:30:00,P-101,60.66,4.795,206.56,28.23,1449.1,1.878,2529.07,Normal
2026-01-21 04:45:00,P-101,63.57,4.801,199.47,23.98,1415.0,1.992,2529.08,Normal
2026-01-21 05:00:00,P-101,61.38,4.743,193.02,25.56,1462.6,1.531,2529.1,Normal
2026-01-21 05:15:00,P-101,62.16,4.979,209.81,27.25,1449.1,1.719,2529.11,Normal
2026-01-21 05:30:00,P-103,64.0,4.804,194.19,26.33,1430.9,1.988,2529.13,Normal
2026-01-21 05:45:00,P-103,58.85,4.831,204.37,27.61,1438.0,1.794,2529.14,Normal
2026-01-21 06:00:00,P-104,60.9,4.815,215.09,28.2,1453.0,1.888,2529.16,Normal
2026-01-21 06:15:00,P-103,59.54,4.843,200.52,26.56,1410.2,1.713,2529.18,Normal
2026-01-21 06:30:00,P-102,64.0,5.124,214.26,28.1,1457.6,2.134,2529.19,Normal
2026-01-21 06:45:00,P-101,60.57,4.914,207.12,31.11,1467.8,2.078,2529.2,Normal
2026-01-21 07:00:00,P-101,59.29,5.183,205.93,26.77,1466.0,1.963,2529.22,Normal
2026-01-21 07:15:00,P-101,64.72,5.257,225.65,33.99,1470.8,2.202,2529.24,Normal
2026-01-21 07:30:00,P-103,60.01,5.072,222.6,30.62,1436.0,1.997,2529.25,Normal
2026-01-21 07:45:00,P-104,63.3,5.125,224.18,30.21,1468.6,1.951,2529.26,Normal
2026-01-21 08:00:00,P-102,61.36,4.908,212.57,30.56,1454.9,1.87,2529.28,Normal
2026-01-21 08:15:00,P-103,61.2,4.823,220.67,29.18,1435.0,2.178,2529.3,Normal
2026-01-21 08:30:00,P-102,63.81,5.259,231.46,32.52,1458.4,2.031,2529.31,Normal
2026-01-21 08:45:00,P-104,58.34,5.319,224.17,31.15,1457.9,2.048,2529.32,Normal
2026-01-21 09:00:00,P-101,63.89,5.3,229.94,33.87,1477.7,2.084,2529.34,Normal
2026-01-21 09:15:00,P-102,60.79,5.13,225.28,29.33,1471.5,2.212,2529.36,Normal
2026-01-21 09:30:00,P-104,69.11,5.137,227.49,32.96,1437.6,1.989,2529.37,Normal
2026-01-21 09:45:00,P-102,63.07,5.281,230.58,31.93,1456.1,2.369,2529.39,Normal
2026-01-21 10:00:00,P-104,62.28,5.214,240.15,35.28,1455.9,2.043,2529.4,Normal
2026-01-21 10:15:00,P-102,60.02,5.187,234.31,33.7,1454.5,2.0,2529.42,Normal
2026-01-21 10:30:00,P-104,66.44,5.007,233.53,36.19,1444.5,2.491,2529.43,Normal
2026-01-21 10:45:00,P-101,63.02,5.141,234.63,34.17,1481.6,1.944,2529.45,Normal
2026-01-21 11:00:00,P-102,61.78,5.209,234.56,33.99,1438.8,2.103,2529.46,Normal
2026-01-21 11:15:00,P-102,65.55,5.387,233.02,35.04,1480.0,2.368,2529.48,Normal
2026-01-21 11:30:00,P-104,66.19,5.371,234.0,37.15,1424.4,1.895,2529.49,Normal
2026-01-21 11:45:00,P-101,66.04,5.042,234.82,34.57,1443.1,2.201,2529.5,Normal
2026-01-21 12:00:00,P-104,64.56,5.024,226.78,33.85,1463.8,1.857,2529.52,Normal
2026-01-21 12:15:00,P-104,66.13,5.381,242.16,36.76,1431.0,2.214,2529.54,Normal
2026-01-21 12:30:00,P-102,65.53,5.127,233.21,33.49,1436.8,2.511,2529.55,Normal
2026-01-21 12:45:00,P-102,65.85,5.315,234.43,33.49,1459.6,1.715,2529.56,Normal
2026-01-21 13:00:00,P-103,66.56,5.045,236.74,35.37,1418.9,2.147,2529.58,Normal
2026-01-21 13:15:00,P-101,69.61,5.367,255.03,38.32,1469.9,2.17,2529.59,Normal
2026-01-21 13:30:00,P-102,64.72,5.095,226.92,42.05,1476.6,6.04,2529.61,Normal
2026-01-21 13:45:00,P-102,64.82,5.339,240.44,35.43,1477.4,1.912,2529.62,Normal
2026-01-21 14:00:00,P-104,64.02,4.91,216.4,31.16,1455.9,2.22,2529.64,Normal
2026-01-21 14:15:00,P-104,68.0,4.978,234.38,35.37,1442.3,2.178,2529.66,Normal
2026-01-21 14:30:00,P-103,63.72,5.347,244.73,35.09,1443.5,1.883,2529.67,Normal
2026-01-21 14:45:00,P-104,62.84,5.28,247.48,34.28,1455.2,1.975,2529.68,Normal
2026-01-21 15:00:00,P-104,68.56,5.297,223.87,30.0,1452.3,2.019,2529.7,Normal
2026-01-21 15:15:00,P-101,69.28,5.055,219.31,32.9,1443.2,1.782,2529.72,Normal
2026-01-21 15:30:00,P-103,63.74,5.23,222.21,31.82,1478.5,2.107,2529.73,Normal
2026-01-21 15:45:00,P-104,66.52,5.156,225.27,31.1,1445.6,2.111,2529.74,Normal
2026-01-21 16:00:00,P-102,64.96,5.193,219.29,30.7,1475.9,2.066,2529.76,Normal
2026-01-21 16:15:00,P-102,65.73,5.057,217.94,32.12,1451.8,2.406,2529.78,Normal
2026-01-21 16:30:00,P-102,67.41,4.884,227.84,34.77,1450.7,1.891,2529.79,Normal
2026-01-21 16:45:00,P-103,63.01,4.98,215.72,28.14,1459.3,1.907,2529.8,Normal
2026-01-21 17:00:00,P-102,63.36,4.978,216.69,28.61,1459.1,1.883,2529.82,Normal
2026-01-21 17:15:00,P-104,64.6,4.962,211.87,28.71,1447.4,2.087,2529.84,Normal
2026-01-21 17:30:00,P-102,66.46,4.856,208.05,30.09,1460.2,2.161,2529.85,Normal
2026-01-21 17:45:00,P-104,64.38,4.999,221.8,31.9,1462.4,1.821,2529.86,Normal
2026-01-21 18:00:00,P-102,68.24,5.095,207.71,29.86,1479.8,2.254,2529.88,Normal
2026-01-21 18:15:00,P-102,66.16,5.027,219.84,32.0,1451.3,1.863,2529.9,Normal
2026-01-21 18:30:00,P-104,65.27,4.906,209.38,28.89,1435.9,2.115,2529.91,Normal
2026-01-21 18:45:00,P-104,66.99,5.181,210.5,30.02,1437.8,2.111,2529.93,Normal
2026-01-21 19:00:00,P-102,65.89,4.799,202.33,27.77,1492.6,2.023,2529.94,Normal
2026-01-21 19:15:00,P-103,67.53,5.023,208.69,30.32,1416.2,1.857,2529.96,Normal
2026-01-21 19:30:00,P-102,63.11,4.941,191.95,24.98,1428.6,1.823,2529.97,Normal
2026-01-21 19:45:00,P-102,64.42,5.023,223.32,30.28,1450.5,2.12,2529.98,Normal
2026-01-21 20:00:00,P-102,64.26,4.79,188.99,24.89,1438.9,1.958,2530.0,Normal
2026-01-21 20:15:00,P-104,64.73,4.756,192.92,26.97,1464.7,1.968,2530.02,Normal
2026-01-21 20:30:00,P-104,62.69,4.867,209.79,28.11,1463.2,2.024,2530.03,Normal
2026-01-21 20:45:00,P-104,62.04,4.743,209.82,25.48,1440.4,1.938,2530.04,Normal
2026-01-21 21:00:00,P-102,63.83,4.601,175.07,25.41,1477.1,2.023,2530.06,Normal
2026-01-21 21:15:00,P-103,63.85,4.825,199.38,27.03,1430.1,1.804,2530.07,Normal
2026-01-21 21:30:00,P-101,61.05,4.709,189.22,26.26,1436.7,1.839,2530.09,Normal
2026-01-21 21:45:00,P-104,65.27,4.608,193.78,24.85,1478.3,1.663,2530.1,Normal
2026-01-21 22:00:00,P-101,63.64,4.574,200.28,27.14,1426.5,2.335,2530.12,Normal
2026-01-21 22:15:00,P-103,66.87,4.796,200.59,27.51,1456.2,1.994,2530.14,Normal
2026-01-21 22:30:00,P-104,62.51,4.543,180.45,23.29,1478.2,1.92,2530.15,Normal
2026-01-21 22:45:00,P-104,65.65,4.65,197.48,28.39,1403.2,1.997,2530.16,Normal
2026-01-21 23:00:00,P-104,63.34,4.726,184.48,25.82,1443.9,1.836,2530.18,Normal
2026-01-21 23:15:00,P-103,57.18,4.659,184.83,22.83,1467.1,2.284,2530.2,Normal
2026-01-21 23:30:00,P-104,61.78,4.998,212.42,27.33,1445.1,2.116,2530.21,Normal
2026-01-21 23:45:00,P-103,62.54,4.65,190.16,24.2,1451.1,1.752,2530.22,Normal
2026-01-22 00:00:00,P-103,63.28,4.778,192.54,26.63,1453.4,1.749,2530.24,Normal
2026-01-22 00:15:00,P-101,57.8,4.807,175.01,22.39,1455.6,1.801,2530.26,Normal
2026-01-22 00:30:00,P-103,62.58,4.679,190.89,27.39,1435.5,1.739,2530.27,Normal
2026-01-22 00:45:00,P-101,59.98,4.742,195.8,25.59,1463.8,1.769,2530.28,Normal
2026-01-22 01:00:00,P-102,62.4,4.918,183.01,25.66,1454.6,1.533,2530.3,Normal
2026-01-22 01:15:00,P-102,60.97,4.671,181.98,22.41,1429.4,1.331,2530.32,Normal
2026-01-22 01:30:00,P-102,63.35,4.777,186.06,25.17,1441.6,2.177,2530.33,Normal
2026-01-22 01:45:00,P-104,63.76,4.673,193.61,24.56,1424.6,1.723,2530.34,Normal
2026-01-22 02:00:00,P-103,61.17,4.699,181.81,26.14,1453.8,1.689,2530.36,Normal
2026-01-22 02:15:00,P-101,61.83,4.608,182.95,22.74,1458.8,1.754,2530.38,Normal
2026-01-22 02:30:00,P-102,60.9,4.587,201.63,28.19,1453.8,1.996,2530.39,Normal
2026-01-22 02:45:00,P-101,64.95,4.49,171.04,23.68,1459.9,1.828,2530.41,Normal
2026-01-22 03:00:00,P-104,58.52,4.656,201.46,28.02,1452.4,2.05,2530.42,Normal
2026-01-22 03:15:00,P-101,59.36,4.762,189.04,25.11,1463.7,1.936,2530.44,Normal
2026-01-22 03:30:00,P-102,64.07,4.813,211.1,31.01,1447.7,1.901,2530.45,Normal
2026-01-22 03:45:00,P-104,62.08,4.833,184.57,28.69,1462.6,2.078,2530.46,Normal
2026-01-22 04:00:00,P-103,62.52,4.9,201.58,28.77,1426.9,1.897,2530.48,Normal
2026-01-22 04:15:00,P-104,61.97,4.665,209.61,26.39,1424.8,2.062,2530.5,Normal
2026-01-22 04:30:00,P-102,56.36,4.818,206.77,26.99,1451.6,1.641,2530.51,Normal
2026-01-22 04:45:00,P-102,65.01,5.024,213.43,29.88,1462.3,2.201,2530.52,Normal
2026-01-22 05:00:00,P-102,60.02,4.996,197.91,27.78,1445.0,1.745,2530.54,Normal
2026-01-22 05:15:00,P-103,64.56,4.899,210.17,30.57,1461.5,1.744,2530.55,Normal
2026-01-22 05:30:00,P-104,55.6,4.714,199.5,25.86,1455.6,1.663,2530.57,Normal
2026-01-22 05:45:00,P-103,61.86,5.213,212.73,29.88,1413.1,2.022,2530.58,Normal
2026-01-22 06:00:00,P-104,60.69,5.052,229.43,32.56,1491.8,2.447,2530.6,Normal
2026-01-22 06:15:00,P-101,63.04,5.058,224.41,32.06,1427.3,1.996,2530.61,Normal
2026-01-22 06:30:00,P-104,63.7,5.089,231.84,33.03,1433.0,2.098,2530.63,Normal
2026-01-22 06:45:00,P-102,61.5,4.98,211.11,41.01,1470.7,5.422,2530.64,Normal
2026-01-22 07:00:00,P-101,57.93,5.122,211.07,26.95,1450.4,1.84,2530.66,Normal
2026-01-22 07:15:00,P-101,60.61,4.998,205.41,28.83,1436.2,1.951,2530.68,Normal
2026-01-22 07:30:00,P-102,61.96,5.261,217.56,32.27,1441.5,2.026,2530.69,Normal
2026-01-22 07:45:00,P-102,63.44,5.138,231.02,33.46,1434.2,2.444,2530.7,Normal
2026-01-22 08:00:00,P-101,64.32,4.991,225.83,31.48,1435.6,2.09,2530.72,Normal
2026-01-22 08:15:00,P-102,61.53,4.937,210.18,29.32,1464.2,2.147,2530.74,Normal
2026-01-22 08:30:00,P-102,60.25,5.069,223.17,34.92,1441.0,2.007,2530.75,Normal
2026-01-22 08:45:00,P-101,61.67,5.064,222.93,30.4,1430.8,1.82,2530.76,Normal
2026-01-22 09:00:00,P-102,69.5,5.412,236.7,34.2,1436.3,2.296,2530.78,Normal
2026-01-22 09:15:00,P-104,69.08,5.449,256.43,39.46,1447.2,2.332,2530.8,Normal
2026-01-22 09:30:00,P-104,56.86,5.18,233.59,34.83,1436.5,2.33,2530.81,Normal
2026-01-22 09:45:00,P-103,63.92,5.152,237.47,34.61,1444.5,2.005,2530.82,Normal
2026-01-22 10:00:00,P-102,65.05,5.202,226.66,32.76,1456.3,2.09,2530.84,Normal
2026-01-22 10:15:00,P-101,61.6,4.901,219.13,31.58,1441.3,1.801,2530.86,Normal
2026-01-22 10:30:00,P-104,62.26,5.029,233.03,33.93,1434.5,2.021,2530.87,Normal
2026-01-22 10:45:00,P-101,62.43,5.235,225.29,32.82,1437.5,1.825,2530.89,Normal
2026-01-22 11:00:00,P-101,64.1,5.067,222.55,32.22,1475.1,2.016,2530.9,Normal
2026-01-22 11:15:00,P-101,63.39,5.354,253.77,36.94,1489.1,2.495,2530.92,Normal
2026-01-22 11:30:00,P-104,67.41,5.242,242.41,34.5,1450.8,2.02,2530.93,Normal
2026-01-22 11:45:00,P-102,64.95,5.361,234.39,35.17,1463.0,2.026,2530.95,Normal
2026-01-22 12:00:00,P-102,62.56,5.232,234.31,33.03,1433.1,2.111,2530.96,Normal
2026-01-22 12:15:00,P-101,67.39,5.135,232.9,33.12,1439.4,2.116,2530.98,Normal
2026-01-22 12:30:00,P-102,62.7,5.24,244.81,36.26,1458.1,2.355,2530.99,Normal
2026-01-22 12:45:00,P-101,64.13,5.208,243.43,35.75,1407.5,1.921,2531.0,Normal
2026-01-22 13:00:00,P-104,64.75,5.315,242.33,32.98,1463.9,1.735,2531.02,Normal
2026-01-22 13:15:00,P-102,70.21,5.204,244.89,33.63,1439.8,2.15,2531.04,Normal
2026-01-22 13:30:00,P-101,63.99,5.174,233.39,34.06,1430.6,2.43,2531.05,Normal
2026-01-22 13:45:00,P-103,59.92,5.091,222.01,33.08,1457.0,2.022,2531.06,Normal
2026-01-22 14:00:00,P-101,62.98,5.021,217.27,32.85,1476.0,2.088,2531.08,Normal
2026-01-22 14:15:00,P-104,66.91,5.077,231.38,33.09,1444.4,2.1,2531.09,Normal
2026-01-22 14:30:00,P-104,68.01,5.322,233.97,36.11,1455.3,2.26,2531.11,Normal
2026-01-22 14:45:00,P-101,70.17,4.999,215.29,31.82,1458.2,1.985,2531.12,Normal
2026-01-22 15:00:00,P-102,69.45,5.173,228.3,34.12,1454.3,2.092,2531.14,Normal
2026-01-22 15:15:00,P-101,66.91,4.906,225.39,31.78,1432.1,2.397,2531.16,Normal
2026-01-22 15:30:00,P-104,62.59,4.915,214.68,29.69,1454.0,2.166,2531.17,Normal
2026-01-22 15:45:00,P-101,69.28,4.906,208.82,31.99,1453.3,1.901,2531.18,Normal
2026-01-22 16:00:00,P-102,66.11,5.024,228.77,32.02,1400.9,1.975,2531.2,Normal
2026-01-22 16:15:00,P-102,65.46,5.415,218.8,29.39,1465.4,1.976,2531.22,Normal
2026-01-22 16:30:00,P-102,64.6,4.999,214.36,29.85,1422.9,1.777,2531.23,Normal
2026-01-22 16:45:00,P-101,63.93,5.218,219.52,31.27,1452.3,1.948,2531.24,Normal
2026-01-22 17:00:00,P-101,66.42,5.235,218.01,34.27,1477.3,2.066,2531.26,Normal
2026-01-22 17:15:00,P-101,66.67,5.211,228.2,31.28,1445.6,1.923,2531.28,Normal
2026-01-22 17:30:00,P-103,67.95,4.973,202.11,29.32,1431.2,2.09,2531.29,Normal
2026-01-22 17:45:00,P-104,65.1,5.138,209.85,27.84,1460.1,1.662,2531.3,Normal
2026-01-22 18:00:00,P-104,62.94,5.015,210.51,27.91,1475.2,1.73,2531.32,Normal
2026-01-22 18:15:00,P-103,63.11,4.999,221.37,33.32,1430.0,2.115,2531.34,Normal
2026-01-22 18:30:00,P-101,66.76,4.984,202.58,27.46,1407.5,2.31,2531.35,Normal
2026-01-22 18:45:00,P-104,66.74,4.958,210.03,28.15,1471.3,2.028,2531.36,Normal
2026-01-22 19:00:00,P-104,64.8,4.918,212.35,28.58,1465.4,1.791,2531.38,Normal
2026-01-22 19:15:00,P-103,65.48,4.952,216.81,31.81,1456.9,1.771,2531.4,Normal
2026-01-22 19:30:00,P-103,66.58,4.921,209.96,28.89,1417.6,1.849,2531.41,Normal
2026-01-22 19:45:00,P-104,69.26,5.13,220.58,30.67,1460.8,2.175,2531.43,Normal
2026-01-22 20:00:00,P-102,64.42,4.769,204.52,28.21,1468.6,2.035,2531.44,Normal
2026-01-22 20:15:00,P-102,64.67,4.885,193.72,24.13,1488.8,1.609,2531.46,Normal
2026-01-22 20:30:00,P-103,65.51,4.599,180.54,23.52,1444.9,,2531.47,Normal
2026-01-22 20:45:00,P-101,64.54,5.083,198.79,28.83,1452.9,2.212,2531.48,Normal
2026-01-22 21:00:00,P-104,64.89,4.762,196.42,26.74,1411.3,2.081,2531.5,Normal
2026-01-22 21:15:00,P-103,62.88,4.662,169.53,23.31,1467.4,1.981,2531.52,Normal
2026-01-22 21:30:00,P-102,60.8,4.672,184.12,25.57,1467.0,1.938,2531.53,Normal
2026-01-22 21:45:00,P-104,65.21,4.607,190.7,26.09,1457.3,1.646,2531.54,Normal
2026-01-22 22:00:00,P-101,63.78,4.92,190.7,24.07,1471.4,1.662,2531.56,Normal
2026-01-22 22:15:00,P-104,64.53,4.569,181.94,23.25,1435.9,2.101,2531.57,Normal
2026-01-22 22:30:00,P-103,62.24,4.857,192.02,27.74,1446.1,1.837,2531.59,Normal
2026-01-22 22:45:00,P-101,62.48,4.494,184.5,23.81,1446.8,1.405,2531.6,Normal
2026-01-22 23:00:00,P-103,65.53,4.477,178.74,25.28,1469.8,1.867,2531.62,Normal
2026-01-22 23:15:00,P-104,67.79,4.7,187.56,27.26,1470.2,2.007,2531.64,Normal
2026-01-22 23:30:00,P-101,66.02,4.666,186.04,24.18,1455.7,1.81,2531.65,Normal
2026-01-22 23:45:00,P-103,60.53,4.605,197.39,25.79,1454.8,1.929,2531.66,Normal
2026-01-23 00:00:00,P-103,64.31,4.778,196.37,26.14,1459.9,1.706,2531.68,Normal
2026-01-23 00:15:00,P-102,61.45,4.541,186.13,23.46,1443.9,1.729,2531.7,Normal
2026-01-23 00:30:00,P-101,63.24,4.761,182.18,25.14,1474.5,1.505,2531.71,Normal
2026-01-23 00:45:00,P-102,60.08,4.667,198.39,40.69,1441.9,4.893,2531.72,Normal
2026-01-23 01:00:00,P-102,58.16,4.417,198.76,24.49,1457.7,2.069,2531.74,Normal
2026-01-23 01:15:00,P-103,61.07,4.661,196.92,24.44,1439.3,1.219,2531.76,Normal
2026-01-23 01:30:00,P-103,63.38,4.796,187.64,25.61,1467.0,1.757,2531.77,Normal
2026-01-23 01:45:00,P-103,62.8,4.67,193.92,27.74,1448.2,1.769,2531.78,Normal
2026-01-23 02:00:00,P-102,62.75,4.848,197.4,26.09,1487.2,1.964,2531.8,Normal
2026-01-23 02:15:00,P-104,61.77,4.801,187.57,25.98,1447.7,1.449,2531.82,Normal
2026-01-23 02:30:00,P-102,61.33,4.561,180.99,21.98,1466.9,1.651,2531.83,Normal
2026-01-23 02:45:00,P-104,62.31,4.772,201.49,26.92,1438.7,1.743,2531.84,Normal
2026-01-23 03:00:00,P-102,60.38,4.876,194.24,26.56,1444.5,1.924,2531.86,Normal
2026-01-23 03:15:00,P-103,61.31,4.704,191.93,27.91,1449.2,1.871,2531.88,Normal
2026-01-23 03:30:00,P-103,66.73,4.98,220.15,28.06,1456.3,1.705,2531.89,Normal
2026-01-23 03:45:00,P-101,60.71,4.911,191.31,25.86,1436.6,1.788,2531.91,Normal
2026-01-23 04:00:00,P-101,61.32,4.77,193.46,29.11,1439.7,1.775,2531.92,Normal
2026-01-23 04:15:00,P-101,62.03,5.002,204.44,28.59,1451.6,2.048,2531.94,Normal
2026-01-23 04:30:00,P-102,60.45,4.746,201.0,28.06,1457.2,1.873,2531.95,Normal
2026-01-23 04:45:00,P-103,62.0,5.074,224.68,31.45,1449.3,2.377,2531.96,Normal
2026-01-23 05:00:00,P-103,61.0,4.92,203.58,27.37,1446.8,1.791,2531.98,Normal
2026-01-23 05:15:00,P-101,60.1,4.658,216.23,30.66,1426.1,1.862,2532.0,Normal
2026-01-23 05:30:00,P-101,59.93,4.799,201.24,26.07,1459.0,1.813,2532.01,Normal
2026-01-23 05:45:00,P-103,58.97,4.972,205.4,28.74,1465.2,1.912,2532.02,Normal
2026-01-23 06:00:00,P-103,61.56,5.02,220.53,30.39,1467.3,2.146,2532.04,Normal
2026-01-23 06:15:00,P-101,63.23,5.001,225.74,32.52,1452.7,1.963,2532.05,Normal
2026-01-23 06:30:00,P-103,61.1,4.901,217.05,30.7,1439.1,1.951,2532.07,Normal
2026-01-23 06:45:00,P-101,58.1,5.211,228.93,33.9,1444.2,2.155,2532.08,Normal
2026-01-23 07:00:00,P-102,62.71,4.993,215.5,30.73,1452.8,1.851,2532.1,Normal
2026-01-23 07:15:00,P-101,61.59,5.092,211.65,30.86,1449.7,2.131,2532.11,Normal
2026-01-23 07:30:00,P-101,62.01,5.362,255.02,36.31,1434.8,2.143,2532.13,Normal
2026-01-23 07:45:00,P-104,63.96,5.071,223.74,33.31,1419.7,1.921,2532.14,Normal
2026-01-23 08:00:00,P-104,58.33,5.169,220.16,31.61,1440.0,1.696,2532.16,Normal
2026-01-23 08:15:00,P-103,63.88,4.986,212.7,29.94,1445.0,1.84,2532.18,Normal
2026-01-23 08:30:00,P-101,61.39,5.192,223.22,31.39,1455.6,1.996,2532.19,Normal
2026-01-23 08:45:00,P-102,58.39,5.391,230.27,35.22,1442.6,2.138,2532.2,Normal
2026-01-23 09:00:00,P-102,62.78,5.254,235.13,34.34,1445.5,2.034,2532.22,Normal
2026-01-23 09:15:00,P-102,62.11,5.163,240.9,32.44,1452.0,1.857,2532.24,Normal
2026-01-23 09:30:00,P-101,61.79,5.484,234.19,34.19,1478.2,2.081,2532.25,Normal
2026-01-23 09:45:00,P-101,62.29,5.279,239.44,34.7,1447.0,1.894,2532.26,Normal
2026-01-23 10:00:00,P-104,62.4,5.157,225.76,32.81,1422.1,1.856,2532.28,Normal
2026-01-23 10:15:00,P-104,61.59,5.113,225.34,31.06,1437.7,2.272,2532.3,Normal
2026-01-23 10:30:00,P-101,59.93,5.104,239.01,34.7,1482.5,2.135,2532.31,Normal
2026-01-23 10:45:00,P-102,67.34,5.435,241.09,35.88,1475.8,2.262,2532.32,Normal
2026-01-23 11:00:00,P-101,63.95,5.192,243.81,33.96,1466.9,2.426,2532.34,Normal
2026-01-23 11:15:00,P-101,62.03,5.272,225.25,34.96,1462.6,2.092,2532.36,Normal
2026-01-23 11:30:00,P-103,62.68,5.438,250.02,34.01,1462.8,2.366,2532.37,Normal
2026-01-23 11:45:00,P-102,65.75,5.245,228.7,34.07,1445.7,2.179,2532.39,Normal
2026-01-23 12:00:00,P-103,61.57,5.11,228.97,30.9,1465.6,1.993,2532.4,Normal
2026-01-23 12:15:00,P-101,64.51,5.114,230.97,32.78,1466.3,2.071,2532.42,Normal
2026-01-23 12:30:00,P-103,65.12,5.034,249.66,37.55,1465.2,2.095,2532.43,Normal
2026-01-23 12:45:00,P-102,64.8,5.278,233.07,36.58,1439.2,2.299,2532.45,Normal
2026-01-23 13:00:00,P-101,63.65,5.382,238.74,35.47,1444.2,2.364,2532.46,Normal
2026-01-23 13:15:00,P-104,65.43,5.309,235.12,36.35,1438.4,1.973,2532.48,Normal
2026-01-23 13:30:00,P-102,68.35,5.402,254.94,40.03,1467.9,2.151,2532.49,Normal
2026-01-23 13:45:00,P-103,64.9,5.023,217.18,32.43,1455.5,1.969,2532.5,Normal
2026-01-23 14:00:00,P-103,63.65,5.283,229.08,34.42,1457.1,1.939,2532.52,Normal
2026-01-23 14:15:00,P-101,65.39,5.133,223.81,31.24,1460.4,2.045,2532.54,Normal
2026-01-23 14:30:00,P-102,67.42,5.331,222.11,31.96,1424.6,2.131,2532.55,Normal
2026-01-23 14:45:00,P-102,61.69,5.008,228.49,28.98,1465.9,2.276,2532.56,Normal
2026-01-23 15:00:00,P-104,66.1,5.16,237.6,31.06,1440.3,1.992,2532.58,Normal
2026-01-23 15:15:00,P-102,63.26,4.987,213.93,30.08,1441.9,1.92,2532.59,Normal
2026-01-23 15:30:00,P-103,64.48,5.413,235.18,34.31,1435.0,2.171,2532.61,Normal
2026-01-23 15:45:00,P-101,67.15,5.146,228.37,31.95,1451.4,2.068,2532.62,Normal
2026-01-23 16:00:00,P-101,65.78,5.404,219.9,32.62,1448.8,1.812,2532.64,Normal
2026-01-23 16:15:00,P-102,64.34,5.085,223.43,33.08,1425.0,1.929,2532.66,Normal
2026-01-23 16:30:00,P-101,70.02,5.311,211.56,31.77,1417.8,2.016,2532.67,Normal
2026-01-23 16:45:00,P-102,68.23,5.037,218.74,28.25,1446.4,2.149,2532.68,Normal
2026-01-23 17:00:00,P-102,64.18,5.331,230.77,33.65,1464.7,2.347,2532.7,Normal
2026-01-23 17:15:00,P-101,,4.897,219.68,30.88,1462.9,1.832,2532.72,Normal
2026-01-23 17:30:00,P-104,66.06,4.879,212.97,27.9,1468.0,1.746,2532.73,Normal
2026-01-23 17:45:00,P-102,64.84,4.769,213.56,28.14,1446.4,2.08,2532.74,Normal
2026-01-23 18:00:00,P-101,68.03,4.844,194.06,27.46,1443.6,1.786,2532.76,Normal
2026-01-23 18:15:00,P-102,67.59,4.772,205.73,30.5,1448.0,2.027,2532.78,Normal
2026-01-23 18:30:00,P-104,66.67,4.913,214.48,30.2,1464.5,1.908,2532.79,Normal
2026-01-23 18:45:00,P-104,63.34,5.007,198.53,28.2,1479.0,1.915,2532.8,Normal
2026-01-23 19:00:00,P-102,68.79,5.147,227.39,30.35,1441.7,1.972,2532.82,Normal
2026-01-23 19:15:00,P-103,63.46,4.785,222.5,27.52,1445.2,2.149,2532.84,Normal
2026-01-23 19:30:00,P-101,69.17,4.704,212.15,27.62,1450.6,1.668,2532.85,Normal
2026-01-23 19:45:00,P-101,65.59,4.826,199.54,24.83,1445.2,1.766,2532.86,Normal
2026-01-23 20:00:00,P-103,62.64,4.935,196.97,25.88,1439.5,2.007,2532.88,Normal
2026-01-23 20:15:00,P-103,67.0,4.708,196.02,29.36,1447.7,,2532.9,Normal
2026-01-23 20:30:00,P-101,70.12,5.073,200.06,27.31,1435.8,1.853,2532.91,Normal
2026-01-23 20:45:00,P-101,62.71,4.624,175.83,23.66,1463.1,1.914,2532.93,Normal
2026-01-23 21:00:00,P-102,65.74,4.528,199.71,27.21,1476.5,1.917,2532.94,Normal
2026-01-23 21:15:00,P-101,63.57,4.581,188.33,25.16,1444.9,1.989,2532.96,Normal
2026-01-23 21:30:00,P-102,64.32,4.829,194.34,26.86,1479.9,2.031,2532.97,Normal
2026-01-23 21:45:00,P-103,60.1,4.688,190.62,25.7,1448.1,1.513,2532.98,Normal
2026-01-23 22:00:00,P-101,63.47,4.865,183.91,24.86,1437.4,1.7,2533.0,Normal
2026-01-23 22:15:00,P-101,63.71,4.568,184.99,27.71,1462.4,1.65,2533.02,Normal
2026-01-23 22:30:00,P-103,67.63,4.743,189.28,26.82,1433.4,1.868,2533.03,Normal
2026-01-23 22:45:00,P-103,59.99,4.77,189.34,26.21,1461.2,2.023,2533.04,Normal
2026-01-23 23:00:00,P-103,63.57,4.789,198.04,26.63,1454.6,1.411,2533.06,Normal
2026-01-23 23:15:00,P-102,65.6,4.633,180.96,24.13,1442.7,1.491,2533.07,Normal
2026-01-23 23:30:00,P-101,61.91,4.618,179.73,24.2,1440.8,1.391,2533.09,Normal
2026-01-23 23:45:00,P-101,62.69,4.761,193.9,25.55,1434.3,1.66,2533.1,Normal
2026-01-24 00:00:00,P-103,61.22,4.791,195.63,25.54,1468.6,1.831,2533.12,Normal
2026-01-24 00:15:00,P-103,59.89,4.692,182.5,24.11,1446.0,2.051,2533.14,Normal
2026-01-24 00:30:00,P-104,58.87,4.918,186.0,24.81,1455.6,1.599,2533.15,Normal
2026-01-24 00:45:00,P-103,61.51,4.649,201.91,25.9,1449.8,2.278,2533.16,Normal
2026-01-24 01:00:00,P-104,60.85,4.608,196.76,25.21,1446.2,1.962,2533.18,Normal
2026-01-24 01:15:00,P-104,63.59,4.996,213.8,28.48,1455.9,2.002,2533.2,Normal
2026-01-24 01:30:00,P-102,59.08,4.529,181.57,24.15,1459.2,1.874,2533.21,Normal
2026-01-24 01:45:00,P-101,60.43,4.684,190.85,25.34,1452.5,1.549,2533.22,Normal
2026-01-24 02:00:00,P-101,60.38,4.664,188.75,26.69,1446.6,1.702,2533.24,Normal
2026-01-24 02:15:00,P-104,61.06,4.661,192.08,24.58,1430.4,1.624,2533.26,Normal
2026-01-24 02:30:00,P-102,59.42,4.522,204.64,24.1,1439.1,1.897,2533.27,Normal
2026-01-24 02:45:00,P-102,57.41,4.565,179.64,22.12,1444.5,1.575,2533.28,Normal
2026-01-24 03:00:00,P-102,61.29,4.865,201.9,27.7,1450.3,1.802,2533.3,Normal
2026-01-24 03:15:00,P-104,62.61,4.722,190.05,26.11,1418.7,1.677,2533.32,Normal
2026-01-24 03:30:00,P-101,61.27,4.874,203.76,28.52,1461.2,2.115,2533.33,Normal
2026-01-24 03:45:00,P-101,,4.689,182.29,27.71,1455.8,1.705,2533.34,Normal
2026-01-24 04:00:00,P-103,59.59,4.844,200.53,25.09,1439.5,1.608,2533.36,Normal
2026-01-24 04:15:00,P-104,56.54,4.811,204.94,27.08,1433.5,1.983,2533.38,Normal
2026-01-24 04:30:00,P-103,60.67,4.627,202.68,25.93,1437.6,1.891,2533.39,Normal
2026-01-24 04:45:00,P-104,60.49,4.973,213.59,27.74,1426.2,2.191,2533.41,Normal
2026-01-24 05:00:00,P-103,60.79,5.189,224.6,31.61,1443.9,2.102,2533.42,Normal
2026-01-24 05:15:00,P-102,59.51,4.875,203.97,26.71,1446.8,1.993,2533.44,Normal
2026-01-24 05:30:00,P-101,60.5,5.122,200.91,28.54,1466.5,2.126,2533.45,Normal
2026-01-24 05:45:00,P-101,62.24,4.753,210.87,27.55,1458.5,1.968,2533.46,Normal
2026-01-24 06:00:00,P-104,62.35,4.935,200.52,28.7,1472.4,2.027,2533.48,Normal
2026-01-24 06:15:00,P-103,60.57,5.339,223.86,31.76,1452.0,2.196,2533.5,Normal
2026-01-24 06:30:00,P-104,59.31,4.927,205.19,28.98,1433.6,1.871,2533.51,Normal
2026-01-24 06:45:00,P-101,59.36,4.902,215.79,31.18,1481.3,1.718,2533.52,Normal
2026-01-24 07:00:00,P-101,63.25,5.024,215.88,28.72,1444.3,1.974,2533.54,Normal
2026-01-24 07:15:00,P-102,61.86,5.244,222.68,32.41,1422.2,1.653,2533.55,Normal
2026-01-24 07:30:00,P-103,61.15,5.04,212.6,30.54,1454.0,1.844,2533.57,Normal
2026-01-24 07:45:00,P-104,62.81,5.319,214.41,32.88,1421.4,1.952,2533.58,Normal
2026-01-24 08:00:00,P-103,61.84,5.249,239.27,35.41,1448.5,2.359,2533.6,Normal
2026-01-24 08:15:00,P-104,64.48,4.969,224.87,30.29,1441.4,1.986,2533.61,Normal
2026-01-24 08:30:00,P-104,61.11,4.939,212.42,30.39,1459.4,2.304,2533.63,Normal
2026-01-24 08:45:00,P-104,61.5,5.24,236.16,32.83,1467.2,2.222,2533.64,Normal
2026-01-24 09:00:00,P-102,62.65,4.96,234.3,33.42,1444.2,1.826,2533.66,Normal
2026-01-24 09:15:00,P-104,65.04,,227.96,32.42,1442.9,2.267,2533.68,Normal
2026-01-24 09:30:00,P-104,60.71,4.987,228.69,31.35,1463.6,2.198,2533.69,Normal
2026-01-24 09:45:00,P-103,64.67,5.156,225.07,33.52,1436.2,1.765,2533.7,Normal
2026-01-24 10:00:00,P-101,,5.432,231.58,35.83,1451.2,2.246,2533.72,Normal
2026-01-24 10:15:00,P-103,62.99,5.324,243.19,35.7,1459.7,2.454,2533.74,Normal
2026-01-24 10:30:00,P-103,64.33,4.895,221.85,33.92,1435.8,1.681,2533.75,Normal
2026-01-24 10:45:00,P-103,62.0,5.108,226.38,34.62,1444.6,1.934,2533.76,Normal
2026-01-24 11:00:00,P-101,66.6,5.323,242.4,34.15,1451.8,2.348,2533.78,Normal
2026-01-24 11:15:00,P-102,63.0,5.032,219.52,30.41,1474.0,1.964,2533.8,Normal
2026-01-24 11:30:00,P-103,63.56,5.526,245.33,36.63,1428.2,2.47,2533.81,Normal
2026-01-24 11:45:00,P-101,63.51,5.248,226.88,31.68,1447.3,2.243,2533.82,Normal
2026-01-24 12:00:00,P-103,63.99,5.381,235.25,34.05,1474.4,2.314,2533.84,Normal
2026-01-24 12:15:00,P-103,66.06,5.236,240.24,33.85,1467.5,2.37,2533.86,Normal
2026-01-24 12:30:00,P-103,70.36,5.467,246.59,35.93,1445.0,2.061,2533.87,Normal
2026-01-24 12:45:00,P-104,65.06,5.177,243.44,34.55,1448.7,2.119,2533.89,Normal
2026-01-24 13:00:00,P-102,64.57,5.133,218.16,32.01,1458.3,2.347,2533.9,Normal
2026-01-24 13:15:00,P-101,65.02,5.121,231.18,30.15,1458.6,2.025,2533.92,Normal
2026-01-24 13:30:00,P-101,65.98,5.058,242.85,34.7,1474.8,2.337,2533.93,Normal
2026-01-24 13:45:00,P-101,65.39,5.266,235.7,34.48,1470.4,2.079,2533.95,Normal
2026-01-24 14:00:00,P-102,64.58,5.415,240.03,33.7,1425.1,2.012,2533.96,Normal
2026-01-24 14:15:00,P-104,67.59,5.217,230.63,34.94,1421.3,1.984,2533.98,Normal
2026-01-24 14:30:00,P-104,66.15,5.426,242.17,34.29,1440.2,2.244,2533.99,Normal
2026-01-24 14:45:00,P-101,64.13,4.955,227.6,32.98,1416.7,2.322,2534.0,Normal
2026-01-24 15:00:00,P-103,66.96,4.851,214.91,30.92,1473.6,2.07,2534.02,Normal
2026-01-24 15:15:00,P-103,66.25,5.089,218.45,32.88,1423.1,2.102,2534.04,Normal
2026-01-24 15:30:00,P-101,66.36,5.127,241.2,32.69,1444.6,1.893,2534.05,Normal
2026-01-24 15:45:00,P-103,68.49,4.942,204.63,28.81,1434.3,2.0,2534.06,Normal
2026-01-24 16:00:00,P-101,63.08,5.178,237.27,33.42,1421.4,2.126,2534.08,Normal
2026-01-24 16:15:00,P-101,70.18,5.108,232.82,32.61,1471.3,1.941,2534.09,Normal
2026-01-24 16:30:00,P-103,64.74,5.042,213.24,31.14,1439.6,2.12,2534.11,Normal
2026-01-24 16:45:00,P-103,64.25,4.814,205.11,26.64,1484.3,1.715,2534.12,Normal
2026-01-24 17:00:00,P-103,,4.845,210.68,28.35,1475.3,1.865,2534.14,Normal
2026-01-24 17:15:00,P-103,66.15,5.18,220.85,34.17,1449.9,2.253,2534.16,Normal
2026-01-24 17:30:00,P-104,68.83,4.879,208.86,32.44,1412.3,2.244,2534.17,Normal
2026-01-24 17:45:00,P-101,68.67,4.664,200.17,27.67,1443.9,2.13,2534.18,Normal
2026-01-24 18:00:00,P-104,66.92,5.173,231.01,33.33,1491.1,2.014,2534.2,Normal
2026-01-24 18:15:00,P-102,66.96,5.158,208.7,30.0,1457.7,2.053,2534.22,Normal
2026-01-24 18:30:00,P-102,67.24,5.162,204.9,30.94,1447.0,2.123,2534.23,Normal
2026-01-24 18:45:00,P-102,70.07,4.982,217.0,29.81,1439.0,2.06,2534.24,Normal
2026-01-24 19:00:00,P-103,61.66,4.864,212.12,29.74,1466.0,1.97,2534.26,Normal
2026-01-24 19:15:00,P-103,66.93,4.881,196.13,29.75,1456.7,2.163,2534.28,Normal
2026-01-24 19:30:00,P-102,64.67,5.056,210.25,29.03,1455.1,1.829,2534.29,Normal
2026-01-24 19:45:00,P-101,62.37,4.782,222.33,29.67,1470.4,1.818,2534.3,Normal
2026-01-24 20:00:00,P-103,65.43,4.879,206.26,27.07,1469.5,1.998,2534.32,Normal
2026-01-24 20:15:00,P-104,67.84,4.766,181.33,25.18,1457.9,1.715,2534.34,Normal
2026-01-24 20:30:00,P-104,63.99,4.709,197.82,26.13,1421.4,2.229,2534.35,Normal
2026-01-24 20:45:00,P-104,67.63,4.946,203.72,29.16,1432.3,1.832,2534.36,Normal
2026-01-24 21:00:00,P-101,68.41,4.933,206.44,29.82,1438.9,2.097,2534.38,Normal
2026-01-24 21:15:00,P-104,64.1,4.554,194.06,25.21,1449.3,1.891,2534.4,Normal
2026-01-24 21:30:00,P-103,65.64,4.871,191.49,29.19,1477.0,1.642,2534.41,Normal
2026-01-24 21:45:00,P-103,61.2,4.755,200.6,27.5,1486.9,1.979,2534.43,Normal
2026-01-24 22:00:00,P-102,64.7,5.018,214.48,29.67,1457.1,1.848,2534.44,Normal
2026-01-24 22:15:00,P-104,65.09,4.741,184.71,24.43,1459.9,2.193,2534.46,Normal
2026-01-24 22:30:00,P-101,63.26,,183.17,23.59,1422.8,1.628,2534.47,Normal
2026-01-24 22:45:00,P-104,63.93,4.695,193.39,23.63,1442.4,1.612,2534.48,Normal
2026-01-24 23:00:00,P-104,63.07,4.7,191.02,22.45,1440.0,1.371,2534.5,Normal
2026-01-24 23:15:00,P-104,67.05,4.484,178.8,22.89,1438.5,1.599,2534.52,Normal
2026-01-24 23:30:00,P-104,59.42,4.45,164.5,38.88,1460.4,4.901,2534.53,Normal
2026-01-24 23:45:00,P-104,65.81,4.566,187.83,22.57,1441.9,1.575,2534.54,Normal
2026-01-25 00:00:00,P-104,63.13,4.857,196.96,24.14,1415.9,1.901,2534.56,Normal
2026-01-25 00:15:00,P-101,65.62,4.738,179.41,23.31,1465.2,1.804,2534.57,Normal
2026-01-25 00:30:00,P-102,61.22,4.958,198.45,27.11,1471.7,1.729,2534.59,Normal
2026-01-25 00:45:00,P-101,62.43,4.912,189.46,25.43,1455.2,1.77,2534.6,Normal
2026-01-25 01:00:00,P-102,62.16,4.786,193.38,26.39,1447.0,1.701,2534.62,Normal
2026-01-25 01:15:00,P-103,62.27,4.672,181.25,25.4,1433.8,1.967,2534.64,Normal
2026-01-25 01:30:00,P-104,65.03,4.752,192.1,25.59,1434.9,1.522,2534.65,Normal
2026-01-25 01:45:00,P-103,62.56,4.561,194.44,25.32,1469.3,1.955,2534.66,Normal
2026-01-25 02:00:00,P-104,65.28,4.677,209.88,27.65,1436.5,1.763,2534.68,Normal
2026-01-25 02:15:00,P-104,59.83,4.825,188.59,25.69,1486.2,1.841,2534.7,Normal
2026-01-25 02:30:00,P-104,59.8,4.633,196.09,29.08,1467.1,1.937,2534.71,Normal
2026-01-25 02:45:00,P-101,61.45,4.671,197.44,26.66,1456.1,1.879,2534.72,Normal
2026-01-25 03:00:00,P-104,60.67,4.741,189.13,25.64,1498.9,2.193,2534.74,Normal
2026-01-25 03:15:00,P-102,60.91,4.779,195.64,24.18,1473.0,,2534.76,Normal
2026-01-25 03:30:00,P-102,60.81,5.113,217.29,30.63,1442.3,1.745,2534.77,Normal
2026-01-25 03:45:00,P-102,63.27,4.803,190.28,24.25,1431.6,2.242,2534.78,Normal
2026-01-25 04:00:00,P-103,60.43,4.777,199.5,28.61,1442.4,1.969,2534.8,Normal
2026-01-25 04:15:00,P-103,65.11,,210.67,29.74,1448.2,1.99,2534.82,Normal
2026-01-25 04:30:00,P-102,61.89,5.057,213.8,30.62,1436.3,2.37,2534.83,Normal
2026-01-25 04:45:00,P-103,62.29,4.715,196.81,27.39,1429.8,1.675,2534.84,Normal
2026-01-25 05:00:00,P-102,59.96,4.716,185.53,24.79,1454.2,1.763,2534.86,Normal
2026-01-25 05:15:00,P-104,59.57,4.878,205.23,30.38,1466.0,1.768,2534.88,Normal
2026-01-25 05:30:00,P-101,59.78,4.646,187.29,24.47,1483.4,1.792,2534.89,Normal
2026-01-25 05:45:00,P-103,66.59,5.309,226.7,32.51,1451.4,1.787,2534.91,Normal
2026-01-25 06:00:00,P-103,61.81,5.0,213.28,30.63,1460.8,,2534.92,Normal
2026-01-25 06:15:00,P-102,64.07,5.052,230.46,31.48,1416.7,2.043,2534.94,Normal
2026-01-25 06:30:00,P-102,61.99,4.934,207.68,30.75,1465.5,1.932,2534.95,Normal
2026-01-25 06:45:00,P-101,60.66,4.988,209.11,28.75,1431.8,1.502,2534.96,Normal
2026-01-25 07:00:00,P-102,62.15,4.979,224.78,29.37,1455.5,2.169,2534.98,Normal
2026-01-25 07:15:00,P-103,62.8,4.99,219.86,32.39,1449.2,1.983,2535.0,Normal
2026-01-25 07:30:00,P-101,63.0,5.108,211.09,29.96,1445.6,2.482,2535.01,Normal
2026-01-25 07:45:00,P-101,59.0,4.915,223.37,32.96,1423.3,1.969,2535.02,Normal
2026-01-25 08:00:00,P-102,65.08,5.473,244.79,37.31,1436.4,2.111,2535.04,Normal
2026-01-25 08:15:00,P-103,62.55,5.002,230.03,30.69,1432.8,2.149,2535.05,Normal
2026-01-25 08:30:00,P-102,62.45,5.199,236.75,35.23,1439.3,1.92,2535.07,Normal
2026-01-25 08:45:00,P-101,66.15,5.032,228.28,34.14,1471.3,2.36,2535.08,Normal
2026-01-25 09:00:00,P-104,62.43,5.167,237.59,35.22,1443.7,2.018,2535.1,Normal
2026-01-25 09:15:00,P-101,59.65,5.312,224.23,32.6,1437.9,1.945,2535.11,Normal
2026-01-25 09:30:00,P-104,62.97,5.125,213.66,31.16,1461.7,2.142,2535.13,Normal
2026-01-25 09:45:00,P-102,59.96,5.316,227.43,32.42,1455.9,2.156,2535.14,Normal
2026-01-25 10:00:00,P-104,59.93,5.103,236.87,36.77,1486.6,2.219,2535.16,Normal
2026-01-25 10:15:00,P-103,64.75,4.999,227.12,30.7,1468.2,1.838,2535.18,Normal
2026-01-25 10:30:00,P-102,64.0,5.244,231.43,34.37,1414.2,2.311,2535.19,Normal
2026-01-25 10:45:00,P-104,64.42,5.249,230.0,34.18,1464.5,1.923,2535.2,Normal
2026-01-25 11:00:00,P-102,64.57,5.27,242.97,38.09,1462.4,1.933,2535.22,Normal
2026-01-25 11:15:00,P-103,62.0,5.233,238.57,36.15,1479.9,2.268,2535.24,Normal
2026-01-25 11:30:00,P-104,62.53,5.161,252.37,35.57,1446.4,2.159,2535.25,Normal
2026-01-25 11:45:00,P-102,64.69,5.494,238.59,35.14,1469.7,2.154,2535.26,Normal
2026-01-25 12:00:00,P-104,62.07,5.18,226.16,33.19,1443.6,2.278,2535.28,Normal
2026-01-25 12:15:00,P-104,65.92,5.261,240.29,34.23,1455.2,2.114,2535.3,Normal
2026-01-25 12:30:00,P-102,63.14,,223.47,31.49,1431.0,1.772,2535.31,Normal
2026-01-25 12:45:00,P-101,63.82,5.171,219.71,29.57,1425.3,1.964,2535.32,Normal
2026-01-25 13:00:00,P-101,66.01,5.13,236.95,36.97,1465.7,2.215,2535.34,Normal
2026-01-25 13:15:00,P-101,66.81,5.395,241.11,32.94,1450.1,2.202,2535.36,Normal
2026-01-25 13:30:00,P-103,67.99,5.175,244.59,37.8,1426.9,2.187,2535.37,Normal
2026-01-25 13:45:00,P-102,66.58,5.493,246.28,35.46,1464.7,2.67,2535.39,Normal
2026-01-25 14:00:00,P-102,67.86,5.139,252.38,35.55,1400.8,2.529,2535.4,Normal
2026-01-25 14:15:00,P-103,65.76,5.092,213.5,30.9,1435.4,1.854,2535.42,Normal
2026-01-25 14:30:00,P-102,60.57,5.348,222.35,31.71,1420.1,1.855,2535.43,Normal
2026-01-25 14:45:00,P-103,68.17,5.3,230.7,35.37,1471.6,2.383,2535.45,Normal
2026-01-25 15:00:00,P-102,,5.439,242.17,38.36,1442.2,2.451,2535.46,Normal
2026-01-25 15:15:00,P-104,69.02,5.155,238.38,35.24,1451.4,2.454,2535.48,Normal
2026-01-25 15:30:00,P-101,64.67,5.147,233.66,37.87,1455.5,2.077,2535.49,Normal
2026-01-25 15:45:00,P-103,65.48,5.246,227.67,31.76,1464.6,2.028,2535.5,Normal
2026-01-25 16:00:00,P-102,63.35,5.082,216.9,30.76,1462.5,1.697,2535.52,Normal
2026-01-25 16:15:00,P-101,68.91,5.267,228.64,32.37,1464.4,2.133,2535.54,Normal
2026-01-25 16:30:00,P-101,62.48,4.983,210.74,28.79,1445.2,1.868,2535.55,Normal
2026-01-25 16:45:00,P-104,64.29,5.002,212.98,30.23,1465.4,1.883,2535.56,Normal
2026-01-25 17:00:00,P-104,67.59,5.122,222.16,31.78,1438.2,2.186,2535.58,Normal
2026-01-25 17:15:00,P-101,66.53,5.197,236.27,33.99,1442.8,2.083,2535.59,Normal
2026-01-25 17:30:00,P-101,64.07,4.953,206.49,31.29,1422.3,2.131,2535.61,Normal
2026-01-25 17:45:00,P-103,66.17,4.598,201.85,25.29,1480.2,1.826,2535.62,Normal
2026-01-25 18:00:00,P-104,68.84,,213.06,31.21,1432.1,2.109,2535.64,Normal
2026-01-25 18:15:00,P-103,67.17,4.942,201.1,28.61,1475.4,1.69,2535.66,Normal
2026-01-25 18:30:00,P-101,68.02,4.866,211.74,29.64,1459.7,1.781,2535.67,Normal
2026-01-25 18:45:00,P-102,65.43,5.051,209.52,27.56,1453.6,2.021,2535.68,Normal
2026-01-25 19:00:00,P-102,65.2,4.905,203.23,26.75,1456.6,2.222,2535.7,Normal
2026-01-25 19:15:00,P-103,65.06,4.986,209.08,30.05,1430.8,2.054,2535.72,Normal
2026-01-25 19:30:00,P-104,64.63,4.835,195.99,26.53,1478.9,1.822,2535.73,Normal
2026-01-25 19:45:00,P-101,63.87,4.884,193.92,26.02,1443.5,2.14,2535.74,Normal
2026-01-25 20:00:00,P-104,65.01,4.932,205.17,29.1,1468.2,1.892,2535.76,Normal
2026-01-25 20:15:00,P-102,65.96,4.742,201.9,27.53,1440.2,1.7,2535.78,Normal
2026-01-25 20:30:00,P-103,,4.899,177.23,23.92,1424.2,1.775,2535.79,Normal
2026-01-25 20:45:00,P-104,66.34,4.764,199.15,25.87,1485.7,1.969,2535.8,Normal
2026-01-25 21:00:00,P-103,69.65,4.97,209.14,26.51,1439.1,1.692,2535.82,Normal
2026-01-25 21:15:00,P-101,62.92,4.753,195.91,25.25,1458.3,1.865,2535.84,Normal
2026-01-25 21:30:00,P-101,58.52,4.634,180.91,22.49,1395.5,1.409,2535.85,Normal
2026-01-25 21:45:00,P-104,66.35,4.957,190.88,26.8,1448.7,1.819,2535.86,Normal
2026-01-25 22:00:00,P-101,60.77,4.549,178.73,23.13,1460.9,1.696,2535.88,Normal
2026-01-25 22:15:00,P-103,63.45,4.828,191.17,25.61,1452.6,1.831,2535.9,Normal
2026-01-25 22:30:00,P-102,58.89,4.673,193.42,24.84,1448.2,1.408,2535.91,Normal
2026-01-25 22:45:00,P-104,60.38,4.533,183.29,22.61,1446.2,1.758,2535.93,Normal
2026-01-25 23:00:00,P-104,59.51,4.82,184.59,26.01,1465.7,1.937,2535.94,Normal
2026-01-25 23:15:00,P-101,61.91,4.774,187.89,25.94,1426.7,,2535.96,Normal
2026-01-25 23:30:00,P-104,61.4,4.592,182.67,25.12,1445.7,2.024,2535.97,Normal
2026-01-25 23:45:00,P-104,63.4,4.886,195.9,25.11,1475.8,1.84,2535.98,Normal
2026-01-26 00:00:00,P-104,75.06,3.91,179.54,24.2,1423.3,4.171,2536.0,Warning
2026-01-26 00:15:00,P-103,76.04,4.319,202.47,27.37,1448.1,3.444,2536.02,Warning
2026-01-26 00:30:00,P-104,68.59,4.184,183.41,38.4,1430.1,8.333,2536.03,Warning
2026-01-26 00:45:00,P-101,71.37,3.943,183.25,23.21,1455.4,3.663,2536.04,Warning
2026-01-26 01:00:00,P-101,70.54,3.888,177.08,22.98,1450.6,3.553,2536.06,Warning
2026-01-26 01:15:00,P-102,68.82,4.038,175.44,21.98,1433.0,3.636,2536.07,Warning
2026-01-26 01:30:00,P-101,74.6,4.327,196.72,24.39,1450.4,3.219,2536.09,Warning
2026-01-26 01:45:00,P-104,71.59,4.198,178.57,28.38,1451.2,3.054,2536.1,Warning
2026-01-26 02:00:00,P-103,68.97,4.322,170.4,19.78,1439.0,3.468,2536.12,Warning
2026-01-26 02:15:00,P-102,69.96,4.132,180.05,23.78,1442.5,3.295,2536.14,Warning
2026-01-26 02:30:00,P-101,69.31,3.978,183.78,25.3,1438.3,3.583,2536.15,Warning
2026-01-26 02:45:00,P-101,74.24,4.432,199.43,27.77,1409.0,3.97,2536.16,Warning
2026-01-26 03:00:00,P-103,68.38,3.663,181.51,23.36,1466.7,3.75,2536.18,Warning
2026-01-26 03:15:00,P-101,70.3,4.025,181.91,24.85,1471.5,4.035,2536.2,Warning
2026-01-26 03:30:00,P-103,65.18,4.177,210.08,29.77,1418.5,4.021,2536.21,Warning
2026-01-26 03:45:00,P-101,68.03,4.362,215.84,28.85,1471.7,4.574,2536.22,Warning
2026-01-26 04:00:00,P-102,72.51,4.185,193.78,27.25,1457.2,3.561,2536.24,Warning
2026-01-26 04:15:00,P-101,76.05,4.152,200.56,24.55,1430.2,3.301,2536.26,Warning
2026-01-26 04:30:00,P-102,70.87,4.276,214.77,28.1,1446.2,3.807,2536.27,Warning
2026-01-26 04:45:00,P-103,71.59,3.858,180.49,25.16,1437.3,4.782,2536.28,Warning
2026-01-26 05:00:00,P-102,67.66,4.289,197.66,27.91,1466.6,3.385,2536.3,Warning
2026-01-26 05:15:00,P-102,71.32,4.305,204.92,27.13,1433.5,3.938,2536.32,Warning
2026-01-26 05:30:00,P-101,75.2,4.427,216.91,30.21,1488.2,4.617,2536.33,Warning
2026-01-26 05:45:00,P-104,71.72,4.344,208.53,29.07,1470.9,3.161,2536.34,Warning
2026-01-26 06:00:00,P-101,73.27,4.34,212.72,29.91,1428.0,4.708,2536.36,Warning
2026-01-26 06:15:00,P-104,74.45,4.637,216.19,31.01,1479.5,4.227,2536.38,Warning
2026-01-26 06:30:00,P-104,69.1,4.579,227.36,32.39,1463.1,3.836,2536.39,Warning
2026-01-26 06:45:00,P-102,73.17,4.353,220.51,29.08,1447.3,3.063,2536.41,Warning
2026-01-26 07:00:00,P-102,73.87,4.422,219.91,31.55,1462.2,3.805,2536.42,Warning
2026-01-26 07:15:00,P-101,70.96,4.627,242.65,33.95,1466.6,4.083,2536.44,Warning
2026-01-26 07:30:00,P-102,71.52,4.3,207.08,30.48,1436.4,3.789,2536.45,Warning
2026-01-26 07:45:00,P-102,72.2,4.423,227.67,33.44,1465.0,4.208,2536.46,Warning
2026-01-26 08:00:00,P-103,73.48,4.245,207.81,31.19,1442.2,3.708,2536.48,Warning
2026-01-26 08:15:00,P-103,69.88,4.623,231.69,32.94,1464.7,3.44,2536.5,Warning
2026-01-26 08:30:00,P-101,70.31,4.298,227.37,31.81,1447.5,3.795,2536.51,Warning
2026-01-26 08:45:00,P-101,69.59,,218.63,32.35,1431.9,4.063,2536.52,Warning
2026-01-26 09:00:00,P-104,73.91,4.444,217.68,30.09,1461.3,4.287,2536.54,Warning
2026-01-26 09:15:00,P-104,71.93,4.391,238.77,33.25,1443.2,3.947,2536.55,Warning
2026-01-26 09:30:00,P-101,72.01,4.489,239.21,34.88,1452.8,3.491,2536.57,Warning
2026-01-26 09:45:00,P-103,77.16,4.367,230.93,34.08,1457.4,4.71,2536.58,Warning
2026-01-26 10:00:00,P-102,72.55,4.674,231.26,34.9,1476.4,4.123,2536.6,Warning
2026-01-26 10:15:00,P-104,71.94,4.71,237.12,34.2,1442.2,4.187,2536.61,Warning
2026-01-26 10:30:00,P-104,76.54,4.554,229.85,31.51,1434.7,4.419,2536.63,Warning
2026-01-26 10:45:00,P-103,76.21,4.682,234.71,35.83,1479.6,3.583,2536.64,Warning
2026-01-26 11:00:00,P-102,75.53,4.882,243.32,34.13,1450.1,3.919,2536.66,Warning
2026-01-26 11:15:00,P-102,76.31,4.978,262.78,40.49,1440.2,4.29,2536.68,Warning
2026-01-26 11:30:00,P-102,69.8,4.739,233.26,33.76,1456.5,3.651,2536.69,Warning
2026-01-26 11:45:00,P-102,77.34,4.527,238.44,32.51,1443.8,4.233,2536.7,Warning
2026-01-26 12:00:00,P-101,75.79,4.921,250.05,34.64,1445.2,3.6,2536.72,Warning
2026-01-26 12:15:00,P-101,69.79,4.92,248.22,36.52,1496.3,4.105,2536.74,Warning
2026-01-26 12:30:00,P-103,70.14,4.551,229.69,34.09,1432.2,4.275,2536.75,Warning
2026-01-26 12:45:00,P-101,75.97,4.668,233.02,33.0,1424.1,3.666,2536.76,Warning
2026-01-26 13:00:00,P-102,76.53,4.837,242.35,35.35,1472.1,4.499,2536.78,Warning
2026-01-26 13:15:00,P-101,77.33,4.467,226.51,31.67,1443.2,3.981,2536.8,Warning
2026-01-26 13:30:00,P-102,76.55,4.761,229.21,33.31,1455.7,3.284,2536.81,Warning
2026-01-26 13:45:00,P-102,75.28,4.792,232.37,36.11,1461.5,4.018,2536.82,Warning
2026-01-26 14:00:00,P-101,73.93,4.578,254.62,38.32,1418.5,4.086,2536.84,Warning
2026-01-26 14:15:00,P-102,77.59,4.619,226.49,32.56,1470.5,3.159,2536.86,Warning
2026-01-26 14:30:00,P-101,72.73,4.267,222.03,31.08,1439.9,2.866,2536.87,Warning
2026-01-26 14:45:00,P-102,76.62,4.52,210.7,30.7,1484.2,3.795,2536.89,Warning
2026-01-26 15:00:00,P-101,64.45,5.044,227.87,29.03,1435.7,1.783,2536.9,Normal
2026-01-26 15:15:00,P-102,63.52,5.099,215.84,29.39,1478.2,2.179,2536.92,Normal
2026-01-26 15:30:00,P-101,67.0,5.136,226.31,29.67,1481.4,1.852,2536.93,Normal
2026-01-26 15:45:00,P-102,71.36,4.806,207.03,31.0,1441.2,1.94,2536.95,Normal
2026-01-26 16:00:00,P-102,67.13,4.915,224.41,33.32,1446.6,2.021,2536.96,Normal
2026-01-26 16:15:00,P-103,65.66,4.957,223.48,31.86,1444.3,1.959,2536.98,Normal
2026-01-26 16:30:00,P-102,64.7,5.153,212.15,30.89,1477.4,2.134,2536.99,Normal
2026-01-26 16:45:00,P-104,64.78,5.01,236.99,33.37,1453.2,2.098,2537.0,Normal
2026-01-26 17:00:00,P-104,68.73,4.997,217.43,31.63,1459.6,2.038,2537.02,Normal
2026-01-26 17:15:00,P-103,67.99,5.044,220.37,31.93,1447.4,1.588,2537.04,Normal
2026-01-26 17:30:00,P-101,64.99,5.02,210.24,29.83,1458.5,2.048,2537.05,Normal
2026-01-26 17:45:00,P-104,68.65,5.002,216.98,29.37,1459.7,2.304,2537.06,Normal
2026-01-26 18:00:00,P-103,66.64,4.881,216.2,28.89,1439.3,1.911,2537.08,Normal
2026-01-26 18:15:00,P-104,68.44,4.813,220.11,31.03,1481.9,2.122,2537.09,Normal
2026-01-26 18:30:00,P-104,65.95,4.918,207.72,27.43,1446.3,1.754,2537.11,Normal
2026-01-26 18:45:00,P-102,65.66,5.093,206.27,29.27,1468.5,2.124,2537.12,Normal
2026-01-26 19:00:00,P-102,61.97,4.676,188.94,26.49,1427.3,1.905,2537.14,Normal
2026-01-26 19:15:00,P-101,65.64,4.765,200.49,26.51,1462.3,1.869,2537.16,Normal
2026-01-26 19:30:00,P-101,68.18,4.884,207.57,28.7,1469.2,1.879,2537.17,Normal
2026-01-26 19:45:00,P-101,64.13,4.873,208.63,26.6,1454.8,2.0,2537.18,Normal
2026-01-26 20:00:00,P-103,67.95,4.971,218.64,29.56,1469.4,2.006,2537.2,Normal
2026-01-26 20:15:00,P-101,62.02,4.91,186.01,24.34,1437.3,1.605,2537.22,Normal
2026-01-26 20:30:00,P-104,66.94,4.936,207.13,26.25,1458.5,1.608,2537.23,Normal
2026-01-26 20:45:00,P-101,,4.811,197.58,25.18,1422.6,1.965,2537.24,Normal
2026-01-26 21:00:00,P-103,61.95,4.536,198.07,27.17,1452.7,1.709,2537.26,Normal
2026-01-26 21:15:00,P-104,,4.674,195.15,26.41,1435.7,1.844,2537.28,Normal
2026-01-26 21:30:00,P-101,66.48,4.7,195.6,26.47,1448.8,1.949,2537.29,Normal
2026-01-26 21:45:00,P-101,62.14,4.732,188.68,37.03,1474.8,6.767,2537.3,Normal
2026-01-26 22:00:00,P-102,62.84,4.883,207.72,30.07,1481.3,1.724,2537.32,Normal
2026-01-26 22:15:00,P-104,63.62,4.753,178.76,24.97,1426.9,2.111,2537.34,Normal
2026-01-26 22:30:00,P-102,69.01,4.593,201.19,28.68,1472.4,1.788,2537.35,Normal
2026-01-26 22:45:00,P-102,61.29,4.748,183.52,25.09,1475.2,1.951,2537.36,Normal
2026-01-26 23:00:00,P-103,64.99,4.78,198.84,26.04,1455.8,2.303,2537.38,Normal
2026-01-26 23:15:00,P-103,62.92,4.68,182.48,26.41,1474.4,1.801,2537.4,Normal
2026-01-26 23:30:00,P-104,62.53,4.89,201.93,27.38,1442.5,1.712,2537.41,Normal
2026-01-26 23:45:00,P-101,65.02,4.807,205.87,28.15,1440.7,1.956,2537.43,Normal
2026-01-27 00:00:00,P-104,61.4,4.84,187.9,35.03,1440.8,8.392,2537.44,Normal
2026-01-27 00:15:00,P-104,59.57,4.486,171.49,23.05,1462.9,1.681,2537.46,Normal
2026-01-27 00:30:00,P-104,58.02,4.834,192.58,23.58,1448.2,1.898,2537.47,Normal
2026-01-27 00:45:00,P-101,63.07,4.709,201.14,26.51,1437.1,2.027,2537.48,Normal
2026-01-27 01:00:00,P-104,64.34,4.932,186.32,25.28,1438.0,1.478,2537.5,Normal
2026-01-27 01:15:00,P-103,62.08,4.628,188.05,24.71,1450.0,2.039,2537.52,Normal
2026-01-27 01:30:00,P-104,64.9,5.117,200.7,26.05,1434.7,1.923,2537.53,Normal
2026-01-27 01:45:00,P-101,63.19,4.657,200.35,28.33,1462.0,1.744,2537.54,Normal
2026-01-27 02:00:00,P-102,62.33,4.973,197.25,28.69,1471.5,2.029,2537.56,Normal
2026-01-27 02:15:00,P-104,60.7,4.785,210.46,27.46,1467.5,1.696,2537.57,Normal
2026-01-27 02:30:00,P-104,61.47,,206.05,27.65,1502.4,1.748,2537.59,Normal
2026-01-27 02:45:00,P-103,58.17,4.794,198.7,26.02,1457.4,2.057,2537.6,Normal
2026-01-27 03:00:00,P-103,61.24,4.73,195.95,27.3,1480.5,1.919,2537.62,Normal
2026-01-27 03:15:00,P-103,61.0,4.429,198.97,28.23,1453.3,2.125,2537.64,Normal
2026-01-27 03:30:00,P-104,64.14,5.052,189.99,26.21,1445.0,1.711,2537.65,Normal
2026-01-27 03:45:00,P-102,63.57,4.982,208.85,30.64,1452.1,2.035,2537.66,Normal
2026-01-27 04:00:00,P-104,59.14,4.501,200.07,27.87,1453.0,1.973,2537.68,Normal
2026-01-27 04:15:00,P-103,,4.959,214.86,27.78,1447.8,2.022,2537.7,Normal
2026-01-27 04:30:00,P-104,60.5,4.961,206.13,28.16,1430.5,2.03,2537.71,Normal
2026-01-27 04:45:00,P-101,62.11,4.745,195.01,25.92,1432.4,1.97,2537.72,Normal
2026-01-27 05:00:00,P-103,60.4,4.816,203.28,29.89,1470.4,1.938,2537.74,Normal
2026-01-27 05:15:00,P-102,63.4,5.044,226.32,30.17,1465.0,1.682,2537.76,Normal
2026-01-27 05:30:00,P-102,61.07,5.129,212.42,29.26,1482.0,2.145,2537.77,Normal
2026-01-27 05:45:00,P-101,61.07,4.81,199.31,27.64,1442.9,1.438,2537.78,Normal
2026-01-27 06:00:00,P-102,57.39,5.126,214.5,28.49,1441.3,1.745,2537.8,Normal
2026-01-27 06:15:00,P-104,66.32,5.284,211.48,32.7,1429.3,1.972,2537.82,Normal
2026-01-27 06:30:00,P-101,58.64,4.959,220.04,26.8,1469.0,2.153,2537.83,Normal
2026-01-27 06:45:00,P-102,61.51,4.672,197.96,27.35,1433.9,1.867,2537.84,Normal
2026-01-27 07:00:00,P-103,62.61,5.183,232.47,34.86,1449.4,2.478,2537.86,Normal
2026-01-27 07:15:00,P-103,61.98,5.181,233.53,31.65,1455.6,1.829,2537.88,Normal
2026-01-27 07:30:00,P-104,61.17,5.074,228.38,32.12,1421.9,1.847,2537.89,Normal
2026-01-27 07:45:00,P-101,62.13,5.132,222.6,31.23,1464.0,1.632,2537.91,Normal
2026-01-27 08:00:00,P-102,64.03,5.306,237.2,35.3,1468.2,1.929,2537.92,Normal
2026-01-27 08:15:00,P-103,64.05,5.135,226.42,30.65,1455.0,1.934,2537.94,Normal
2026-01-27 08:30:00,P-101,66.5,5.205,243.94,34.39,1448.4,2.422,2537.95,Normal
2026-01-27 08:45:00,P-101,63.76,5.259,240.83,32.13,1449.4,2.319,2537.96,Normal
2026-01-27 09:00:00,P-102,66.7,5.451,232.31,33.51,1475.2,2.165,2537.98,Normal
2026-01-27 09:15:00,P-104,63.22,5.007,228.37,33.18,1451.0,2.068,2538.0,Normal
2026-01-27 09:30:00,P-102,65.28,5.227,229.17,34.5,1449.6,2.25,2538.01,Normal
2026-01-27 09:45:00,P-102,65.14,5.508,242.09,34.92,1437.6,2.421,2538.02,Normal
2026-01-27 10:00:00,P-104,61.45,4.985,226.28,32.04,1399.6,1.968,2538.04,Normal
2026-01-27 10:15:00,P-103,62.57,5.186,216.01,30.62,1469.7,1.946,2538.05,Normal
2026-01-27 10:30:00,P-102,65.47,5.411,242.37,35.43,1449.9,2.106,2538.07,Normal
2026-01-27 10:45:00,P-104,64.5,5.105,233.06,37.93,1434.2,1.876,2538.08,Normal
2026-01-27 11:00:00,P-104,65.53,5.36,240.55,31.18,1488.0,2.401,2538.1,Normal
2026-01-27 11:15:00,P-104,66.64,5.239,240.64,35.27,1457.9,2.076,2538.11,Normal
2026-01-27 11:30:00,P-102,64.21,5.202,234.72,35.53,1446.3,2.087,2538.13,Normal
2026-01-27 11:45:00,P-102,58.96,5.271,247.7,35.47,1468.3,2.469,2538.14,Normal
2026-01-27 12:00:00,P-102,68.55,5.393,240.22,35.27,1456.6,2.06,2538.16,Normal
2026-01-27 12:15:00,P-104,63.97,5.182,244.04,35.28,1456.3,2.358,2538.18,Normal
2026-01-27 12:30:00,P-101,63.14,5.154,231.63,33.8,1439.0,1.825,2538.19,Normal
2026-01-27 12:45:00,P-101,64.73,5.363,254.59,37.43,1462.5,2.379,2538.2,Normal
2026-01-27 13:00:00,P-101,63.23,5.034,222.92,32.71,1466.9,1.97,2538.22,Normal
2026-01-27 13:15:00,P-103,64.88,5.141,240.65,35.91,1439.1,1.896,2538.24,Normal
2026-01-27 13:30:00,P-101,62.67,5.012,214.94,31.4,1415.9,1.841,2538.25,Normal
2026-01-27 13:45:00,P-103,64.33,5.217,227.64,34.73,1467.1,2.16,2538.26,Normal
2026-01-27 14:00:00,P-101,66.81,5.213,230.14,34.43,1461.3,1.937,2538.28,Normal
2026-01-27 14:15:00,P-102,68.73,5.151,207.75,30.28,1465.2,2.074,2538.3,Normal
2026-01-27 14:30:00,P-101,68.39,5.248,233.42,34.69,1450.8,2.012,2538.31,Normal
2026-01-27 14:45:00,P-104,68.44,5.082,224.49,33.42,1467.3,1.801,2538.32,Normal
2026-01-27 15:00:00,P-103,63.67,4.851,210.94,29.16,1438.2,2.156,2538.34,Normal
2026-01-27 15:15:00,P-102,67.43,5.259,241.16,35.83,1446.6,2.202,2538.36,Normal
2026-01-27 15:30:00,P-104,68.72,5.249,233.76,33.94,1431.2,1.851,2538.37,Normal
2026-01-27 15:45:00,P-104,66.42,5.244,242.64,34.84,1470.8,2.287,2538.39,Normal
2026-01-27 16:00:00,P-103,65.94,5.169,224.73,33.68,1449.2,2.114,2538.4,Normal
2026-01-27 16:15:00,P-101,68.48,5.156,221.34,30.67,1454.2,1.985,2538.42,Normal
2026-01-27 16:30:00,P-101,70.15,5.225,235.01,34.86,1457.8,2.058,2538.43,Normal
2026-01-27 16:45:00,P-104,,,232.71,34.34,1445.7,2.38,2538.45,Normal
2026-01-27 17:00:00,P-103,64.91,5.046,223.55,34.44,1464.8,2.152,2538.46,Normal
2026-01-27 17:15:00,P-103,64.98,4.864,207.46,29.84,1479.8,2.209,2538.48,Normal
2026-01-27 17:30:00,P-101,63.44,5.125,208.26,30.45,1467.6,2.101,2538.49,Normal
2026-01-27 17:45:00,P-102,66.93,4.976,219.4,31.0,1419.0,2.06,2538.5,Normal
2026-01-27 18:00:00,P-104,65.23,4.646,181.81,27.13,1452.0,1.735,2538.52,Normal
2026-01-27 18:15:00,P-101,66.04,5.134,218.94,32.55,1452.8,2.025,2538.54,Normal
2026-01-27 18:30:00,P-102,68.7,5.026,230.85,32.9,1472.4,2.277,2538.55,Normal
2026-01-27 18:45:00,P-101,67.51,4.979,220.71,29.6,1440.1,1.998,2538.56,Normal
2026-01-27 19:00:00,P-102,67.79,5.092,228.91,30.58,1431.3,2.37,2538.58,Normal
2026-01-27 19:15:00,P-102,63.3,4.9,210.48,28.65,1465.0,2.117,2538.59,Normal
2026-01-27 19:30:00,P-104,65.02,4.563,199.04,26.37,1449.7,1.691,2538.61,Normal
2026-01-27 19:45:00,P-102,66.74,4.932,215.31,27.71,1438.8,1.836,2538.62,Normal
2026-01-27 20:00:00,P-103,68.09,4.921,187.17,24.82,1445.3,1.962,2538.64,Normal
2026-01-27 20:15:00,P-103,63.73,4.828,181.03,24.5,1424.6,1.547,2538.66,Normal
2026-01-27 20:30:00,P-102,67.38,4.665,216.89,29.74,1453.1,1.925,2538.67,Normal
2026-01-27 20:45:00,P-103,68.03,5.171,210.26,28.74,1444.5,1.776,2538.68,Normal
2026-01-27 21:00:00,P-104,63.36,4.531,177.19,23.94,1459.6,1.801,2538.7,Normal
2026-01-27 21:15:00,P-101,67.91,4.725,194.85,27.45,1446.3,1.736,2538.72,Normal
2026-01-27 21:30:00,P-103,66.9,4.842,194.65,25.51,1450.6,2.022,2538.73,Normal
2026-01-27 21:45:00,P-104,67.49,4.83,190.12,26.35,1441.8,1.759,2538.74,Normal
2026-01-27 22:00:00,P-103,65.38,4.787,190.98,24.5,1445.4,1.971,2538.76,Normal
2026-01-27 22:15:00,P-101,69.86,4.749,208.09,25.68,1429.7,1.609,2538.78,Normal
2026-01-27 22:30:00,P-101,62.31,4.888,200.81,23.74,1468.6,1.764,2538.79,Normal
2026-01-27 22:45:00,P-103,69.34,4.837,201.18,26.32,1449.2,1.664,2538.8,Normal
2026-01-27 23:00:00,P-101,65.18,4.549,190.14,24.75,1414.2,2.04,2538.82,Normal
2026-01-27 23:15:00,P-104,66.54,4.909,197.64,24.79,1421.5,1.702,2538.84,Normal
2026-01-27 23:30:00,P-104,61.4,4.654,178.03,24.72,1468.7,1.736,2538.85,Normal
2026-01-27 23:45:00,P-102,66.47,5.029,194.21,30.55,1449.2,1.993,2538.86,Normal
2026-01-28 00:00:00,P-103,66.06,4.811,177.57,26.7,1449.6,1.694,2538.88,Normal
2026-01-28 00:15:00,P-102,60.58,5.052,193.07,25.41,1450.0,1.627,2538.9,Normal
2026-01-28 00:30:00,P-104,60.36,4.52,178.85,22.93,1458.8,1.738,2538.91,Normal
2026-01-28 00:45:00,P-101,56.57,4.633,181.27,23.78,1477.6,1.406,2538.93,Normal
2026-01-28 01:00:00,P-103,62.59,4.907,202.61,26.32,1458.0,2.122,2538.94,Normal
2026-01-28 01:15:00,P-102,60.19,4.704,195.73,27.26,1455.5,1.802,2538.96,Normal
2026-01-28 01:30:00,P-102,59.4,4.645,180.53,24.94,1439.7,1.434,2538.97,Normal
2026-01-28 01:45:00,P-104,68.84,4.468,199.55,25.29,1422.2,1.833,2538.98,Normal
2026-01-28 02:00:00,P-103,64.65,4.678,187.71,26.52,1458.5,1.895,2539.0,Normal
2026-01-28 02:15:00,P-102,59.36,4.86,203.13,27.24,1460.0,1.768,2539.02,Normal
2026-01-28 02:30:00,P-103,62.31,4.731,190.6,25.49,1469.8,1.482,2539.03,Normal
2026-01-28 02:45:00,P-104,63.03,4.68,187.47,26.78,1480.8,1.835,2539.04,Normal
2026-01-28 03:00:00,P-104,61.33,4.994,210.34,30.03,1429.1,2.06,2539.06,Normal
2026-01-28 03:15:00,P-103,60.54,4.651,186.61,25.52,1438.9,1.849,2539.07,Normal
2026-01-28 03:30:00,P-104,60.62,4.74,186.79,25.77,1462.0,1.883,2539.09,Normal
2026-01-28 03:45:00,P-104,57.73,4.798,194.17,27.76,1450.0,2.04,2539.1,Normal
2026-01-28 04:00:00,P-101,59.33,4.969,200.0,29.81,1476.0,2.225,2539.12,Normal
2026-01-28 04:15:00,P-101,60.02,4.903,189.9,26.13,1446.5,1.336,2539.14,Normal
2026-01-28 04:30:00,P-102,,4.74,191.6,26.5,1486.0,1.573,2539.15,Normal
2026-01-28 04:45:00,P-103,60.04,5.058,207.56,28.74,1451.0,2.002,2539.16,Normal
2026-01-28 05:00:00,P-104,58.59,4.863,206.06,25.4,1479.3,1.947,2539.18,Normal
2026-01-28 05:15:00,P-101,60.37,4.821,202.34,30.31,1406.7,1.643,2539.2,Normal
2026-01-28 05:30:00,P-104,61.25,4.751,186.04,24.89,1458.8,1.704,2539.21,Normal
2026-01-28 05:45:00,P-102,60.25,4.857,211.9,27.64,1450.4,2.237,2539.22,Normal
2026-01-28 06:00:00,P-103,64.67,5.037,213.18,29.27,1412.3,1.916,2539.24,Normal
2026-01-28 06:15:00,P-103,60.49,5.084,225.86,30.93,1449.7,2.085,2539.26,Normal
2026-01-28 06:30:00,P-101,61.01,4.841,213.55,28.2,1427.7,2.28,2539.27,Normal
2026-01-28 06:45:00,P-101,62.1,5.145,226.02,33.97,1440.6,2.132,2539.28,Normal
2026-01-28 07:00:00,P-102,62.18,4.795,210.4,30.4,1455.5,2.127,2539.3,Normal
2026-01-28 07:15:00,P-104,59.29,4.973,219.74,30.88,1447.8,2.1,2539.32,Normal
2026-01-28 07:30:00,P-103,67.38,5.212,243.58,34.84,1456.4,2.081,2539.33,Normal
2026-01-28 07:45:00,P-102,58.37,,225.26,31.72,1452.8,2.002,2539.34,Normal
2026-01-28 08:00:00,P-104,65.33,5.217,216.93,30.73,1492.4,2.25,2539.36,Normal
2026-01-28 08:15:00,P-102,62.26,4.982,233.13,33.52,1454.7,2.069,2539.38,Normal
2026-01-28 08:30:00,P-101,64.8,5.28,235.35,34.41,1452.0,1.989,2539.39,Normal
2026-01-28 08:45:00,P-104,66.79,5.306,242.31,34.85,1457.6,2.381,2539.41,Normal
2026-01-28 09:00:00,P-104,63.86,5.06,220.87,32.94,1449.5,1.544,2539.42,Normal
2026-01-28 09:15:00,P-104,61.24,5.149,231.85,33.34,1421.5,2.397,2539.44,Normal
2026-01-28 09:30:00,P-103,64.47,5.15,227.9,33.2,1462.5,2.095,2539.45,Normal
2026-01-28 09:45:00,P-104,66.48,5.33,222.82,31.57,1473.2,2.072,2539.46,Normal
2026-01-28 10:00:00,P-104,61.44,5.149,230.09,35.28,1478.0,2.147,2539.48,Normal
2026-01-28 10:15:00,P-103,68.29,5.254,237.8,34.9,1462.4,2.381,2539.5,Normal
2026-01-28 10:30:00,P-104,65.69,5.019,245.34,36.61,1445.2,2.246,2539.51,Normal
2026-01-28 10:45:00,P-103,64.13,5.433,250.05,35.17,1454.7,2.219,2539.52,Normal
2026-01-28 11:00:00,P-102,61.93,5.343,229.31,34.26,1482.2,1.963,2539.54,Normal
2026-01-28 11:15:00,P-101,63.69,5.089,233.72,33.99,1446.0,2.015,2539.55,Normal
2026-01-28 11:30:00,P-103,60.85,5.236,245.39,34.74,1428.5,2.314,2539.57,Normal
2026-01-28 11:45:00,P-103,,5.241,236.41,32.98,1489.8,2.165,2539.58,Normal
2026-01-28 12:00:00,P-104,64.85,5.295,234.63,36.59,1431.7,2.499,2539.6,Normal
2026-01-28 12:15:00,P-103,62.62,5.287,237.81,36.05,1421.7,2.008,2539.61,Normal
2026-01-28 12:30:00,P-103,66.0,5.116,224.72,31.74,1455.7,1.893,2539.63,Normal
2026-01-28 12:45:00,P-102,64.04,5.372,233.18,31.86,1457.4,2.153,2539.64,Normal
2026-01-28 13:00:00,P-101,65.44,5.281,257.4,37.93,1458.2,2.225,2539.66,Normal
2026-01-28 13:15:00,P-104,64.81,5.535,221.34,33.68,1465.8,1.925,2539.68,Normal
2026-01-28 13:30:00,P-101,68.06,5.516,245.37,37.88,1447.1,2.151,2539.69,Normal
2026-01-28 13:45:00,P-102,65.62,5.266,231.53,32.79,1447.3,2.237,2539.7,Normal
2026-01-28 14:00:00,P-104,64.76,5.105,236.07,35.22,1439.7,1.916,2539.72,Normal
2026-01-28 14:15:00,P-103,,5.519,257.27,36.43,1452.5,2.068,2539.74,Normal
2026-01-28 14:30:00,P-104,65.17,5.162,223.56,32.52,1459.8,1.928,2539.75,Normal
2026-01-28 14:45:00,P-103,62.1,4.748,212.55,27.74,1466.3,1.874,2539.76,Normal
2026-01-28 15:00:00,P-101,66.91,5.108,235.26,36.54,1433.8,2.327,2539.78,Normal
2026-01-28 15:15:00,P-101,66.97,5.117,215.8,31.53,1427.6,1.949,2539.8,Normal
2026-01-28 15:30:00,P-104,67.73,5.117,223.43,33.2,1465.9,2.382,2539.81,Normal
2026-01-28 15:45:00,P-102,65.49,5.005,218.34,31.74,1440.5,1.857,2539.82,Normal
2026-01-28 16:00:00,P-103,68.28,5.259,228.76,30.56,1432.3,2.152,2539.84,Normal
2026-01-28 16:15:00,P-103,63.55,4.898,214.57,31.93,1416.7,1.995,2539.86,Normal
2026-01-28 16:30:00,P-103,64.31,5.003,216.98,31.67,1475.3,2.039,2539.87,Normal
2026-01-28 16:45:00,P-104,66.4,5.02,218.87,32.92,1455.0,1.622,2539.89,Normal
2026-01-28 17:00:00,P-101,68.91,5.01,206.82,28.35,1459.8,1.769,2539.9,Normal
2026-01-28 17:15:00,P-101,66.21,4.753,208.48,29.78,1457.9,1.943,2539.92,Normal
2026-01-28 17:30:00,P-101,65.51,4.914,208.87,28.18,1453.8,1.628,2539.93,Normal
2026-01-28 17:45:00,P-103,68.48,4.652,205.45,27.89,1449.6,1.38,2539.95,Normal
2026-01-28 18:00:00,P-103,65.29,4.894,215.6,27.87,1448.7,1.732,2539.96,Normal
2026-01-28 18:15:00,P-102,71.24,5.05,205.73,35.56,1432.4,2.036,2539.98,Normal
2026-01-28 18:30:00,P-104,64.63,4.988,211.32,29.14,1418.2,2.018,2539.99,Normal
2026-01-28 18:45:00,P-102,63.54,4.806,208.65,29.9,1490.4,1.708,2540.0,Normal
2026-01-28 19:00:00,P-104,65.52,4.962,206.58,28.1,1450.7,1.896,2540.02,Normal
2026-01-28 19:15:00,P-101,64.64,4.802,206.52,27.59,1442.1,1.959,2540.04,Normal
2026-01-28 19:30:00,P-102,64.49,5.092,207.63,30.03,1435.6,2.191,2540.05,Normal
2026-01-28 19:45:00,P-103,72.52,4.964,215.16,28.57,1468.9,2.218,2540.06,Normal
2026-01-28 20:00:00,P-104,65.63,4.436,196.66,25.77,1452.6,2.026,2540.08,Normal
2026-01-28 20:15:00,P-101,66.65,4.971,202.75,28.96,1434.5,1.812,2540.09,Normal
2026-01-28 20:30:00,P-102,63.8,4.729,197.5,26.16,1444.5,1.847,2540.11,Normal
2026-01-28 20:45:00,P-102,63.92,4.792,199.18,26.22,1455.6,1.896,2540.12,Normal
2026-01-28 21:00:00,P-104,68.35,4.96,210.0,28.03,1443.0,1.908,2540.14,Normal
2026-01-28 21:15:00,P-102,61.28,4.642,194.49,25.44,1464.7,1.627,2540.16,Normal
2026-01-28 21:30:00,P-102,60.22,4.605,174.79,20.95,1488.2,1.99,2540.17,Normal
2026-01-28 21:45:00,P-101,64.01,4.851,192.04,24.42,1442.4,1.935,2540.18,Normal
2026-01-28 22:00:00,P-103,68.04,4.891,199.16,27.56,1444.9,2.055,2540.2,Normal
2026-01-28 22:15:00,P-104,62.75,4.636,193.29,25.94,1435.1,1.924,2540.22,Normal
2026-01-28 22:30:00,P-104,65.4,4.929,195.29,29.89,1447.2,1.795,2540.23,Normal
2026-01-28 22:45:00,P-103,62.84,4.533,186.38,24.16,1414.7,1.498,2540.24,Normal
2026-01-28 23:00:00,P-103,64.73,4.5,177.41,21.43,1469.8,1.852,2540.26,Normal
2026-01-28 23:15:00,P-104,59.67,4.702,186.93,25.26,1426.0,1.935,2540.28,Normal
2026-01-28 23:30:00,P-101,62.89,4.58,179.77,23.31,1435.5,1.748,2540.29,Normal
2026-01-28 23:45:00,P-103,62.02,4.64,189.26,25.89,1451.5,2.173,2540.3,Normal
2026-01-29 00:00:00,P-102,65.69,4.963,198.13,28.08,1474.8,1.775,2540.32,Normal
2026-01-29 00:15:00,P-102,58.81,4.564,171.39,22.9,1434.6,1.629,2540.34,Normal
2026-01-29 00:30:00,P-101,61.07,4.596,177.62,23.27,1446.6,1.762,2540.35,Normal
2026-01-29 00:45:00,P-103,60.86,4.644,171.81,24.44,1455.3,1.652,2540.36,Normal
2026-01-29 01:00:00,P-102,59.61,4.791,183.7,23.64,1437.9,1.76,2540.38,Normal
2026-01-29 01:15:00,P-101,58.58,4.71,188.11,22.28,1447.8,1.973,2540.4,Normal
2026-01-29 01:30:00,P-104,61.58,4.629,193.01,30.01,1421.4,1.781,2540.41,Normal
2026-01-29 01:45:00,P-101,62.62,4.944,194.19,26.87,1440.5,1.772,2540.43,Normal
2026-01-29 02:00:00,P-103,60.14,4.795,192.94,27.0,1472.1,1.958,2540.44,Normal
2026-01-29 02:15:00,P-102,60.66,4.841,207.39,22.62,1464.7,1.602,2540.46,Normal
2026-01-29 02:30:00,P-104,57.37,4.742,199.23,28.39,1442.0,1.846,2540.47,Normal
2026-01-29 02:45:00,P-101,59.49,4.47,192.02,26.21,1431.8,1.769,2540.48,Normal
2026-01-29 03:00:00,P-103,64.04,4.583,197.8,25.79,1446.2,2.017,2540.5,Normal
2026-01-29 03:15:00,P-104,61.51,4.579,188.57,24.48,1423.7,1.939,2540.52,Normal
2026-01-29 03:30:00,P-102,61.47,4.943,195.27,28.41,1446.5,1.892,2540.53,Normal
2026-01-29 03:45:00,P-102,62.48,5.082,206.63,27.39,1442.6,1.936,2540.54,Normal
2026-01-29 04:00:00,P-102,59.22,4.89,204.14,28.21,1442.0,1.896,2540.56,Normal
2026-01-29 04:15:00,P-101,64.25,4.708,192.76,28.54,1447.5,1.834,2540.57,Normal
2026-01-29 04:30:00,P-104,65.75,4.809,208.05,28.87,1459.7,2.168,2540.59,Normal
2026-01-29 04:45:00,P-103,58.64,4.789,183.07,21.9,1431.3,1.841,2540.6,Normal
2026-01-29 05:00:00,P-102,66.85,4.77,205.33,27.67,1467.2,2.179,2540.62,Normal
2026-01-29 05:15:00,P-103,59.32,5.159,202.31,28.41,1470.3,1.78,2540.64,Normal
2026-01-29 05:30:00,P-101,58.17,5.155,205.03,28.67,1489.6,2.179,2540.65,Normal
2026-01-29 05:45:00,P-102,60.1,5.272,214.73,30.24,1455.3,2.032,2540.66,Normal
2026-01-29 06:00:00,P-101,60.55,5.009,210.05,29.24,1476.5,2.099,2540.68,Normal
2026-01-29 06:15:00,P-101,65.25,4.844,207.01,26.0,1467.6,1.58,2540.7,Normal
2026-01-29 06:30:00,P-104,60.53,5.035,211.64,31.05,1453.4,2.288,2540.71,Normal
2026-01-29 06:45:00,P-103,59.56,5.138,225.65,31.5,1428.1,2.098,2540.72,Normal
2026-01-29 07:00:00,P-101,59.63,4.972,227.58,31.77,1466.1,2.369,2540.74,Normal
2026-01-29 07:15:00,P-103,64.28,4.939,222.72,32.05,1454.3,2.248,2540.76,Normal
2026-01-29 07:30:00,P-103,64.89,5.133,228.57,32.98,1482.2,1.743,2540.77,Normal
2026-01-29 07:45:00,P-101,59.86,4.899,211.57,29.34,1463.3,2.268,2540.78,Normal
2026-01-29 08:00:00,P-102,58.08,5.27,227.66,31.23,1469.0,2.114,2540.8,Normal
2026-01-29 08:15:00,P-103,60.88,5.162,239.1,36.5,1439.6,2.273,2540.82,Normal
2026-01-29 08:30:00,P-102,64.59,4.99,212.0,29.8,1454.4,2.083,2540.83,Normal
2026-01-29 08:45:00,P-103,64.21,5.282,228.09,31.28,1415.4,2.092,2540.84,Normal
2026-01-29 09:00:00,P-102,62.33,5.262,226.69,32.18,1460.0,1.999,2540.86,Normal
2026-01-29 09:15:00,P-104,66.67,5.165,228.14,30.3,1471.9,2.22,2540.88,Normal
2026-01-29 09:30:00,P-103,66.56,5.149,221.56,32.41,1475.1,1.919,2540.89,Normal
2026-01-29 09:45:00,P-101,63.02,5.057,232.0,33.73,1443.6,2.125,2540.91,Normal
2026-01-29 10:00:00,P-103,65.06,5.492,245.85,36.62,1417.4,2.499,2540.92,Normal
2026-01-29 10:15:00,P-104,61.21,5.25,220.26,30.9,1440.3,1.846,2540.94,Normal
2026-01-29 10:30:00,P-104,62.14,4.89,225.44,33.0,1448.6,2.04,2540.95,Normal
2026-01-29 10:45:00,P-103,59.56,5.32,222.07,32.12,1457.4,2.283,2540.96,Normal
2026-01-29 11:00:00,P-101,62.46,5.302,246.74,35.27,1413.5,2.11,2540.98,Normal
2026-01-29 11:15:00,P-102,60.16,5.265,237.94,35.27,1448.1,1.785,2541.0,Normal
2026-01-29 11:30:00,P-104,66.91,5.245,234.62,33.5,1431.3,1.8,2541.01,Normal
2026-01-29 11:45:00,P-104,60.93,5.196,242.84,32.43,1476.0,2.051,2541.02,Normal
2026-01-29 12:00:00,P-101,68.34,5.13,232.34,34.72,1408.0,2.406,2541.04,Normal
2026-01-29 12:15:00,P-103,63.25,5.099,230.9,35.57,1468.2,2.008,2541.05,Normal
2026-01-29 12:30:00,P-104,71.26,5.522,262.87,38.57,1447.1,2.254,2541.07,Normal
2026-01-29 12:45:00,P-101,65.83,5.326,244.43,35.57,1413.2,2.25,2541.08,Normal
2026-01-29 13:00:00,P-104,61.32,4.997,238.99,31.98,1480.2,2.302,2541.1,Normal
2026-01-29 13:15:00,P-104,69.08,5.16,242.16,35.05,1474.3,2.344,2541.11,Normal
2026-01-29 13:30:00,P-103,68.14,4.99,230.97,34.36,1472.5,2.069,2541.13,Normal
2026-01-29 13:45:00,P-103,62.33,4.989,219.95,32.73,1451.7,2.143,2541.14,Normal
2026-01-29 14:00:00,P-101,66.23,5.354,243.42,36.0,1437.9,2.388,2541.16,Normal
2026-01-29 14:15:00,P-102,65.19,5.214,241.25,36.65,1451.2,1.903,2541.18,Normal
2026-01-29 14:30:00,P-101,66.91,5.395,235.89,35.21,1459.8,2.118,2541.19,Normal
2026-01-29 14:45:00,P-103,66.13,5.116,228.68,31.59,1440.2,1.871,2541.2,Normal
2026-01-29 15:00:00,P-104,65.46,5.111,233.5,31.12,1434.6,1.966,2541.22,Normal
2026-01-29 15:15:00,P-102,63.12,5.218,228.8,34.64,1458.9,2.261,2541.24,Normal
2026-01-29 15:30:00,P-102,65.57,5.337,238.25,34.45,1453.5,1.897,2541.25,Normal
2026-01-29 15:45:00,P-101,67.72,4.92,225.76,31.16,1466.7,2.472,2541.26,Normal
2026-01-29 16:00:00,P-101,64.63,5.158,209.08,30.91,1477.4,2.091,2541.28,Normal
2026-01-29 16:15:00,P-102,65.94,5.215,221.86,31.59,1465.4,1.961,2541.3,Normal
2026-01-29 16:30:00,P-102,65.48,5.168,239.94,33.49,1429.3,2.09,2541.31,Normal
2026-01-29 16:45:00,P-101,64.13,5.091,215.02,29.04,1449.8,1.734,2541.32,Normal
2026-01-29 17:00:00,P-101,70.19,5.059,229.63,33.5,1457.0,1.799,2541.34,Normal
2026-01-29 17:15:00,P-101,64.27,5.087,218.56,31.77,1464.6,1.966,2541.36,Normal
2026-01-29 17:30:00,P-103,68.69,5.008,224.45,31.49,1465.4,2.284,2541.37,Normal
2026-01-29 17:45:00,P-101,,5.182,222.81,31.53,1449.0,1.791,2541.39,Normal
2026-01-29 18:00:00,P-102,66.21,4.823,205.65,27.14,1441.2,2.16,2541.4,Normal
2026-01-29 18:15:00,P-101,63.15,4.801,197.84,24.13,1468.2,1.838,2541.42,Normal
2026-01-29 18:30:00,P-102,64.87,4.968,210.17,27.56,1456.8,1.967,2541.43,Normal
2026-01-29 18:45:00,P-104,66.8,5.123,222.75,29.94,1455.1,2.011,2541.45,Normal
2026-01-29 19:00:00,P-104,64.27,4.753,200.12,28.22,1437.3,2.04,2541.46,Normal
2026-01-29 19:15:00,P-102,65.88,4.911,192.0,26.85,1487.8,2.078,2541.48,Normal
2026-01-29 19:30:00,P-104,65.01,4.585,195.97,24.48,1454.5,1.763,2541.49,Normal
2026-01-29 19:45:00,P-101,71.86,4.75,224.04,26.84,1448.4,2.097,2541.5,Normal
2026-01-29 20:00:00,P-104,66.71,4.82,208.69,29.23,1454.5,2.174,2541.52,Normal
2026-01-29 20:15:00,P-101,61.68,4.989,213.81,28.5,1447.6,2.073,2541.54,Normal
2026-01-29 20:30:00,P-102,68.46,4.891,206.8,29.28,1426.8,1.854,2541.55,Normal
2026-01-29 20:45:00,P-103,64.93,4.78,196.14,27.48,1455.4,1.861,2541.56,Normal
2026-01-29 21:00:00,P-102,68.89,4.764,186.17,27.34,1423.9,1.66,2541.58,Normal
2026-01-29 21:15:00,P-102,67.6,4.755,185.68,25.22,1451.9,2.162,2541.59,Normal
2026-01-29 21:30:00,P-101,62.83,4.792,189.11,25.24,1421.3,1.867,2541.61,Normal
2026-01-29 21:45:00,P-103,68.11,4.789,211.08,30.2,1411.2,1.736,2541.62,Normal
2026-01-29 22:00:00,P-102,63.15,4.774,192.51,27.25,1461.0,1.706,2541.64,Normal
2026-01-29 22:15:00,P-101,63.36,4.701,185.69,25.27,1430.1,1.763,2541.66,Normal
2026-01-29 22:30:00,P-101,65.49,4.599,197.51,26.62,1457.8,2.083,2541.67,Normal
2026-01-29 22:45:00,P-103,64.94,4.458,177.74,24.06,1453.0,1.715,2541.68,Normal
2026-01-29 23:00:00,P-102,66.54,4.801,197.18,27.23,1452.6,2.005,2541.7,Normal
2026-01-29 23:15:00,P-104,62.6,4.647,180.12,25.18,1438.7,1.635,2541.72,Normal
2026-01-29 23:30:00,P-104,68.76,4.749,196.45,23.79,1447.6,1.948,2541.73,Normal
2026-01-29 23:45:00,P-104,62.83,4.73,196.0,25.88,1438.2,2.099,2541.74,Normal
2026-01-30 00:00:00,P-104,59.31,4.663,192.07,27.49,1467.0,1.965,2541.76,Normal
2026-01-30 00:15:00,P-103,59.31,4.662,196.1,24.34,1441.3,1.364,2541.78,Normal
2026-01-30 00:30:00,P-102,65.42,4.739,202.02,24.96,1445.5,1.775,2541.79,Normal
2026-01-30 00:45:00,P-101,61.8,4.849,190.71,26.67,1463.4,1.61,2541.8,Normal
2026-01-30 01:00:00,P-103,61.7,4.391,186.29,24.14,1438.8,1.892,2541.82,Normal
2026-01-30 01:15:00,P-102,60.13,4.749,179.18,23.57,1417.8,1.795,2541.84,Normal
2026-01-30 01:30:00,P-104,61.93,4.84,203.43,29.06,1430.9,2.211,2541.85,Normal
2026-01-30 01:45:00,P-101,59.65,4.781,189.47,24.95,1469.0,1.752,2541.86,Normal
2026-01-30 02:00:00,P-103,61.69,4.808,188.79,24.16,1451.5,1.79,2541.88,Normal
2026-01-30 02:15:00,P-104,60.58,4.608,185.45,22.61,1455.3,1.777,2541.9,Normal
2026-01-30 02:30:00,P-103,63.11,4.968,202.7,27.49,1455.3,2.033,2541.91,Normal
2026-01-30 02:45:00,P-103,62.44,4.677,202.24,27.99,1482.2,1.71,2541.93,Normal
2026-01-30 03:00:00,P-101,60.58,4.845,208.86,26.68,1412.6,1.706,2541.94,Normal
2026-01-30 03:15:00,P-101,57.51,4.74,201.63,24.62,1447.7,1.744,2541.96,Normal
2026-01-30 03:30:00,P-101,58.02,4.863,208.24,27.11,1450.5,2.01,2541.97,Normal
2026-01-30 03:45:00,P-103,66.95,4.643,196.83,25.31,1449.6,2.028,2541.98,Normal
2026-01-30 04:00:00,P-103,63.87,4.864,195.58,26.59,1464.4,1.858,2542.0,Normal
2026-01-30 04:15:00,P-103,64.66,5.128,212.94,28.48,1464.8,2.065,2542.02,Normal
2026-01-30 04:30:00,P-102,60.14,4.829,206.13,31.24,1446.1,2.055,2542.03,Normal
2026-01-30 04:45:00,P-104,59.99,4.818,195.16,26.97,1419.6,1.853,2542.04,Normal
2026-01-30 05:00:00,P-102,58.32,4.926,207.68,25.0,1495.2,1.867,2542.06,Normal
2026-01-30 05:15:00,P-104,58.13,4.891,211.01,29.0,1449.9,2.089,2542.07,Normal
2026-01-30 05:30:00,P-101,61.23,5.253,224.4,31.83,1451.6,2.405,2542.09,Normal
2026-01-30 05:45:00,P-101,62.22,4.728,196.61,27.78,1472.7,2.031,2542.1,Normal
2026-01-30 06:00:00,P-104,,4.981,214.08,29.95,1442.9,2.213,2542.12,Normal
2026-01-30 06:15:00,P-104,57.81,4.745,191.74,27.57,1473.3,2.276,2542.14,Normal
2026-01-30 06:30:00,P-103,60.02,4.963,203.93,31.52,1444.5,1.84,2542.15,Normal
2026-01-30 06:45:00,P-101,62.71,4.99,217.16,28.76,1482.9,2.12,2542.16,Normal
2026-01-30 07:00:00,P-102,59.87,5.078,210.58,31.22,1458.2,2.263,2542.18,Normal
2026-01-30 07:15:00,P-103,61.32,4.932,215.26,30.46,1437.8,2.175,2542.2,Normal
2026-01-30 07:30:00,P-104,62.65,4.992,215.64,30.98,1489.2,1.941,2542.21,Normal
2026-01-30 07:45:00,P-103,62.28,5.097,215.19,30.2,1460.8,1.884,2542.22,Normal
2026-01-30 08:00:00,P-103,61.29,5.141,212.54,31.37,1439.0,2.276,2542.24,Normal
2026-01-30 08:15:00,P-102,61.47,5.266,237.05,34.32,1424.7,2.202,2542.26,Normal
2026-01-30 08:30:00,P-101,61.83,5.424,239.15,34.71,1462.6,2.19,2542.27,Normal
2026-01-30 08:45:00,P-103,60.8,5.291,231.85,35.48,1474.9,2.153,2542.28,Normal
2026-01-30 09:00:00,P-101,57.89,5.085,218.57,31.04,1457.0,2.287,2542.3,Normal
2026-01-30 09:15:00,P-103,62.91,5.281,226.2,32.68,1455.9,2.309,2542.32,Normal
2026-01-30 09:30:00,P-102,65.47,5.424,237.74,32.93,1478.1,2.13,2542.33,Normal
2026-01-30 09:45:00,P-103,59.29,5.25,229.09,33.94,1460.8,2.232,2542.34,Normal
2026-01-30 10:00:00,P-103,64.05,5.074,233.42,34.29,1438.2,2.169,2542.36,Normal
2026-01-30 10:15:00,P-103,65.25,5.298,240.07,34.08,1438.9,2.291,2542.38,Normal
2026-01-30 10:30:00,P-101,61.43,5.417,254.5,39.75,1460.0,2.501,2542.39,Normal
2026-01-30 10:45:00,P-102,65.14,5.376,252.77,36.58,1459.0,2.488,2542.41,Normal
2026-01-30 11:00:00,P-102,66.31,4.868,221.18,28.68,1469.6,1.743,2542.42,Normal
2026-01-30 11:15:00,P-101,67.83,5.274,254.43,36.9,1456.6,2.399,2542.44,Normal
2026-01-30 11:30:00,P-104,59.61,5.112,221.95,32.46,1462.2,2.37,2542.45,Normal
2026-01-30 11:45:00,P-102,67.06,5.152,238.56,36.57,1456.3,2.089,2542.46,Normal
2026-01-30 12:00:00,P-101,,5.286,249.98,38.1,1467.4,2.576,2542.48,Normal
2026-01-30 12:15:00,P-101,65.69,5.236,236.3,34.01,1463.4,2.212,2542.5,Normal
2026-01-30 12:30:00,P-103,64.15,5.212,235.45,32.46,1445.3,2.361,2542.51,Normal
2026-01-30 12:45:00,P-104,65.17,5.235,235.98,37.79,1446.6,2.322,2542.52,Normal
2026-01-30 13:00:00,P-101,64.85,5.152,232.86,35.02,1455.8,1.945,2542.54,Normal
2026-01-30 13:15:00,P-101,65.89,5.282,232.71,36.32,1452.0,2.343,2542.55,Normal
2026-01-30 13:30:00,P-102,65.63,,246.28,37.08,1473.7,2.307,2542.57,Normal
2026-01-30 13:45:00,P-102,65.5,5.048,232.48,34.32,1453.8,2.065,2542.58,Normal
2026-01-30 14:00:00,P-103,63.3,5.098,222.72,33.45,1424.4,2.418,2542.6,Normal
2026-01-30 14:15:00,P-102,68.21,5.141,250.47,34.42,1428.7,1.854,2542.61,Normal
2026-01-30 14:30:00,P-103,67.14,5.298,236.43,33.11,1445.7,2.047,2542.63,Normal
2026-01-30 14:45:00,P-104,63.42,5.259,231.37,34.5,1463.0,2.421,2542.64,Normal
2026-01-30 15:00:00,P-103,67.97,5.095,224.91,30.42,1436.9,2.249,2542.66,Normal
2026-01-30 15:15:00,P-104,65.12,5.039,219.54,33.19,1461.7,1.939,2542.68,Normal
2026-01-30 15:30:00,P-101,66.34,5.122,224.74,31.87,1436.2,1.927,2542.69,Normal
2026-01-30 15:45:00,P-101,67.65,5.105,219.18,33.91,1452.9,2.014,2542.7,Normal
2026-01-30 16:00:00,P-102,67.98,5.116,232.68,32.97,1457.5,2.188,2542.72,Normal
2026-01-30 16:15:00,P-102,70.0,5.101,235.97,32.81,1429.4,2.056,2542.74,Normal
2026-01-30 16:30:00,P-104,65.77,5.052,213.85,32.02,1457.1,2.042,2542.75,Normal
2026-01-30 16:45:00,P-101,70.11,5.163,228.54,33.36,1479.1,2.158,2542.76,Normal
2026-01-30 17:00:00,P-102,68.02,5.41,234.14,34.41,1446.4,2.069,2542.78,Normal
2026-01-30 17:15:00,P-104,67.82,4.999,216.33,32.76,1451.4,1.971,2542.8,Normal
2026-01-30 17:30:00,P-102,66.58,4.966,208.29,30.31,1454.6,1.765,2542.81,Normal
2026-01-30 17:45:00,P-103,70.52,5.185,224.51,34.25,1451.6,2.104,2542.82,Normal
2026-01-30 18:00:00,P-102,67.83,5.133,209.71,30.56,1450.4,1.991,2542.84,Normal
2026-01-30 18:15:00,P-101,65.35,4.866,209.21,28.91,1449.0,1.83,2542.86,Normal
2026-01-30 18:30:00,P-101,64.4,5.065,199.92,29.87,1421.8,2.01,2542.87,Normal
2026-01-30 18:45:00,P-101,65.1,4.82,202.38,28.17,1458.2,2.126,2542.89,Normal
2026-01-30 19:00:00,P-104,62.9,5.068,199.04,25.4,1430.7,1.88,2542.9,Normal
2026-01-30 19:15:00,P-104,64.03,4.984,208.63,28.56,1456.8,2.06,2542.92,Normal
2026-01-30 19:30:00,P-102,60.25,4.649,201.06,26.52,1462.6,2.065,2542.93,Normal
2026-01-30 19:45:00,P-102,64.84,5.102,224.09,33.88,1457.3,2.101,2542.95,Normal
2026-01-30 20:00:00,P-104,68.74,4.898,188.16,25.76,1434.1,2.008,2542.96,Normal
2026-01-30 20:15:00,P-104,62.62,4.717,190.18,25.11,1455.7,1.413,2542.98,Normal
2026-01-30 20:30:00,P-103,69.68,4.844,203.53,27.39,1446.2,1.796,2542.99,Normal
2026-01-30 20:45:00,P-103,67.13,5.016,207.98,28.53,1439.4,1.777,2543.0,Normal
2026-01-30 21:00:00,P-104,64.64,4.743,198.66,25.04,1487.1,2.133,2543.02,Normal
2026-01-30 21:15:00,P-103,61.72,4.793,191.93,27.96,1433.8,2.015,2543.04,Normal
2026-01-30 21:30:00,P-102,62.68,4.477,175.89,21.97,1458.9,1.532,2543.05,Normal
2026-01-30 21:45:00,P-104,67.7,4.892,190.91,24.82,1477.5,1.637,2543.06,Normal
2026-01-30 22:00:00,P-104,66.42,4.493,186.77,23.51,1456.9,1.535,2543.08,Normal
2026-01-30 22:15:00,P-103,62.67,4.578,178.6,23.59,1438.9,1.786,2543.09,Normal
2026-01-30 22:30:00,P-104,61.16,4.789,195.45,25.11,1440.1,1.878,2543.11,Normal
2026-01-30 22:45:00,P-103,59.27,4.511,168.45,20.75,1424.9,1.621,2543.12,Normal
2026-01-30 23:00:00,P-103,60.15,4.44,168.91,24.39,1451.7,1.591,2543.14,Normal
2026-01-30 23:15:00,P-101,65.36,4.537,182.25,23.29,1452.3,1.788,2543.16,Normal
2026-01-30 23:30:00,P-101,65.69,4.69,184.03,23.99,1445.5,2.238,2543.17,Normal
2026-01-30 23:45:00,P-104,63.46,4.643,194.82,27.14,1475.6,1.778,2543.18,Normal
2026-01-31 00:00:00,P-104,62.11,4.479,187.39,24.58,1449.3,2.047,2543.2,Normal
2026-01-31 00:15:00,P-104,66.54,4.827,190.09,26.24,1422.1,1.823,2543.22,Normal
2026-01-31 00:30:00,P-103,60.7,4.665,189.58,25.66,1477.3,2.043,2543.23,Normal
2026-01-31 00:45:00,P-104,63.16,4.884,194.67,26.98,1429.3,2.003,2543.24,Normal
2026-01-31 01:00:00,P-103,62.89,4.685,178.84,25.07,1459.9,1.822,2543.26,Normal
2026-01-31 01:15:00,P-101,60.1,4.712,188.68,26.8,1462.2,1.965,2543.28,Normal
2026-01-31 01:30:00,P-102,60.66,4.773,193.84,25.38,1449.3,2.082,2543.29,Normal
2026-01-31 01:45:00,P-104,60.03,4.604,190.73,27.21,1467.6,1.861,2543.3,Normal
2026-01-31 02:00:00,P-104,64.12,4.601,185.89,26.93,1452.1,1.79,2543.32,Normal
2026-01-31 02:15:00,P-102,65.17,4.684,185.48,25.57,1444.3,1.952,2543.34,Normal
2026-01-31 02:30:00,P-101,60.68,4.545,183.01,23.76,1413.2,2.104,2543.35,Normal
2026-01-31 02:45:00,P-101,60.87,4.891,194.34,26.73,1419.6,1.642,2543.36,Normal
2026-01-31 03:00:00,P-104,59.61,4.734,197.5,26.04,1500.3,1.641,2543.38,Normal
2026-01-31 03:15:00,P-103,60.36,4.558,190.46,27.67,1464.0,2.098,2543.4,Normal
2026-01-31 03:30:00,P-104,59.1,4.679,207.55,25.65,1473.4,1.755,2543.41,Normal
2026-01-31 03:45:00,P-104,59.57,4.723,186.85,26.84,1496.1,2.053,2543.43,Normal
2026-01-31 04:00:00,P-104,62.64,4.87,210.14,28.97,1444.3,1.849,2543.44,Normal
2026-01-31 04:15:00,P-101,60.02,4.906,200.4,27.74,1448.3,1.843,2543.46,Normal
2026-01-31 04:30:00,P-102,59.65,4.858,193.99,26.08,1421.2,2.069,2543.47,Normal
2026-01-31 04:45:00,P-102,61.17,5.244,218.78,29.11,1445.7,2.125,2543.48,Normal
2026-01-31 05:00:00,P-103,59.68,4.988,206.21,28.62,1445.2,1.718,2543.5,Normal
2026-01-31 05:15:00,P-102,58.68,4.594,187.04,25.66,1443.8,1.99,2543.52,Normal
2026-01-31 05:30:00,P-101,63.56,4.983,212.33,31.86,1469.8,1.92,2543.53,Normal
2026-01-31 05:45:00,P-104,56.65,4.872,205.52,30.23,1463.8,2.036,2543.54,Normal
2026-01-31 06:00:00,P-102,64.2,5.002,206.29,28.31,1467.4,1.988,2543.56,Normal
2026-01-31 06:15:00,P-101,,4.879,206.67,31.52,1428.9,1.985,2543.57,Normal
2026-01-31 06:30:00,P-104,63.65,5.044,225.49,33.47,1451.4,1.983,2543.59,Normal
2026-01-31 06:45:00,P-104,63.0,4.875,207.85,31.71,1457.1,1.738,2543.6,Normal
2026-01-31 07:00:00,P-104,58.86,4.86,209.4,28.24,1484.5,1.863,2543.62,Normal
2026-01-31 07:15:00,P-104,60.1,5.038,228.34,32.03,1453.0,2.218,2543.64,Normal
2026-01-31 07:30:00,P-102,59.05,4.992,222.08,30.62,1447.9,2.124,2543.65,Normal
2026-01-31 07:45:00,P-104,63.06,5.117,238.05,37.6,1470.4,2.045,2543.66,Normal
2026-01-31 08:00:00,P-104,63.59,5.223,232.17,32.14,1446.2,2.291,2543.68,Normal
2026-01-31 08:15:00,P-101,58.91,4.976,209.22,28.55,1459.3,2.034,2543.7,Normal
2026-01-31 08:30:00,P-103,64.03,4.993,234.49,31.94,1458.8,2.246,2543.71,Normal
2026-01-31 08:45:00,P-103,59.08,5.326,240.93,35.18,1441.5,2.053,2543.72,Normal
2026-01-31 09:00:00,P-102,63.28,5.115,250.36,35.12,1438.4,2.551,2543.74,Normal
2026-01-31 09:15:00,P-102,67.1,5.499,245.95,37.07,1449.4,2.337,2543.76,Normal
2026-01-31 09:30:00,P-101,61.78,5.286,231.36,30.21,1442.2,2.364,2543.77,Normal
2026-01-31 09:45:00,P-103,62.25,5.27,247.14,34.63,1423.0,2.097,2543.78,Normal
2026-01-31 10:00:00,P-102,61.35,5.037,229.02,30.56,1463.0,1.789,2543.8,Normal
2026-01-31 10:15:00,P-103,57.17,5.153,238.33,36.25,1460.3,2.011,2543.82,Normal
2026-01-31 10:30:00,P-103,60.44,5.05,223.71,32.28,1436.6,2.283,2543.83,Normal
2026-01-31 10:45:00,P-104,65.75,5.155,226.27,33.71,1434.9,1.935,2543.84,Normal
2026-01-31 11:00:00,P-102,62.3,5.334,233.55,32.07,1458.8,2.408,2543.86,Normal
2026-01-31 11:15:00,P-103,64.16,5.43,246.66,37.59,1481.5,2.106,2543.88,Normal
2026-01-31 11:30:00,P-102,60.14,5.426,235.3,37.88,1468.4,2.303,2543.89,Normal
2026-01-31 11:45:00,P-103,61.39,,238.82,35.27,1471.6,2.245,2543.91,Normal
2026-01-31 12:00:00,P-101,66.3,4.98,230.2,31.83,1444.5,2.05,2543.92,Normal
2026-01-31 12:15:00,P-104,66.14,5.119,241.7,34.83,1457.5,2.113,2543.94,Normal
2026-01-31 12:30:00,P-103,61.7,5.178,234.26,34.27,1447.6,1.963,2543.95,Normal
2026-01-31 12:45:00,P-104,64.78,5.169,236.11,37.19,1436.9,2.588,2543.96,Normal
2026-01-31 13:00:00,P-103,66.53,5.373,240.6,37.41,1453.5,2.344,2543.98,Normal
2026-01-31 13:15:00,P-101,63.99,5.417,242.67,37.45,1434.4,1.948,2544.0,Normal
2026-01-31 13:30:00,P-103,60.71,5.217,235.88,32.2,1436.6,1.883,2544.01,Normal
2026-01-31 13:45:00,P-103,63.11,5.026,208.81,30.7,1442.0,2.099,2544.02,Normal
2026-01-31 14:00:00,P-104,65.71,4.821,224.4,30.5,1443.9,2.054,2544.04,Normal
2026-01-31 14:15:00,P-104,68.72,5.482,241.44,33.32,1449.5,1.914,2544.05,Normal
2026-01-31 14:30:00,P-101,67.8,4.96,231.24,32.41,1412.8,2.582,2544.07,Normal
2026-01-31 14:45:00,P-104,62.22,5.087,219.96,31.5,1433.2,1.594,2544.08,Normal
2026-01-31 15:00:00,P-103,67.99,5.383,242.33,36.35,1478.3,2.148,2544.1,Normal
2026-01-31 15:15:00,P-104,66.99,5.305,233.35,36.15,1449.8,2.204,2544.11,Normal
2026-01-31 15:30:00,P-102,66.32,4.983,234.73,32.98,1460.1,1.994,2544.13,Normal
2026-01-31 15:45:00,P-103,65.8,4.962,220.11,34.35,1457.5,2.242,2544.14,Normal
2026-01-31 16:00:00,P-101,64.98,5.128,215.8,31.3,1448.1,2.18,2544.16,Normal
2026-01-31 16:15:00,P-101,60.13,5.171,216.94,29.86,1434.1,2.125,2544.18,Normal
2026-01-31 16:30:00,P-101,70.56,5.084,234.49,34.62,1440.1,2.158,2544.19,Normal
2026-01-31 16:45:00,P-101,67.65,5.142,221.4,31.31,1485.3,2.186,2544.2,Normal
2026-01-31 17:00:00,P-102,63.91,4.923,227.89,30.86,1440.4,2.058,2544.22,Normal
2026-01-31 17:15:00,P-102,68.58,5.203,225.55,32.23,1481.0,1.839,2544.24,Normal
2026-01-31 17:30:00,P-102,64.4,4.794,211.66,27.49,1442.5,2.133,2544.25,Normal
2026-01-31 17:45:00,P-103,66.13,5.065,218.17,30.42,1444.3,2.378,2544.26,Normal
2026-01-31 18:00:00,P-104,64.34,4.933,214.95,31.03,1451.4,2.003,2544.28,Normal
2026-01-31 18:15:00,P-104,65.13,4.865,185.11,25.58,1446.8,1.862,2544.3,Normal
2026-01-31 18:30:00,P-103,62.44,4.772,183.95,25.41,1433.1,1.848,2544.31,Normal
2026-01-31 18:45:00,P-102,62.68,4.754,194.91,29.05,1449.7,1.672,2544.32,Normal
2026-01-31 19:00:00,P-102,68.87,4.991,204.58,28.93,1423.5,1.893,2544.34,Normal
2026-01-31 19:15:00,P-103,65.48,5.151,199.03,26.84,1456.6,2.098,2544.36,Normal
2026-01-31 19:30:00,P-104,65.48,4.972,206.37,26.55,1454.0,1.994,2544.37,Normal
2026-01-31 19:45:00,P-103,68.78,5.019,216.08,30.6,1463.1,2.353,2544.39,Normal
2026-01-31 20:00:00,P-102,62.74,4.621,190.11,23.38,1441.1,1.975,2544.4,Normal
2026-01-31 20:15:00,P-101,64.14,4.744,200.91,25.59,1463.3,1.831,2544.42,Normal
2026-01-31 20:30:00,P-101,65.98,4.915,191.27,26.8,1457.8,2.037,2544.43,Normal
2026-01-31 20:45:00,P-102,60.81,4.619,192.71,26.79,1452.3,1.808,2544.45,Normal
2026-01-31 21:00:00,P-104,65.2,4.782,188.96,27.93,1485.6,1.585,2544.46,Normal
2026-01-31 21:15:00,P-102,61.41,4.796,177.56,24.52,1458.5,1.964,2544.48,Normal
2026-01-31 21:30:00,P-104,67.48,4.901,194.79,28.12,1441.7,2.04,2544.49,Normal
2026-01-31 21:45:00,P-104,64.73,4.555,189.32,24.05,1477.7,2.346,2544.5,Normal
2026-01-31 22:00:00,P-104,66.7,5.18,199.13,29.23,1459.2,1.877,2544.52,Normal
2026-01-31 22:15:00,P-103,60.21,4.936,183.78,27.56,1482.0,1.976,2544.54,Normal
2026-01-31 22:30:00,P-101,64.28,4.873,192.23,27.09,1416.6,1.769,2544.55,Normal
2026-01-31 22:45:00,P-102,60.76,4.863,187.73,24.6,1444.6,1.678,2544.56,Normal
2026-01-31 23:00:00,P-103,63.1,4.674,187.29,24.92,1444.6,2.251,2544.58,Normal
2026-01-31 23:15:00,P-104,57.41,4.74,187.22,23.9,1416.0,1.424,2544.59,Normal
2026-01-31 23:30:00,P-104,59.57,4.662,188.17,25.88,1453.0,1.829,2544.61,Normal
2026-01-31 23:45:00,P-102,65.57,4.567,195.01,24.57,1443.3,2.159,2544.62,Normal
2026-02-01 00:00:00,P-103,62.61,4.94,182.93,24.32,1414.0,1.501,2544.64,Normal
2026-02-01 00:15:00,P-103,61.44,4.521,181.79,25.5,1436.2,1.727,2544.66,Normal
2026-02-01 00:30:00,P-104,59.62,4.683,179.34,24.54,1475.0,1.954,2544.67,Normal
2026-02-01 00:45:00,P-101,61.7,4.946,214.5,27.34,1466.4,1.751,2544.68,Normal
2026-02-01 01:00:00,P-104,62.23,4.763,193.74,24.84,1437.2,1.886,2544.7,Normal
2026-02-01 01:15:00,P-102,62.36,4.843,205.68,26.98,1436.7,1.786,2544.72,Normal
2026-02-01 01:30:00,P-104,64.82,4.693,192.55,24.96,1465.5,2.069,2544.73,Normal
2026-02-01 01:45:00,P-104,61.3,4.768,194.52,25.06,1414.6,2.094,2544.74,Normal
2026-02-01 02:00:00,P-103,60.3,4.675,181.59,37.74,1460.7,5.023,2544.76,Normal
2026-02-01 02:15:00,P-102,57.8,4.705,188.23,25.31,1417.0,1.312,2544.78,Normal
2026-02-01 02:30:00,P-102,60.56,4.767,202.85,24.32,1479.6,1.968,2544.79,Normal
2026-02-01 02:45:00,P-103,62.9,4.751,204.4,27.01,1461.9,2.15,2544.8,Normal
2026-02-01 03:00:00,P-102,60.39,5.041,197.78,28.12,1416.8,1.986,2544.82,Normal
2026-02-01 03:15:00,P-102,61.13,4.981,198.81,28.51,1443.2,2.041,2544.84,Normal
2026-02-01 03:30:00,P-101,62.2,4.888,195.32,27.32,1455.7,1.982,2544.85,Normal
2026-02-01 03:45:00,P-101,65.67,4.892,221.0,30.97,1414.2,1.942,2544.86,Normal
2026-02-01 04:00:00,P-104,61.12,4.709,202.47,27.02,1449.2,1.774,2544.88,Normal
2026-02-01 04:15:00,P-104,65.51,5.169,219.96,29.99,1458.7,2.075,2544.9,Normal
2026-02-01 04:30:00,P-103,61.77,4.804,199.17,25.73,1412.8,1.863,2544.91,Normal
2026-02-01 04:45:00,P-103,62.55,4.889,191.18,27.69,1463.4,2.023,2544.93,Normal
2026-02-01 05:00:00,P-101,58.45,4.629,193.72,28.98,1447.8,1.729,2544.94,Normal
2026-02-01 05:15:00,P-103,62.56,5.313,219.36,33.58,1466.5,2.029,2544.96,Normal
2026-02-01 05:30:00,P-104,61.26,5.117,214.3,29.92,1445.8,2.041,2544.97,Normal
2026-02-01 05:45:00,P-104,61.93,4.913,211.28,28.55,1431.0,1.831,2544.98,Normal
2026-02-01 06:00:00,P-101,63.97,5.139,224.82,31.79,1429.2,1.824,2545.0,Normal
2026-02-01 06:15:00,P-103,62.08,5.138,227.49,28.7,1444.4,2.168,2545.02,Normal
2026-02-01 06:30:00,P-102,64.98,5.022,233.17,33.64,1446.6,1.905,2545.03,Normal
2026-02-01 06:45:00,P-101,58.75,5.085,191.92,28.84,1469.2,1.975,2545.04,Normal
2026-02-01 07:00:00,P-104,63.21,5.074,226.22,32.64,1445.0,2.125,2545.06,Normal
2026-02-01 07:15:00,P-103,63.44,4.931,212.19,31.81,1421.9,2.284,2545.07,Normal
2026-02-01 07:30:00,P-102,61.47,4.764,206.25,30.67,1441.8,2.364,2545.09,Normal
2026-02-01 07:45:00,P-103,63.15,5.303,232.45,35.68,1422.6,2.379,2545.1,Normal
2026-02-01 08:00:00,P-102,63.38,5.106,223.6,33.38,1456.3,1.945,2545.12,Normal
2026-02-01 08:15:00,P-101,60.91,5.244,232.34,33.73,1460.4,2.089,2545.14,Normal
2026-02-01 08:30:00,P-102,64.93,5.35,247.11,37.23,1463.5,2.304,2545.15,Normal
2026-02-01 08:45:00,P-103,62.88,4.996,219.05,30.36,1444.6,2.084,2545.16,Normal
2026-02-01 09:00:00,P-101,59.41,5.184,239.21,32.65,1437.4,2.128,2545.18,Normal
2026-02-01 09:15:00,P-103,64.04,5.16,235.09,34.32,1440.8,2.365,2545.2,Normal
2026-02-01 09:30:00,P-102,61.21,5.27,240.29,35.02,1448.4,2.223,2545.21,Normal
2026-02-01 09:45:00,P-103,61.8,5.429,237.36,31.03,1440.8,2.278,2545.22,Normal
2026-02-01 10:00:00,P-101,62.96,5.251,223.12,34.84,1479.0,1.912,2545.24,Normal
2026-02-01 10:15:00,P-101,62.97,5.419,247.51,36.52,1443.4,2.309,2545.26,Normal
2026-02-01 10:30:00,P-103,64.34,5.58,235.46,37.05,1448.2,1.885,2545.27,Normal
2026-02-01 10:45:00,P-103,62.31,5.088,220.83,31.87,1436.5,2.246,2545.28,Normal
2026-02-01 11:00:00,P-103,61.28,5.135,228.17,34.09,1436.9,2.064,2545.3,Normal
2026-02-01 11:15:00,P-101,66.97,5.288,237.23,38.67,1427.1,2.015,2545.32,Normal
2026-02-01 11:30:00,P-102,63.23,5.22,232.95,34.56,1431.5,2.149,2545.33,Normal
2026-02-01 11:45:00,P-101,69.08,4.925,238.59,32.78,1483.7,2.216,2545.34,Normal
2026-02-01 12:00:00,P-103,64.51,5.32,234.33,33.91,1459.8,1.943,2545.36,Normal
2026-02-01 12:15:00,P-104,62.5,5.089,247.06,33.57,1443.9,2.018,2545.38,Normal
2026-02-01 12:30:00,P-104,63.73,5.412,249.41,38.08,1438.2,2.148,2545.39,Normal
2026-02-01 12:45:00,P-102,66.69,5.107,224.22,32.35,1472.2,2.241,2545.41,Normal
2026-02-01 13:00:00,P-102,63.87,5.17,227.68,33.65,1435.0,1.757,2545.42,Normal
2026-02-01 13:15:00,P-103,62.92,5.245,246.18,33.32,1419.3,2.266,2545.44,Normal
2026-02-01 13:30:00,P-101,67.59,5.377,244.81,35.13,1458.6,2.111,2545.45,Normal
2026-02-01 13:45:00,P-102,65.53,5.409,237.73,34.69,1433.3,2.385,2545.46,Normal
2026-02-01 14:00:00,P-102,66.37,5.09,231.23,33.45,1426.9,2.151,2545.48,Normal
2026-02-01 14:15:00,P-103,68.52,5.119,240.93,33.64,1430.3,2.412,2545.5,Normal
2026-02-01 14:30:00,P-101,67.82,5.393,246.9,37.14,1457.5,2.278,2545.51,Normal
2026-02-01 14:45:00,P-101,72.02,5.1,235.38,35.4,1448.1,1.943,2545.52,Normal
2026-02-01 15:00:00,P-102,62.72,4.987,227.54,32.89,1432.3,2.209,2545.54,Normal
2026-02-01 15:15:00,P-101,64.56,5.199,222.51,34.5,1458.5,2.198,2545.55,Normal
2026-02-01 15:30:00,P-103,65.18,5.205,213.91,32.68,1435.1,1.93,2545.57,Normal
2026-02-01 15:45:00,P-104,71.44,5.065,234.96,32.9,1420.6,1.993,2545.58,Normal
2026-02-01 16:00:00,P-103,71.64,5.267,235.07,33.11,1426.5,1.727,2545.6,Normal
2026-02-01 16:15:00,P-102,69.29,5.029,216.49,32.63,1450.4,2.199,2545.61,Normal
2026-02-01 16:30:00,P-103,64.01,5.08,219.39,30.18,1435.9,1.984,2545.63,Normal
2026-02-01 16:45:00,P-104,64.61,5.144,213.75,30.51,1451.9,1.919,2545.64,Normal
2026-02-01 17:00:00,P-104,64.88,5.026,217.06,31.37,1470.0,1.87,2545.66,Normal
2026-02-01 17:15:00,P-103,64.42,4.866,224.34,29.99,1438.7,1.916,2545.68,Normal
2026-02-01 17:30:00,P-102,70.15,4.874,212.83,30.08,1498.0,2.124,2545.69,Normal
2026-02-01 17:45:00,P-101,66.31,5.146,219.36,29.04,1455.0,2.068,2545.7,Normal
2026-02-01 18:00:00,P-102,66.85,4.914,216.63,29.07,1446.8,1.985,2545.72,Normal
2026-02-01 18:15:00,P-101,69.2,5.125,218.62,32.06,1426.0,1.845,2545.74,Normal
2026-02-01 18:30:00,P-102,63.36,5.118,209.92,27.76,1443.7,1.966,2545.75,Normal
2026-02-01 18:45:00,P-101,65.29,4.773,200.01,28.14,1445.5,1.749,2545.76,Normal
2026-02-01 19:00:00,P-102,62.67,4.799,194.02,27.62,1463.7,1.85,2545.78,Normal
2026-02-01 19:15:00,P-103,65.06,4.996,206.63,27.65,1439.3,2.039,2545.8,Normal
2026-02-01 19:30:00,P-102,63.94,4.729,198.82,28.37,1457.8,1.796,2545.81,Normal
2026-02-01 19:45:00,P-102,63.07,4.639,190.35,25.5,1450.8,2.142,2545.82,Normal
2026-02-01 20:00:00,P-103,65.45,4.767,191.89,27.11,1467.5,1.769,2545.84,Normal
2026-02-01 20:15:00,P-104,65.25,4.931,201.74,23.95,1469.0,1.551,2545.86,Normal
2026-02-01 20:30:00,P-102,63.94,4.938,195.32,23.07,1456.0,1.798,2545.87,Normal
2026-02-01 20:45:00,P-101,65.39,4.752,189.92,25.79,1463.8,1.742,2545.89,Normal
2026-02-01 21:00:00,P-101,63.84,4.8,197.68,28.68,1470.2,2.546,2545.9,Normal
2026-02-01 21:15:00,P-102,66.19,4.913,185.85,27.57,1459.7,1.781,2545.92,Normal
2026-02-01 21:30:00,P-102,66.1,4.778,218.69,29.62,1455.0,1.718,2545.93,Normal
2026-02-01 21:45:00,P-101,63.24,4.791,197.62,26.32,1457.4,1.848,2545.95,Normal
2026-02-01 22:00:00,P-102,61.95,4.705,193.66,38.96,1479.0,3.323,2545.96,Normal
2026-02-01 22:15:00,P-103,63.25,4.883,189.49,25.32,1452.0,1.609,2545.98,Normal
2026-02-01 22:30:00,P-102,67.93,4.911,195.53,26.44,1463.1,1.894,2545.99,Normal
2026-02-01 22:45:00,P-101,63.65,4.64,197.54,24.54,1437.8,1.938,2546.0,Normal
2026-02-01 23:00:00,P-102,62.56,4.916,205.13,26.38,1477.0,1.945,2546.02,Normal
2026-02-01 23:15:00,P-103,64.29,4.561,179.21,23.19,1458.1,1.705,2546.04,Normal
2026-02-01 23:30:00,P-102,62.58,4.744,189.92,27.27,1443.8,1.787,2546.05,Normal
2026-02-01 23:45:00,P-103,63.48,4.793,191.4,24.47,1448.7,1.701,2546.06,Normal
2026-02-02 00:00:00,P-104,59.75,4.518,177.33,23.47,1446.1,1.475,2546.08,Normal
2026-02-02 00:15:00,P-104,65.84,4.793,191.88,24.95,1450.1,2.114,2546.09,Normal
2026-02-02 00:30:00,P-101,62.01,4.931,196.73,26.27,1453.8,2.316,2546.11,Normal
2026-02-02 00:45:00,P-101,64.32,4.81,179.82,24.1,1446.5,1.567,2546.12,Normal
2026-02-02 01:00:00,P-101,59.55,4.743,192.23,24.34,1421.4,1.697,2546.14,Normal
2026-02-02 01:15:00,P-103,59.53,4.573,167.71,22.1,1481.9,1.511,2546.16,Normal
2026-02-02 01:30:00,P-103,63.54,4.474,173.47,20.35,1454.8,1.898,2546.17,Normal
2026-02-02 01:45:00,P-102,62.79,5.012,193.27,28.08,1454.9,1.699,2546.18,Normal
2026-02-02 02:00:00,P-101,65.94,4.754,186.23,24.76,1449.1,1.922,2546.2,Normal
2026-02-02 02:15:00,P-102,59.67,4.662,184.1,22.97,1466.3,1.841,2546.22,Normal
2026-02-02 02:30:00,P-101,61.94,4.787,189.16,28.49,1450.9,1.823,2546.23,Normal
2026-02-02 02:45:00,P-104,64.81,4.763,193.88,24.39,1444.4,2.058,2546.24,Normal
2026-02-02 03:00:00,P-102,57.26,4.829,198.18,25.0,1445.6,1.762,2546.26,Normal
2026-02-02 03:15:00,P-104,58.02,4.966,204.1,26.55,1472.5,1.906,2546.28,Normal
2026-02-02 03:30:00,P-104,58.11,4.894,193.21,26.34,1453.6,1.582,2546.29,Normal
2026-02-02 03:45:00,P-102,61.85,4.768,186.45,27.37,1449.4,1.386,2546.3,Normal
2026-02-02 04:00:00,P-101,57.45,5.059,196.69,29.14,1442.2,2.09,2546.32,Normal
2026-02-02 04:15:00,P-103,63.03,5.065,211.87,30.69,1444.2,1.847,2546.34,Normal
2026-02-02 04:30:00,P-101,63.11,4.971,212.8,29.11,1469.5,2.194,2546.35,Normal
2026-02-02 04:45:00,P-103,64.69,4.623,194.34,29.1,1433.5,1.819,2546.36,Normal
2026-02-02 05:00:00,P-103,64.02,4.995,220.7,29.71,1462.1,1.97,2546.38,Normal
2026-02-02 05:15:00,P-102,61.01,5.034,202.45,25.65,1462.7,1.935,2546.4,Normal
2026-02-02 05:30:00,P-103,65.6,5.006,227.6,31.53,1453.9,1.969,2546.41,Normal
2026-02-02 05:45:00,P-101,61.19,4.86,197.91,27.95,1446.6,1.609,2546.43,Normal
2026-02-02 06:00:00,P-101,61.29,5.109,231.61,31.09,1423.3,1.903,2546.44,Normal
2026-02-02 06:15:00,P-104,58.08,5.042,207.67,29.11,1462.0,1.781,2546.46,Normal
2026-02-02 06:30:00,P-102,61.84,5.14,237.19,34.34,1421.3,2.118,2546.47,Normal
2026-02-02 06:45:00,P-103,61.83,4.972,219.04,32.11,1453.0,2.252,2546.48,Normal
2026-02-02 07:00:00,P-104,60.97,5.017,211.12,30.08,1450.9,1.835,2546.5,Normal
2026-02-02 07:15:00,P-102,56.46,4.921,218.69,30.18,1463.8,1.989,2546.52,Normal
2026-02-02 07:30:00,P-102,61.98,4.923,238.14,32.01,1433.9,2.139,2546.53,Normal
2026-02-02 07:45:00,P-101,62.91,5.405,229.68,31.88,1433.0,1.98,2546.54,Normal
2026-02-02 08:00:00,P-101,63.19,5.21,225.05,31.93,1459.6,2.135,2546.56,Normal
2026-02-02 08:15:00,P-104,65.83,5.35,229.33,31.87,1446.9,2.281,2546.57,Normal
2026-02-02 08:30:00,P-104,63.46,5.307,226.5,33.86,1413.7,2.206,2546.59,Normal
2026-02-02 08:45:00,P-102,60.66,5.242,218.78,30.7,1449.9,2.098,2546.6,Normal
2026-02-02 09:00:00,P-102,57.55,5.089,214.1,29.21,1482.5,1.878,2546.62,Normal
2026-02-02 09:15:00,P-103,63.67,5.078,228.99,32.67,1459.9,2.045,2546.64,Normal
2026-02-02 09:30:00,P-103,61.37,5.267,242.41,32.09,1428.7,2.001,2546.65,Normal
2026-02-02 09:45:00,P-101,66.26,5.238,238.24,35.74,1458.5,2.097,2546.66,Normal
2026-02-02 10:00:00,P-101,67.97,5.221,240.93,35.86,1467.7,2.211,2546.68,Normal
2026-02-02 10:15:00,P-101,60.93,5.242,248.55,34.47,1418.9,2.151,2546.7,Normal
2026-02-02 10:30:00,P-103,65.29,5.4,234.66,34.92,1444.8,2.349,2546.71,Normal
2026-02-02 10:45:00,P-102,67.52,5.145,240.01,35.79,1473.4,2.09,2546.72,Normal
2026-02-02 11:00:00,P-103,65.83,5.025,237.95,34.05,1422.6,2.184,2546.74,Normal
2026-02-02 11:15:00,P-101,59.62,5.292,241.73,33.03,1445.0,2.064,2546.76,Normal
2026-02-02 11:30:00,P-102,61.93,5.114,234.66,32.19,1446.1,1.945,2546.77,Normal
2026-02-02 11:45:00,P-101,60.79,5.185,218.09,33.92,1442.5,2.194,2546.78,Normal
2026-02-02 12:00:00,P-102,66.35,5.389,233.46,35.03,1474.8,2.255,2546.8,Normal
2026-02-02 12:15:00,P-101,66.14,5.312,244.08,35.47,1472.0,2.063,2546.82,Normal
2026-02-02 12:30:00,P-104,59.91,5.224,244.05,35.28,1444.6,1.637,2546.83,Normal
2026-02-02 12:45:00,P-103,65.21,5.438,237.14,36.12,1431.7,2.391,2546.84,Normal
2026-02-02 13:00:00,P-103,67.51,5.342,236.44,31.98,1472.9,2.308,2546.86,Normal
2026-02-02 13:15:00,P-102,66.5,5.279,245.83,36.8,1463.9,2.392,2546.88,Normal
2026-02-02 13:30:00,P-102,66.09,5.213,242.4,33.7,1449.7,2.361,2546.89,Normal
2026-02-02 13:45:00,P-104,65.49,5.294,237.82,33.4,1461.8,2.169,2546.91,Normal
2026-02-02 14:00:00,P-101,63.06,5.101,224.26,31.51,1461.7,2.017,2546.92,Normal
2026-02-02 14:15:00,P-104,66.44,5.032,234.5,34.17,1434.3,1.829,2546.94,Normal
2026-02-02 14:30:00,P-104,66.95,5.334,244.12,34.67,1439.3,2.187,2546.95,Normal
2026-02-02 14:45:00,P-102,67.07,5.196,231.95,32.47,1450.1,1.994,2546.96,Normal
2026-02-02 15:00:00,P-101,67.96,4.889,231.15,31.86,1415.2,1.969,2546.98,Normal
2026-02-02 15:15:00,P-104,66.07,5.153,220.78,32.96,1443.8,1.817,2547.0,Normal
2026-02-02 15:30:00,P-104,68.43,5.298,228.39,31.19,1435.7,1.873,2547.01,Normal
2026-02-02 15:45:00,P-101,64.69,4.883,224.83,29.87,1453.1,1.77,2547.02,Normal
2026-02-02 16:00:00,P-104,64.51,5.21,227.8,34.04,1429.7,2.325,2547.04,Normal
2026-02-02 16:15:00,P-102,68.57,,230.83,34.47,1457.7,2.324,2547.05,Normal
2026-02-02 16:30:00,P-104,67.32,5.321,231.94,32.43,1454.0,1.948,2547.07,Normal
2026-02-02 16:45:00,P-102,69.41,5.369,236.84,33.96,1448.2,2.377,2547.08,Normal
2026-02-02 17:00:00,P-103,63.57,4.917,214.65,30.25,1458.4,2.034,2547.1,Normal
2026-02-02 17:15:00,P-104,73.15,5.337,243.02,37.26,1460.7,2.461,2547.11,Normal
2026-02-02 17:30:00,P-101,67.79,5.261,215.46,31.21,1445.7,2.097,2547.13,Normal
2026-02-02 17:45:00,P-102,65.97,4.936,210.34,30.85,1450.6,2.121,2547.14,Normal
2026-02-02 18:00:00,P-103,63.88,4.933,209.42,29.22,1437.8,2.0,2547.16,Normal
2026-02-02 18:15:00,P-101,68.92,5.047,215.54,32.74,1437.6,1.861,2547.18,Normal
2026-02-02 18:30:00,P-101,64.45,4.937,213.46,30.96,1478.4,1.769,2547.19,Normal
2026-02-02 18:45:00,P-103,70.89,5.119,202.58,28.77,1446.4,1.975,2547.2,Normal
2026-02-02 19:00:00,P-104,66.15,5.003,217.81,31.08,1449.8,2.023,2547.22,Normal
2026-02-02 19:15:00,P-103,69.77,4.738,201.41,28.94,1448.6,2.404,2547.24,Normal
2026-02-02 19:30:00,P-103,65.48,4.828,209.26,24.62,1456.7,2.062,2547.25,Normal
2026-02-02 19:45:00,P-102,68.16,4.847,188.89,27.39,1440.2,1.694,2547.26,Normal
2026-02-02 20:00:00,P-104,64.11,4.777,204.27,26.43,1441.9,1.9,2547.28,Normal
2026-02-02 20:15:00,P-103,65.11,4.844,195.52,25.97,1466.9,1.806,2547.3,Normal
2026-02-02 20:30:00,P-102,66.25,4.818,188.63,24.17,1423.2,1.827,2547.31,Normal
2026-02-02 20:45:00,P-103,65.62,4.577,196.38,24.49,1453.4,1.579,2547.32,Normal
2026-02-02 21:00:00,P-104,69.51,4.952,216.14,30.17,1435.2,2.176,2547.34,Normal
2026-02-02 21:15:00,P-101,63.2,4.785,188.12,26.79,1413.8,1.758,2547.36,Normal
2026-02-02 21:30:00,P-103,63.2,4.709,176.77,25.31,1448.5,1.868,2547.37,Normal
2026-02-02 21:45:00,P-101,66.26,4.618,187.61,27.04,1429.2,1.68,2547.39,Normal
2026-02-02 22:00:00,P-102,62.36,4.75,194.52,25.65,1426.0,1.749,2547.4,Normal
2026-02-02 22:15:00,P-103,65.52,4.743,200.92,26.04,1496.7,1.958,2547.42,Normal
2026-02-02 22:30:00,P-104,63.6,4.858,193.12,27.12,1459.8,1.474,2547.43,Normal
2026-02-02 22:45:00,P-103,64.46,4.838,193.26,25.24,1460.2,2.028,2547.45,Normal
2026-02-02 23:00:00,P-104,62.82,4.606,183.68,23.03,1449.0,2.032,2547.46,Normal
2026-02-02 23:15:00,P-101,61.6,4.793,191.62,25.16,1428.5,2.085,2547.48,Normal
2026-02-02 23:30:00,P-101,61.49,4.574,176.62,23.7,1447.0,1.623,2547.49,Normal
2026-02-02 23:45:00,P-102,62.43,4.7,189.75,21.61,1443.6,1.818,2547.5,Normal
2026-02-03 00:00:00,P-103,61.45,4.674,180.04,24.92,1415.4,1.665,2547.52,Normal
2026-02-03 00:15:00,P-101,64.72,4.878,180.42,23.54,1482.2,1.462,2547.54,Normal
2026-02-03 00:30:00,P-101,65.35,4.758,198.61,27.62,1448.4,1.881,2547.55,Normal
2026-02-03 00:45:00,P-104,63.27,4.75,195.68,24.25,1435.0,1.583,2547.56,Normal
2026-02-03 01:00:00,P-102,61.07,4.719,191.38,25.84,1452.2,1.973,2547.58,Normal
2026-02-03 01:15:00,P-102,59.95,4.594,189.11,24.44,1425.2,1.959,2547.59,Normal
2026-02-03 01:30:00,P-104,66.64,4.736,207.2,26.28,1433.1,2.093,2547.61,Normal
2026-02-03 01:45:00,P-103,57.67,4.649,183.46,22.82,1477.7,1.805,2547.62,Normal
2026-02-03 02:00:00,P-101,62.39,4.902,198.72,27.97,1440.6,1.801,2547.64,Normal
2026-02-03 02:15:00,P-101,62.21,4.797,191.3,26.15,1449.7,1.807,2547.66,Normal
2026-02-03 02:30:00,P-102,61.05,4.777,186.7,26.01,1451.9,1.897,2547.67,Normal
2026-02-03 02:45:00,P-102,59.22,4.742,194.29,29.34,1446.9,2.131,2547.68,Normal
2026-02-03 03:00:00,P-103,58.4,4.58,186.21,24.52,1440.3,2.059,2547.7,Normal
2026-02-03 03:15:00,P-104,58.4,4.59,181.99,23.2,1490.8,1.756,2547.72,Normal
2026-02-03 03:30:00,P-102,58.71,4.586,190.07,23.43,1436.7,2.005,2547.73,Normal
2026-02-03 03:45:00,P-104,64.3,5.034,206.27,28.03,1433.9,1.821,2547.74,Normal
2026-02-03 04:00:00,P-101,61.45,5.118,200.57,29.21,1458.8,2.01,2547.76,Normal
2026-02-03 04:15:00,P-102,58.46,4.495,191.38,24.09,1426.9,1.755,2547.78,Normal
2026-02-03 04:30:00,P-102,60.19,4.813,194.13,27.07,1468.4,1.896,2547.79,Normal
2026-02-03 04:45:00,P-104,61.67,4.851,193.92,27.1,1446.4,1.731,2547.8,Normal
2026-02-03 05:00:00,P-104,59.8,4.893,211.27,25.74,1452.3,1.656,2547.82,Normal
2026-02-03 05:15:00,P-102,61.68,4.724,199.92,27.35,1455.3,1.639,2547.84,Normal
2026-02-03 05:30:00,P-104,56.89,4.929,193.36,26.49,1443.9,1.976,2547.85,Normal
2026-02-03 05:45:00,P-103,62.87,4.928,206.44,26.7,1466.5,1.718,2547.86,Normal
2026-02-03 06:00:00,P-102,61.16,5.102,206.01,30.97,1461.7,1.924,2547.88,Normal
2026-02-03 06:15:00,P-102,60.02,4.793,200.81,29.23,1459.3,2.081,2547.9,Normal
2026-02-03 06:30:00,P-101,59.65,4.829,221.16,28.75,1422.7,2.198,2547.91,Normal
2026-02-03 06:45:00,P-103,59.64,5.17,227.57,32.75,1443.7,1.902,2547.93,Normal
2026-02-03 07:00:00,P-102,56.66,4.807,209.27,29.08,1448.0,1.516,2547.94,Normal
2026-02-03 07:15:00,P-103,59.76,5.165,223.44,30.84,1481.3,1.881,2547.96,Normal
2026-02-03 07:30:00,P-102,63.97,4.91,233.23,32.68,1424.5,2.146,2547.97,Normal
2026-02-03 07:45:00,P-101,59.41,4.996,218.42,30.99,1438.5,2.155,2547.98,Normal
2026-02-03 08:00:00,P-104,58.13,4.979,224.57,32.32,1469.5,1.823,2548.0,Normal
2026-02-03 08:15:00,P-104,61.25,5.185,227.15,34.92,1433.1,1.832,2548.02,Normal
2026-02-03 08:30:00,P-102,61.25,5.138,221.45,29.88,1438.2,1.908,2548.03,Normal
2026-02-03 08:45:00,P-102,62.77,5.295,237.2,32.29,1480.1,2.072,2548.04,Normal
2026-02-03 09:00:00,P-103,62.81,5.276,236.03,31.71,1456.6,2.509,2548.06,Normal
2026-02-03 09:15:00,P-104,64.85,5.233,226.4,31.22,1465.4,2.115,2548.07,Normal
2026-02-03 09:30:00,P-102,,5.207,226.92,33.57,1463.0,2.268,2548.09,Normal
2026-02-03 09:45:00,P-104,67.95,5.476,225.85,33.86,1452.1,2.347,2548.1,Normal
2026-02-03 10:00:00,P-103,60.78,5.462,241.77,35.73,1451.6,2.116,2548.12,Normal
2026-02-03 10:15:00,P-102,61.25,5.125,227.53,33.2,1466.0,2.127,2548.14,Normal
2026-02-03 10:30:00,P-103,65.39,5.207,230.91,34.34,1434.8,2.194,2548.15,Normal
2026-02-03 10:45:00,P-104,62.95,5.18,229.79,46.97,1481.2,6.142,2548.16,Normal
2026-02-03 11:00:00,P-103,66.71,5.338,242.63,33.76,1440.4,2.173,2548.18,Normal
2026-02-03 11:15:00,P-104,63.9,5.026,234.58,33.26,1468.4,2.283,2548.2,Normal
2026-02-03 11:30:00,P-104,68.94,5.234,245.85,36.86,1459.1,2.418,2548.21,Normal
2026-02-03 11:45:00,P-103,67.44,5.021,247.37,34.01,1440.1,2.137,2548.22,Normal
2026-02-03 12:00:00,P-104,66.05,5.074,224.27,33.1,1458.7,2.218,2548.24,Normal
2026-02-03 12:15:00,P-101,65.25,5.476,249.13,37.29,1452.3,2.302,2548.26,Normal
2026-02-03 12:30:00,P-101,67.03,5.421,261.98,38.61,1418.2,2.772,2548.27,Normal
2026-02-03 12:45:00,P-102,65.61,5.313,244.0,33.48,1448.4,2.378,2548.28,Normal
2026-02-03 13:00:00,P-104,63.5,5.393,248.06,38.22,1427.5,2.309,2548.3,Normal
2026-02-03 13:15:00,P-102,68.99,5.113,234.52,34.86,1459.1,2.053,2548.32,Normal
2026-02-03 13:30:00,P-104,65.95,5.073,224.37,31.99,1447.5,1.86,2548.33,Normal
2026-02-03 13:45:00,P-104,63.51,5.153,223.74,27.0,1465.8,2.126,2548.34,Normal
2026-02-03 14:00:00,P-102,69.14,5.264,237.54,33.83,1437.5,1.844,2548.36,Normal
2026-02-03 14:15:00,P-102,64.22,5.259,226.8,31.11,1426.7,2.386,2548.38,Normal
2026-02-03 14:30:00,P-104,61.37,5.254,216.84,33.65,1430.6,1.697,2548.39,Normal
2026-02-03 14:45:00,P-102,68.47,5.247,230.1,32.0,1486.4,1.926,2548.41,Normal
2026-02-03 15:00:00,P-101,64.13,5.131,233.87,36.04,1504.5,2.324,2548.42,Normal
2026-02-03 15:15:00,P-102,64.71,4.976,217.76,31.68,1486.0,2.005,2548.44,Normal
2026-02-03 15:30:00,P-103,66.54,5.326,224.2,32.21,1422.3,2.096,2548.45,Normal
2026-02-03 15:45:00,P-104,68.73,5.294,246.32,36.39,1425.2,2.047,2548.46,Normal
2026-02-03 16:00:00,P-101,67.45,5.03,212.27,29.24,1430.8,1.983,2548.48,Normal
2026-02-03 16:15:00,P-103,68.62,5.065,222.5,32.42,1463.9,2.235,2548.5,Normal
2026-02-03 16:30:00,P-103,67.33,5.019,212.01,31.87,1487.9,1.87,2548.51,Normal
2026-02-03 16:45:00,P-102,65.3,5.192,221.54,31.04,1466.3,2.023,2548.52,Normal
2026-02-03 17:00:00,P-104,68.16,5.14,233.12,31.19,1453.4,2.093,2548.54,Normal
2026-02-03 17:15:00,P-104,63.84,,216.71,31.48,1433.4,2.011,2548.55,Normal
2026-02-03 17:30:00,P-101,70.69,5.053,217.16,30.76,1444.9,2.193,2548.57,Normal
2026-02-03 17:45:00,P-102,62.25,5.027,206.44,30.39,1451.6,2.005,2548.58,Normal
2026-02-03 18:00:00,P-101,66.54,5.15,225.68,32.44,1465.9,2.028,2548.6,Normal
2026-02-03 18:15:00,P-104,62.55,4.94,195.85,27.31,1441.0,1.61,2548.61,Normal
2026-02-03 18:30:00,P-103,64.75,5.011,202.3,28.26,1457.2,2.185,2548.63,Normal
2026-02-03 18:45:00,P-103,66.28,4.799,205.62,29.56,1455.0,1.794,2548.64,Normal
2026-02-03 19:00:00,P-101,65.17,4.976,213.13,30.63,1451.8,2.282,2548.66,Normal
2026-02-03 19:15:00,P-102,68.6,5.042,207.79,29.02,1442.9,1.79,2548.68,Normal
2026-02-03 19:30:00,P-102,65.38,4.759,192.07,25.39,1452.2,1.906,2548.69,Normal
2026-02-03 19:45:00,P-101,63.27,,193.86,23.76,1448.3,1.934,2548.7,Normal
2026-02-03 20:00:00,P-102,65.84,4.979,207.69,28.22,1435.9,1.907,2548.72,Normal
2026-02-03 20:15:00,P-103,68.04,4.936,199.49,27.7,1465.9,1.947,2548.74,Normal
2026-02-03 20:30:00,P-103,68.06,4.915,198.59,28.03,1478.3,1.889,2548.75,Normal
2026-02-03 20:45:00,P-104,62.32,4.894,191.71,27.69,1453.1,2.199,2548.76,Normal
2026-02-03 21:00:00,P-102,61.93,,192.94,24.85,1449.2,1.805,2548.78,Normal
2026-02-03 21:15:00,P-102,66.42,4.858,199.93,27.91,1463.7,1.882,2548.8,Normal
2026-02-03 21:30:00,P-101,64.77,,184.77,25.98,1453.3,1.859,2548.81,Normal
2026-02-03 21:45:00,P-104,62.14,4.812,192.58,24.62,1470.5,2.055,2548.82,Normal
2026-02-03 22:00:00,P-101,65.03,4.809,186.07,24.04,1451.9,1.856,2548.84,Normal
2026-02-03 22:15:00,P-103,63.29,4.857,208.03,26.76,1460.6,1.95,2548.86,Normal
2026-02-03 22:30:00,P-103,65.67,4.576,185.26,24.5,1481.2,1.503,2548.87,Normal
2026-02-03 22:45:00,P-104,64.26,4.487,182.65,23.5,1472.8,1.997,2548.89,Normal
2026-02-03 23:00:00,P-101,60.82,4.686,195.59,25.41,1447.2,1.876,2548.9,Normal
2026-02-03 23:15:00,P-101,60.88,4.669,183.04,23.27,1469.5,1.658,2548.92,Normal
2026-02-03 23:30:00,P-104,61.94,4.823,188.21,26.26,1430.8,1.88,2548.93,Normal
2026-02-03 23:45:00,P-103,64.47,4.678,200.21,26.04,1446.4,2.147,2548.95,Normal
2026-02-04 00:00:00,P-101,61.61,4.797,186.46,24.81,1465.0,1.899,2548.96,Normal
2026-02-04 00:15:00,P-104,60.17,4.619,196.19,24.32,1477.5,2.178,2548.98,Normal
2026-02-04 00:30:00,P-103,56.63,4.44,157.44,19.91,1436.5,1.794,2548.99,Normal
2026-02-04 00:45:00,P-102,63.19,4.633,188.01,24.86,1449.5,1.454,2549.0,Normal
2026-02-04 01:00:00,P-101,62.22,4.731,185.61,26.12,1450.1,2.014,2549.02,Normal
2026-02-04 01:15:00,P-104,61.22,4.652,179.21,23.01,1448.3,1.447,2549.04,Normal
2026-02-04 01:30:00,P-104,63.17,4.899,195.43,24.87,1428.1,2.122,2549.05,Normal
2026-02-04 01:45:00,P-103,59.82,4.92,192.63,23.84,1459.0,1.958,2549.06,Normal
2026-02-04 02:00:00,P-104,61.61,4.768,192.03,24.88,1427.0,2.116,2549.08,Normal
2026-02-04 02:15:00,P-102,66.5,4.642,199.09,27.44,1470.5,1.887,2549.09,Normal
2026-02-04 02:30:00,P-104,62.03,4.639,173.95,23.55,1474.3,1.774,2549.11,Normal
2026-02-04 02:45:00,P-104,59.43,4.899,184.99,23.52,1438.5,2.0,2549.12,Normal
2026-02-04 03:00:00,P-101,60.73,4.944,204.23,27.66,1427.2,1.699,2549.14,Normal
2026-02-04 03:15:00,P-102,52.76,4.716,183.0,25.28,1449.4,1.742,2549.16,Normal
2026-02-04 03:30:00,P-104,62.57,4.545,197.65,25.33,1440.6,1.783,2549.17,Normal
2026-02-04 03:45:00,P-102,62.24,4.83,195.67,26.14,1446.2,1.779,2549.18,Normal
2026-02-04 04:00:00,P-102,61.22,4.96,208.79,29.59,1451.6,1.892,2549.2,Normal
2026-02-04 04:15:00,P-103,58.38,4.838,204.09,29.62,1433.3,1.975,2549.22,Normal
2026-02-04 04:30:00,P-101,57.8,4.814,198.9,26.35,1479.9,2.007,2549.23,Normal
2026-02-04 04:45:00,P-101,63.01,5.014,220.67,31.28,1438.5,2.268,2549.24,Normal
2026-02-04 05:00:00,P-101,60.02,4.759,192.5,28.54,1466.8,1.838,2549.26,Normal
2026-02-04 05:15:00,P-104,63.35,5.031,209.9,31.11,1434.0,1.939,2549.28,Normal
2026-02-04 05:30:00,P-101,59.93,4.792,201.59,26.64,1451.1,1.367,2549.29,Normal
2026-02-04 05:45:00,P-101,64.12,5.133,213.02,29.44,1458.1,2.296,2549.3,Normal
2026-02-04 06:00:00,P-103,61.55,4.961,203.27,28.76,1452.4,1.711,2549.32,Normal
2026-02-04 06:15:00,P-104,62.08,4.94,211.07,27.54,1445.4,2.017,2549.34,Normal
2026-02-04 06:30:00,P-101,56.49,5.103,212.58,29.03,1441.1,2.043,2549.35,Normal
2026-02-04 06:45:00,P-103,58.92,5.114,217.88,30.81,1442.7,2.21,2549.36,Normal
2026-02-04 07:00:00,P-104,60.25,4.995,221.42,30.71,1437.8,1.839,2549.38,Normal
2026-02-04 07:15:00,P-103,64.5,4.856,219.46,31.44,1456.0,2.174,2549.4,Normal
2026-02-04 07:30:00,P-103,65.37,5.083,210.59,28.95,1483.0,2.307,2549.41,Normal
2026-02-04 07:45:00,P-104,62.1,5.036,236.46,31.76,1456.5,2.139,2549.43,Normal
2026-02-04 08:00:00,P-101,61.1,5.134,229.44,34.93,1460.7,1.939,2549.44,Normal
2026-02-04 08:15:00,P-104,57.85,5.159,228.9,32.99,1469.5,1.812,2549.46,Normal
2026-02-04 08:30:00,P-101,63.87,5.255,222.12,30.81,1441.9,2.331,2549.47,Normal
2026-02-04 08:45:00,P-104,61.46,5.383,229.29,34.77,1417.5,2.029,2549.48,Normal
2026-02-04 09:00:00,P-104,69.71,5.1,230.77,33.86,1450.1,2.097,2549.5,Normal
2026-02-04 09:15:00,P-104,63.12,5.201,249.46,39.78,1465.4,2.694,2549.52,Normal
2026-02-04 09:30:00,P-102,68.55,5.308,243.79,35.59,1486.2,2.345,2549.53,Normal
2026-02-04 09:45:00,P-103,65.78,5.311,241.86,36.22,1432.4,2.394,2549.54,Normal
2026-02-04 10:00:00,P-103,63.96,5.338,264.47,40.54,1469.8,2.617,2549.56,Normal
2026-02-04 10:15:00,P-101,64.6,5.257,242.02,36.86,1454.7,1.892,2549.57,Normal
2026-02-04 10:30:00,P-104,65.95,5.335,233.87,34.64,1443.0,2.452,2549.59,Normal
2026-02-04 10:45:00,P-102,64.14,5.141,240.77,37.35,1431.2,2.493,2549.6,Normal
2026-02-04 11:00:00,P-103,65.12,5.021,225.59,32.06,1439.5,2.013,2549.62,Normal
2026-02-04 11:15:00,P-103,65.77,5.118,236.63,33.42,1460.3,2.265,2549.64,Normal
2026-02-04 11:30:00,P-101,65.41,5.167,234.92,33.81,1472.0,2.302,2549.65,Normal
2026-02-04 11:45:00,P-101,65.27,5.381,242.93,36.95,1401.0,2.071,2549.66,Normal
2026-02-04 12:00:00,P-104,62.16,5.185,240.63,34.02,1459.2,2.314,2549.68,Normal
2026-02-04 12:15:00,P-103,65.02,5.259,228.76,36.93,1439.7,2.054,2549.7,Normal
2026-02-04 12:30:00,P-102,66.59,5.605,242.74,38.18,1441.4,2.69,2549.71,Normal
2026-02-04 12:45:00,P-103,62.03,5.198,241.05,36.18,1457.5,2.237,2549.72,Normal
2026-02-04 13:00:00,P-103,65.76,5.138,236.08,33.1,1484.6,2.246,2549.74,Normal
2026-02-04 13:15:00,P-103,64.86,5.247,232.92,34.49,1437.1,1.817,2549.76,Normal
2026-02-04 13:30:00,P-104,63.97,5.44,244.48,33.8,1448.3,2.286,2549.77,Normal
2026-02-04 13:45:00,P-103,65.89,5.332,234.26,36.42,1421.6,2.407,2549.78,Normal
2026-02-04 14:00:00,P-101,63.91,5.276,222.47,30.32,1457.9,1.878,2549.8,Normal
2026-02-04 14:15:00,P-104,70.11,5.204,230.89,34.82,1437.6,2.017,2549.82,Normal
2026-02-04 14:30:00,P-101,66.87,4.962,225.91,32.27,1478.4,2.005,2549.83,Normal
2026-02-04 14:45:00,P-102,69.3,5.255,235.81,33.99,1456.5,1.954,2549.84,Normal
2026-02-04 15:00:00,P-101,66.95,5.174,239.13,35.3,1444.9,1.929,2549.86,Normal
2026-02-04 15:15:00,P-103,62.58,5.34,239.18,34.17,1445.0,2.301,2549.88,Normal
2026-02-04 15:30:00,P-104,68.5,5.303,226.7,32.95,1456.6,1.897,2549.89,Normal
2026-02-04 15:45:00,P-103,65.14,4.935,230.48,32.15,1462.4,1.763,2549.91,Normal
2026-02-04 16:00:00,P-101,65.21,5.206,213.68,32.18,1429.0,1.934,2549.92,Normal
2026-02-04 16:15:00,P-102,64.01,5.179,214.69,32.64,1447.3,2.053,2549.94,Normal
2026-02-04 16:30:00,P-101,66.74,5.036,215.82,31.18,1450.0,2.154,2549.95,Normal
2026-02-04 16:45:00,P-103,68.86,5.044,222.94,30.47,1453.8,1.876,2549.96,Normal
2026-02-04 17:00:00,P-102,66.88,5.037,203.75,26.27,1473.5,1.808,2549.98,Normal
2026-02-04 17:15:00,P-102,69.61,4.75,212.23,30.29,1424.3,2.089,2550.0,Normal
2026-02-04 17:30:00,P-104,70.28,5.064,218.23,31.38,1467.2,2.17,2550.01,Normal
2026-02-04 17:45:00,P-104,61.62,5.094,211.75,29.72,1456.6,2.199,2550.02,Normal
2026-02-04 18:00:00,P-103,63.45,4.937,210.77,28.17,1441.0,2.052,2550.04,Normal
2026-02-04 18:15:00,P-104,62.68,5.074,213.14,32.3,1464.5,1.699,2550.05,Normal
2026-02-04 18:30:00,P-103,66.54,4.85,194.98,24.82,1443.1,1.734,2550.07,Normal
2026-02-04 18:45:00,P-102,63.02,4.677,202.45,27.25,1417.4,2.073,2550.08,Normal
2026-02-04 19:00:00,P-102,64.51,4.772,209.97,28.14,1388.2,2.231,2550.1,Normal
2026-02-04 19:15:00,P-103,65.99,5.037,218.55,29.92,1428.1,1.952,2550.11,Normal
2026-02-04 19:30:00,P-102,68.0,4.942,214.0,29.62,1440.2,1.981,2550.13,Normal
2026-02-04 19:45:00,P-104,62.94,4.738,204.35,28.62,1453.1,1.767,2550.14,Normal
2026-02-04 20:00:00,P-102,61.26,4.718,185.69,25.4,1460.8,2.058,2550.16,Normal
2026-02-04 20:15:00,P-103,64.99,4.738,201.95,26.57,1445.4,1.676,2550.18,Normal
2026-02-04 20:30:00,P-101,67.9,4.685,199.3,25.03,1424.6,2.239,2550.19,Normal
2026-02-04 20:45:00,P-102,64.97,4.817,194.68,28.88,1443.2,1.857,2550.2,Normal
2026-02-04 21:00:00,P-102,63.43,4.92,201.02,38.83,1446.1,6.186,2550.22,Normal
2026-02-04 21:15:00,P-103,58.96,4.687,182.39,24.78,1481.3,1.469,2550.24,Normal
2026-02-04 21:30:00,P-104,66.48,4.634,186.37,26.16,1460.0,1.792,2550.25,Normal
2026-02-04 21:45:00,P-102,62.9,4.841,195.78,28.43,1420.2,1.833,2550.26,Normal
2026-02-04 22:00:00,P-101,62.18,4.935,195.05,25.98,1444.3,1.816,2550.28,Normal
2026-02-04 22:15:00,P-102,59.27,4.921,183.34,23.1,1462.5,1.771,2550.3,Normal
2026-02-04 22:30:00,P-102,60.11,4.863,173.11,25.85,1450.4,2.042,2550.31,Normal
2026-02-04 22:45:00,P-104,58.85,4.35,162.05,21.87,1420.8,1.759,2550.32,Normal
2026-02-04 23:00:00,P-101,62.13,4.756,182.99,23.01,1464.7,1.804,2550.34,Normal
2026-02-04 23:15:00,P-102,59.9,4.689,176.07,25.61,1456.5,1.977,2550.36,Normal
2026-02-04 23:30:00,P-101,62.34,4.472,171.89,23.88,1447.2,1.575,2550.37,Normal
2026-02-04 23:45:00,P-104,62.28,4.75,189.11,24.18,1435.5,1.939,2550.39,Normal
2026-02-05 00:00:00,P-104,67.34,4.925,190.55,25.5,1468.2,1.922,2550.4,Normal
2026-02-05 00:15:00,P-103,56.55,4.641,164.46,22.13,1417.3,1.935,2550.42,Normal
2026-02-05 00:30:00,P-103,62.72,4.6,188.18,25.26,1422.0,1.568,2550.43,Normal
2026-02-05 00:45:00,P-102,61.56,4.623,179.12,24.17,1436.8,1.592,2550.45,Normal
2026-02-05 01:00:00,P-104,60.04,4.812,184.54,26.64,1455.4,1.689,2550.46,Normal
2026-02-05 01:15:00,P-104,60.78,4.391,184.16,24.44,1425.4,1.819,2550.48,Normal
2026-02-05 01:30:00,P-101,63.32,4.52,188.72,25.52,1440.2,1.856,2550.49,Normal
2026-02-05 01:45:00,P-101,61.43,4.721,186.86,24.71,1443.9,1.904,2550.5,Normal
2026-02-05 02:00:00,P-103,64.68,4.784,195.18,26.35,1456.2,1.463,2550.52,Normal
2026-02-05 02:15:00,P-104,56.58,4.536,184.9,27.38,1445.0,2.103,2550.54,Normal
2026-02-05 02:30:00,P-103,59.08,4.779,195.11,26.31,1445.1,1.864,2550.55,Normal
2026-02-05 02:45:00,P-103,62.95,4.759,186.22,23.43,1437.3,1.852,2550.56,Normal
2026-02-05 03:00:00,P-102,61.69,4.62,183.26,24.18,1469.6,1.831,2550.58,Normal
2026-02-05 03:15:00,P-103,61.62,4.747,193.43,27.66,1461.9,1.713,2550.59,Normal
2026-02-05 03:30:00,P-101,63.61,4.873,195.48,27.67,1461.2,1.963,2550.61,Normal
2026-02-05 03:45:00,P-102,56.11,4.818,197.8,26.28,1436.0,1.857,2550.62,Normal
2026-02-05 04:00:00,P-104,63.16,4.691,200.92,29.65,1440.8,1.939,2550.64,Normal
2026-02-05 04:15:00,P-104,,4.717,198.84,26.48,1458.6,1.972,2550.66,Normal
2026-02-05 04:30:00,P-103,58.52,4.732,194.95,26.74,1439.4,1.835,2550.67,Normal
2026-02-05 04:45:00,P-104,66.39,4.755,201.81,29.95,1433.3,1.661,2550.68,Normal
2026-02-05 05:00:00,P-102,61.52,5.096,213.05,29.58,1455.2,1.914,2550.7,Normal
2026-02-05 05:15:00,P-103,56.39,5.023,221.04,31.2,1426.5,2.257,2550.72,Normal
2026-02-05 05:30:00,P-102,63.5,4.971,223.97,32.03,1446.2,1.97,2550.73,Normal
2026-02-05 05:45:00,P-104,58.84,4.866,207.46,27.72,1466.1,1.945,2550.74,Normal
2026-02-05 06:00:00,P-101,63.6,5.099,207.63,30.95,1452.6,2.126,2550.76,Normal
2026-02-05 06:15:00,P-103,62.77,4.948,222.54,28.5,1431.2,2.399,2550.78,Normal
2026-02-05 06:30:00,P-102,59.94,5.105,212.7,30.5,1458.5,1.956,2550.79,Normal
2026-02-05 06:45:00,P-103,64.24,5.144,228.67,31.05,1439.2,1.764,2550.8,Normal
2026-02-05 07:00:00,P-103,62.17,5.046,197.52,29.12,1465.2,2.055,2550.82,Normal
2026-02-05 07:15:00,P-103,59.34,5.032,226.73,27.9,1459.2,1.861,2550.84,Normal
2026-02-05 07:30:00,P-103,60.46,5.127,217.82,28.19,1443.8,2.038,2550.85,Normal
2026-02-05 07:45:00,P-101,61.48,4.871,203.34,28.9,1436.5,2.065,2550.86,Normal
2026-02-05 08:00:00,P-104,60.53,5.332,229.66,31.4,1434.7,1.936,2550.88,Normal
2026-02-05 08:15:00,P-101,60.53,5.055,212.72,31.31,1496.6,1.968,2550.9,Normal
2026-02-05 08:30:00,P-103,62.98,5.325,230.56,33.69,1408.8,2.272,2550.91,Normal
2026-02-05 08:45:00,P-103,60.73,5.159,227.04,34.87,1418.3,2.331,2550.93,Normal
2026-02-05 09:00:00,P-101,56.99,5.139,221.56,32.21,1469.8,2.061,2550.94,Normal
2026-02-05 09:15:00,P-102,63.18,5.215,228.45,32.84,1466.0,2.13,2550.96,Normal
2026-02-05 09:30:00,P-101,57.02,4.906,220.71,31.18,1456.5,1.809,2550.97,Normal
2026-02-05 09:45:00,P-104,60.62,5.035,240.94,32.22,1414.1,2.121,2550.98,Normal
2026-02-05 10:00:00,P-102,59.9,5.215,234.41,35.48,1459.7,2.089,2551.0,Normal
2026-02-05 10:15:00,P-103,60.74,5.419,227.49,34.61,1432.4,2.205,2551.02,Normal
2026-02-05 10:30:00,P-102,64.11,4.936,232.48,33.68,1448.2,2.359,2551.03,Normal
2026-02-05 10:45:00,P-101,64.46,5.277,241.61,36.84,1457.3,2.011,2551.04,Normal
2026-02-05 11:00:00,P-101,62.25,5.252,232.74,31.6,1459.1,2.274,2551.06,Normal
2026-02-05 11:15:00,P-104,,4.975,226.06,33.24,1438.3,2.117,2551.07,Normal
2026-02-05 11:30:00,P-102,63.75,5.452,238.85,37.77,1473.1,2.196,2551.09,Normal
2026-02-05 11:45:00,P-103,67.06,5.254,245.67,36.45,1464.6,2.104,2551.1,Normal
2026-02-05 12:00:00,P-104,65.23,5.174,244.19,36.73,1432.7,2.24,2551.12,Normal
2026-02-05 12:15:00,P-103,66.84,5.218,235.24,35.94,1441.4,2.548,2551.14,Normal
2026-02-05 12:30:00,P-101,65.38,5.265,226.02,30.71,1436.3,1.568,2551.15,Normal
2026-02-05 12:45:00,P-104,63.01,4.976,218.79,32.15,1448.9,1.683,2551.16,Normal
2026-02-05 13:00:00,P-103,61.57,5.034,244.3,34.46,1461.3,2.13,2551.18,Normal
2026-02-05 13:15:00,P-103,63.68,5.025,225.83,35.33,1416.7,2.188,2551.2,Normal
2026-02-05 13:30:00,P-104,64.59,5.232,217.3,29.15,1414.3,2.249,2551.21,Normal
2026-02-05 13:45:00,P-104,64.28,5.055,239.13,36.03,1435.0,2.227,2551.22,Normal
2026-02-05 14:00:00,P-102,63.82,5.357,232.31,32.89,1474.3,1.848,2551.24,Normal
2026-02-05 14:15:00,P-103,67.14,5.288,239.3,35.6,1454.3,2.297,2551.26,Normal
2026-02-05 14:30:00,P-101,71.7,5.193,227.95,32.91,1478.4,2.1,2551.27,Normal
2026-02-05 14:45:00,P-104,66.35,5.319,235.56,37.36,1447.2,2.348,2551.28,Normal
2026-02-05 15:00:00,P-101,66.39,5.066,233.0,32.95,1434.8,1.979,2551.3,Normal
2026-02-05 15:15:00,P-102,63.45,5.154,227.52,32.12,1419.8,1.816,2551.32,Normal
2026-02-05 15:30:00,P-102,70.19,5.087,230.8,35.87,1435.1,2.072,2551.33,Normal
2026-02-05 15:45:00,P-102,67.57,5.194,221.88,31.68,1438.8,2.11,2551.34,Normal
2026-02-05 16:00:00,P-104,70.86,5.235,253.72,36.64,1406.3,2.308,2551.36,Normal
2026-02-05 16:15:00,P-103,69.89,5.176,225.75,31.31,1434.9,2.085,2551.38,Normal
2026-02-05 16:30:00,P-104,65.96,4.983,229.88,30.85,1434.7,1.962,2551.39,Normal
2026-02-05 16:45:00,P-104,66.35,5.04,219.53,33.67,1450.4,2.046,2551.41,Normal
2026-02-05 17:00:00,P-103,71.97,5.164,237.03,34.62,1449.2,2.406,2551.42,Normal
2026-02-05 17:15:00,P-101,68.59,5.452,224.43,32.16,1455.8,2.522,2551.44,Normal
2026-02-05 17:30:00,P-101,60.11,4.859,198.28,28.33,1420.8,1.984,2551.45,Normal
2026-02-05 17:45:00,P-102,68.63,5.015,235.71,29.98,1429.6,2.261,2551.46,Normal
2026-02-05 18:00:00,P-104,64.71,4.886,210.6,28.74,1466.7,1.829,2551.48,Normal
2026-02-05 18:15:00,P-101,68.29,4.781,208.56,29.18,1445.3,2.218,2551.5,Normal
2026-02-05 18:30:00,P-104,65.87,4.8,198.56,28.21,1465.2,1.817,2551.51,Normal
2026-02-05 18:45:00,P-103,62.66,5.187,207.41,27.82,1447.5,1.748,2551.52,Normal
2026-02-05 19:00:00,P-103,65.9,4.882,194.69,28.67,1453.4,2.102,2551.54,Normal
2026-02-05 19:15:00,P-102,66.33,5.001,202.87,30.45,1459.5,1.944,2551.55,Normal
2026-02-05 19:30:00,P-102,66.19,4.732,198.53,25.34,1440.0,,2551.57,Normal
2026-02-05 19:45:00,P-101,68.5,4.999,213.16,30.68,1438.0,2.165,2551.58,Normal
2026-02-05 20:00:00,P-102,70.43,5.038,222.48,31.07,1437.8,1.776,2551.6,Normal
2026-02-05 20:15:00,P-102,66.15,4.737,195.05,28.16,1448.6,1.916,2551.61,Normal
2026-02-05 20:30:00,P-102,65.14,4.859,193.05,24.29,1460.3,1.713,2551.63,Normal
2026-02-05 20:45:00,P-102,67.05,4.832,186.92,26.39,1442.7,2.066,2551.64,Normal
2026-02-05 21:00:00,P-103,70.62,4.944,197.46,27.79,1470.8,1.935,2551.66,Normal
2026-02-05 21:15:00,P-104,66.23,4.719,196.07,25.29,1481.5,1.706,2551.68,Normal
2026-02-05 21:30:00,P-101,64.4,4.849,190.43,27.78,1434.2,1.446,2551.69,Normal
2026-02-05 21:45:00,P-102,65.98,4.803,203.2,27.01,1471.4,2.099,2551.7,Normal
2026-02-05 22:00:00,P-102,64.04,4.646,191.47,25.34,1449.7,,2551.72,Normal
2026-02-05 22:15:00,P-101,63.78,4.897,188.07,25.26,1456.9,1.769,2551.74,Normal
2026-02-05 22:30:00,P-104,66.93,4.445,183.7,23.3,1447.6,1.806,2551.75,Normal
2026-02-05 22:45:00,P-102,62.38,4.573,191.49,26.97,1471.9,1.693,2551.76,Normal
2026-02-05 23:00:00,P-103,67.5,4.78,198.88,29.22,1456.3,1.649,2551.78,Normal
2026-02-05 23:15:00,P-103,63.4,4.817,195.79,25.25,1443.7,1.881,2551.8,Normal
2026-02-05 23:30:00,P-101,60.91,4.988,200.49,27.46,1442.5,1.722,2551.81,Normal
2026-02-05 23:45:00,P-104,61.5,4.545,181.29,23.98,1428.4,1.736,2551.82,Normal
2026-02-06 00:00:00,P-104,61.51,4.939,194.53,23.38,1439.7,1.658,2551.84,Normal
2026-02-06 00:15:00,P-104,62.75,4.619,180.3,22.47,1472.0,1.499,2551.86,Normal
2026-02-06 00:30:00,P-102,62.17,4.668,187.4,25.77,1469.5,1.492,2551.87,Normal
2026-02-06 00:45:00,P-102,60.46,4.673,201.14,25.7,1438.5,1.868,2551.89,Normal
2026-02-06 01:00:00,P-102,65.2,4.953,190.52,28.44,1430.2,2.01,2551.9,Normal
2026-02-06 01:15:00,P-103,62.86,4.569,179.63,24.31,1467.1,1.901,2551.92,Normal
2026-02-06 01:30:00,P-102,63.9,4.442,171.45,23.94,1457.7,1.739,2551.93,Normal
2026-02-06 01:45:00,P-104,60.75,4.898,197.25,25.23,1414.4,1.992,2551.95,Normal
2026-02-06 02:00:00,P-101,61.73,4.828,186.92,27.28,1501.8,1.757,2551.96,Normal
2026-02-06 02:15:00,P-101,64.66,5.027,206.0,29.21,1450.2,2.102,2551.98,Normal
2026-02-06 02:30:00,P-102,61.12,5.08,201.01,26.36,1480.6,1.83,2551.99,Normal
2026-02-06 02:45:00,P-104,59.66,4.67,188.54,24.1,1453.1,1.6,2552.0,Normal
2026-02-06 03:00:00,P-101,61.91,5.024,203.47,30.23,1431.3,2.084,2552.02,Normal
2026-02-06 03:15:00,P-104,58.58,4.883,205.87,27.3,1453.5,1.995,2552.04,Normal
2026-02-06 03:30:00,P-104,59.8,4.755,181.62,22.25,1423.6,1.891,2552.05,Normal
2026-02-06 03:45:00,P-104,59.63,4.789,190.8,25.28,1447.7,1.594,2552.06,Normal
2026-02-06 04:00:00,P-103,61.3,4.931,211.76,31.14,1430.4,2.141,2552.08,Normal
2026-02-06 04:15:00,P-104,62.13,4.914,202.25,28.53,1446.3,2.055,2552.09,Normal
2026-02-06 04:30:00,P-102,62.46,4.701,193.02,27.57,1454.5,1.76,2552.11,Normal
2026-02-06 04:45:00,P-101,59.54,4.999,212.47,29.13,1455.3,2.064,2552.12,Normal
2026-02-06 05:00:00,P-101,58.22,4.768,197.74,24.53,1423.7,2.002,2552.14,Normal
2026-02-06 05:15:00,P-103,59.03,4.996,199.27,30.95,1438.4,1.799,2552.16,Normal
2026-02-06 05:30:00,P-101,60.17,5.114,217.64,30.45,1414.4,1.893,2552.17,Normal
2026-02-06 05:45:00,P-101,59.74,5.194,210.23,29.09,1461.2,1.917,2552.18,Normal
2026-02-06 06:00:00,P-104,60.22,5.051,208.14,29.43,1453.7,1.55,2552.2,Normal
2026-02-06 06:15:00,P-102,63.28,5.043,234.05,31.11,1428.9,2.105,2552.22,Normal
2026-02-06 06:30:00,P-101,62.86,5.147,222.66,32.86,1475.3,2.226,2552.23,Normal
2026-02-06 06:45:00,P-104,60.24,5.31,215.28,33.36,1458.4,2.196,2552.24,Normal
2026-02-06 07:00:00,P-102,65.14,5.005,224.88,32.99,1448.1,2.165,2552.26,Normal
2026-02-06 07:15:00,P-104,64.68,5.396,228.54,32.34,1441.5,2.287,2552.28,Normal
2026-02-06 07:30:00,P-102,60.44,5.046,226.56,30.8,1438.5,2.075,2552.29,Normal
2026-02-06 07:45:00,P-102,64.83,5.221,221.79,31.31,1435.8,1.793,2552.3,Normal
2026-02-06 08:00:00,P-101,62.85,5.114,218.76,31.41,1471.1,2.099,2552.32,Normal
2026-02-06 08:15:00,P-103,61.65,5.093,234.84,32.39,1454.9,2.3,2552.34,Normal
2026-02-06 08:30:00,P-104,62.07,4.869,218.91,29.7,1431.1,2.082,2552.35,Normal
2026-02-06 08:45:00,P-101,61.62,5.171,219.73,29.6,1473.3,1.974,2552.36,Normal
2026-02-06 09:00:00,P-103,63.66,4.981,238.06,31.35,1448.4,2.232,2552.38,Normal
2026-02-06 09:15:00,P-102,63.52,5.022,228.51,34.31,1433.5,2.199,2552.4,Normal
2026-02-06 09:30:00,P-104,63.62,5.453,246.78,36.99,1485.6,2.17,2552.41,Normal
2026-02-06 09:45:00,P-101,58.76,5.405,226.24,33.17,1430.3,2.149,2552.43,Normal
2026-02-06 10:00:00,P-104,65.5,5.214,245.72,35.29,1435.1,2.139,2552.44,Normal
2026-02-06 10:15:00,P-104,63.78,5.43,237.68,36.81,1450.0,2.317,2552.46,Normal
2026-02-06 10:30:00,P-103,65.32,5.294,235.56,34.12,1455.8,1.97,2552.47,Normal
2026-02-06 10:45:00,P-102,65.6,5.268,250.36,36.9,1436.4,2.246,2552.48,Normal
2026-02-06 11:00:00,P-102,63.2,5.369,234.61,33.93,1410.2,2.296,2552.5,Normal
2026-02-06 11:15:00,P-101,67.81,5.334,236.47,35.95,1450.6,2.279,2552.52,Normal
2026-02-06 11:30:00,P-101,65.57,5.357,242.21,37.09,1431.2,2.241,2552.53,Normal
2026-02-06 11:45:00,P-102,64.02,4.982,229.53,32.29,1443.5,2.101,2552.54,Normal
2026-02-06 12:00:00,P-103,64.74,5.109,242.84,34.06,1435.4,2.266,2552.56,Normal
2026-02-06 12:15:00,P-102,70.25,5.528,257.91,38.7,1430.5,2.194,2552.57,Normal
2026-02-06 12:30:00,P-101,63.5,5.288,242.92,36.1,1445.2,2.124,2552.59,Normal
2026-02-06 12:45:00,P-103,65.08,5.258,239.56,35.62,1438.6,2.021,2552.6,Normal
2026-02-06 13:00:00,P-101,63.3,5.509,237.36,34.29,1434.9,2.138,2552.62,Normal
2026-02-06 13:15:00,P-102,66.34,5.36,221.54,34.51,1467.4,1.727,2552.64,Normal
2026-02-06 13:30:00,P-104,64.98,5.318,236.63,35.66,1432.1,2.182,2552.65,Normal
2026-02-06 13:45:00,P-102,63.64,4.912,225.33,32.08,1445.5,2.169,2552.66,Normal
2026-02-06 14:00:00,P-102,64.34,5.134,221.78,32.47,1449.3,2.086,2552.68,Normal
2026-02-06 14:15:00,P-101,67.25,5.191,237.07,37.07,1419.6,2.36,2552.7,Normal
2026-02-06 14:30:00,P-101,63.8,5.227,237.64,32.93,1429.9,2.385,2552.71,Normal
2026-02-06 14:45:00,P-104,61.11,5.033,225.11,31.47,1449.3,2.094,2552.72,Normal
2026-02-06 15:00:00,P-101,67.79,5.058,235.28,36.25,1448.6,1.955,2552.74,Normal
2026-02-06 15:15:00,P-101,61.74,4.871,224.0,31.83,1435.8,2.292,2552.76,Normal
2026-02-06 15:30:00,P-104,68.38,5.156,228.86,33.88,1449.5,2.25,2552.77,Normal
2026-02-06 15:45:00,P-102,70.55,4.903,227.56,35.21,1454.8,2.2,2552.78,Normal
2026-02-06 16:00:00,P-101,65.53,5.001,209.11,31.2,1460.6,1.932,2552.8,Normal
2026-02-06 16:15:00,P-101,69.46,5.176,228.31,30.88,1462.0,2.13,2552.82,Normal
2026-02-06 16:30:00,P-101,66.23,4.959,215.67,31.8,1471.8,1.974,2552.83,Normal
2026-02-06 16:45:00,P-104,68.64,4.784,205.88,30.35,1451.9,1.811,2552.84,Normal
2026-02-06 17:00:00,P-104,64.69,4.949,207.61,29.86,1425.0,2.036,2552.86,Normal
2026-02-06 17:15:00,P-103,62.69,5.064,232.74,32.37,1444.7,1.934,2552.88,Normal
2026-02-06 17:30:00,P-103,66.6,5.062,220.32,31.32,1427.2,2.163,2552.89,Normal
2026-02-06 17:45:00,P-101,68.94,4.745,205.66,26.22,1465.2,1.963,2552.91,Normal
2026-02-06 18:00:00,P-102,66.09,4.819,196.79,26.06,1474.7,1.868,2552.92,Normal
2026-02-06 18:15:00,P-103,64.98,4.901,209.46,28.87,1449.9,1.954,2552.94,Normal
2026-02-06 18:30:00,P-104,68.25,5.074,223.98,31.68,1470.9,1.857,2552.95,Normal
2026-02-06 18:45:00,P-104,67.98,5.097,213.61,27.0,1469.7,1.751,2552.96,Normal
2026-02-06 19:00:00,P-104,66.89,5.042,218.16,30.84,1455.5,2.324,2552.98,Normal
2026-02-06 19:15:00,P-103,71.87,4.975,202.18,29.32,1459.5,1.916,2553.0,Normal
2026-02-06 19:30:00,P-101,64.93,4.834,208.01,28.34,1467.1,1.683,2553.01,Normal
2026-02-06 19:45:00,P-103,66.5,4.757,189.46,22.92,1424.9,1.986,2553.02,Normal
2026-02-06 20:00:00,P-103,67.87,4.886,197.62,28.9,1454.5,1.762,2553.04,Normal
2026-02-06 20:15:00,P-102,63.35,4.793,186.51,28.7,1460.0,1.964,2553.05,Normal
2026-02-06 20:30:00,P-103,64.87,4.961,203.97,28.69,1424.2,2.188,2553.07,Normal
2026-02-06 20:45:00,P-103,66.37,4.659,189.3,25.33,1484.4,1.773,2553.08,Normal
2026-02-06 21:00:00,P-104,65.17,4.747,194.74,26.16,1469.7,2.072,2553.1,Normal
2026-02-06 21:15:00,P-101,65.57,4.74,200.97,27.36,1469.8,1.998,2553.11,Normal
2026-02-06 21:30:00,P-101,60.59,4.681,186.67,25.95,1457.4,2.111,2553.13,Normal
2026-02-06 21:45:00,P-101,,4.803,188.08,27.23,1432.9,1.959,2553.14,Normal
2026-02-06 22:00:00,P-101,64.35,4.669,184.49,23.89,1427.2,1.713,2553.16,Normal
2026-02-06 22:15:00,P-104,63.05,4.849,181.65,24.64,1448.2,1.405,2553.18,Normal
2026-02-06 22:30:00,P-102,65.82,5.187,202.34,27.26,1462.5,1.767,2553.19,Normal
2026-02-06 22:45:00,P-103,63.44,4.741,193.48,27.29,1459.8,1.782,2553.2,Normal
2026-02-06 23:00:00,P-104,61.23,4.676,171.36,21.69,1480.8,1.939,2553.22,Normal
2026-02-06 23:15:00,P-101,63.01,4.881,179.82,25.48,1444.4,2.056,2553.24,Normal
2026-02-06 23:30:00,P-104,61.16,4.604,182.2,24.59,1443.5,1.56,2553.25,Normal
2026-02-06 23:45:00,P-103,66.4,4.475,172.13,24.1,1450.1,1.949,2553.26,Normal
2026-02-07 00:00:00,P-104,65.44,5.002,186.0,26.54,1429.2,1.723,2553.28,Normal
2026-02-07 00:15:00,P-104,58.67,4.63,176.62,19.92,1477.0,1.548,2553.3,Normal
2026-02-07 00:30:00,P-102,67.49,4.824,203.08,27.22,1445.5,1.608,2553.31,Normal
2026-02-07 00:45:00,P-103,60.84,4.857,185.42,26.61,1454.6,1.849,2553.32,Normal
2026-02-07 01:00:00,P-101,61.74,4.783,187.94,23.83,1464.7,1.688,2553.34,Normal
2026-02-07 01:15:00,P-103,64.07,4.745,193.58,25.35,1436.5,2.07,2553.36,Normal
2026-02-07 01:30:00,P-104,57.79,4.656,182.61,27.2,1455.0,1.685,2553.37,Normal
2026-02-07 01:45:00,P-102,60.21,4.594,187.68,25.23,1449.9,1.901,2553.39,Normal
2026-02-07 02:00:00,P-104,,4.945,202.94,28.02,1467.6,1.649,2553.4,Normal
2026-02-07 02:15:00,P-103,61.81,4.838,201.79,27.15,1450.2,2.023,2553.42,Normal
2026-02-07 02:30:00,P-104,60.85,4.62,180.06,22.22,1398.6,1.783,2553.43,Normal
2026-02-07 02:45:00,P-104,60.76,4.964,186.56,25.29,1433.2,1.887,2553.45,Normal
2026-02-07 03:00:00,P-101,61.99,4.885,212.94,29.24,1423.0,1.871,2553.46,Normal
2026-02-07 03:15:00,P-102,64.81,5.061,212.26,29.09,1484.7,1.887,2553.48,Normal
2026-02-07 03:30:00,P-101,62.22,4.897,207.47,28.35,1475.5,2.003,2553.49,Normal
2026-02-07 03:45:00,P-104,59.89,4.945,185.44,25.06,1411.3,2.134,2553.5,Normal
2026-02-07 04:00:00,P-103,61.62,4.97,205.28,27.54,1431.8,1.73,2553.52,Normal
2026-02-07 04:15:00,P-103,65.64,4.933,203.06,28.62,1425.1,1.89,2553.54,Normal
2026-02-07 04:30:00,P-101,61.87,4.911,208.74,27.65,1453.9,1.844,2553.55,Normal
2026-02-07 04:45:00,P-101,60.43,4.952,209.03,28.52,1432.8,1.697,2553.56,Normal
2026-02-07 05:00:00,P-104,57.01,4.846,220.56,28.93,1445.2,1.681,2553.58,Normal
2026-02-07 05:15:00,P-101,57.7,4.747,209.57,28.56,1425.2,1.809,2553.59,Normal
2026-02-07 05:30:00,P-103,59.39,4.917,193.24,28.76,1457.7,1.849,2553.61,Normal
2026-02-07 05:45:00,P-104,59.08,4.718,194.97,26.03,1419.8,2.109,2553.62,Normal
2026-02-07 06:00:00,P-102,60.19,4.936,216.89,32.24,1495.1,2.178,2553.64,Normal
2026-02-07 06:15:00,P-102,62.13,4.994,213.03,31.78,1477.1,1.855,2553.66,Normal
2026-02-07 06:30:00,P-101,60.53,5.062,214.57,30.63,1494.7,2.176,2553.67,Normal
2026-02-07 06:45:00,P-102,58.17,4.903,209.35,28.71,1460.9,1.791,2553.68,Normal
2026-02-07 07:00:00,P-103,63.43,5.307,219.17,33.48,1478.0,2.049,2553.7,Normal
2026-02-07 07:15:00,P-102,66.49,5.321,240.03,33.98,1466.1,2.219,2553.72,Normal
2026-02-07 07:30:00,P-101,59.39,5.333,217.14,30.8,1431.9,2.433,2553.73,Normal
2026-02-07 07:45:00,P-103,62.38,5.031,220.02,33.32,1443.3,2.104,2553.74,Normal
2026-02-07 08:00:00,P-101,58.14,5.227,231.96,40.82,1457.6,6.561,2553.76,Normal
2026-02-07 08:15:00,P-101,60.79,5.257,245.21,37.23,1470.7,2.336,2553.78,Normal
2026-02-07 08:30:00,P-103,60.15,4.975,219.03,31.37,1449.9,2.233,2553.79,Normal
2026-02-07 08:45:00,P-102,65.22,5.424,230.1,33.0,1460.0,2.271,2553.8,Normal
2026-02-07 09:00:00,P-104,60.28,4.997,223.61,30.25,1444.0,1.88,2553.82,Normal
2026-02-07 09:15:00,P-102,60.6,4.856,222.39,32.67,1442.6,2.105,2553.84,Normal
2026-02-07 09:30:00,P-102,63.11,5.095,223.89,35.04,1423.5,2.117,2553.85,Normal
2026-02-07 09:45:00,P-104,64.55,5.075,246.79,37.69,1458.0,2.529,2553.86,Normal
2026-02-07 10:00:00,P-101,63.33,5.252,256.19,38.48,1441.1,2.355,2553.88,Normal
2026-02-07 10:15:00,P-101,68.4,5.149,241.17,35.91,1426.9,2.477,2553.9,Normal
2026-02-07 10:30:00,P-104,62.89,5.19,233.28,36.33,1439.3,1.996,2553.91,Normal
2026-02-07 10:45:00,P-102,66.49,5.204,250.21,37.03,1455.1,2.261,2553.93,Normal
2026-02-07 11:00:00,P-102,62.92,5.336,237.02,34.08,1462.0,2.031,2553.94,Normal
2026-02-07 11:15:00,P-103,64.82,4.958,234.22,32.51,1446.7,2.298,2553.96,Normal
2026-02-07 11:30:00,P-103,65.67,5.063,225.95,33.51,1469.2,2.257,2553.97,Normal
2026-02-07 11:45:00,P-104,69.64,5.326,253.63,36.51,1476.8,2.314,2553.98,Normal
2026-02-07 12:00:00,P-103,,5.426,252.92,37.63,1444.8,2.235,2554.0,Normal
2026-02-07 12:15:00,P-103,69.67,5.499,251.32,38.49,1467.5,2.38,2554.02,Normal
2026-02-07 12:30:00,P-104,65.19,5.255,218.88,32.8,1438.0,1.826,2554.03,Normal
2026-02-07 12:45:00,P-101,68.84,5.323,249.3,37.07,1426.6,2.17,2554.04,Normal
2026-02-07 13:00:00,P-103,65.39,5.181,232.12,34.65,1433.0,2.099,2554.06,Normal
2026-02-07 13:15:00,P-102,65.99,5.348,236.86,36.25,1434.4,2.196,2554.07,Normal
2026-02-07 13:30:00,P-102,66.38,5.195,227.62,32.63,1442.1,1.93,2554.09,Normal
2026-02-07 13:45:00,P-101,69.35,5.443,241.51,36.63,1485.7,2.077,2554.1,Normal
2026-02-07 14:00:00,P-103,70.19,5.313,240.12,36.46,1440.6,1.895,2554.12,Normal
2026-02-07 14:15:00,P-101,66.54,5.219,224.35,35.02,1443.2,2.205,2554.14,Normal
2026-02-07 14:30:00,P-101,66.58,5.238,237.52,34.26,1452.8,1.915,2554.15,Normal
2026-02-07 14:45:00,P-102,60.21,5.153,230.46,34.4,1426.2,2.249,2554.16,Normal
2026-02-07 15:00:00,P-104,62.32,5.353,231.04,33.12,1452.6,2.131,2554.18,Normal
2026-02-07 15:15:00,P-103,65.16,5.077,229.97,31.66,1461.8,2.23,2554.2,Normal
2026-02-07 15:30:00,P-102,62.4,4.924,211.64,30.37,1476.7,1.818,2554.21,Normal
2026-02-07 15:45:00,P-104,69.09,5.145,238.67,35.15,1473.6,2.467,2554.22,Normal
2026-02-07 16:00:00,P-101,64.74,5.259,236.61,34.89,1456.5,2.541,2554.24,Normal
2026-02-07 16:15:00,P-104,64.83,4.772,215.22,30.94,1446.0,2.023,2554.26,Normal
2026-02-07 16:30:00,P-102,65.86,5.088,226.5,28.01,1447.0,2.141,2554.27,Normal
2026-02-07 16:45:00,P-102,68.96,5.139,222.44,29.66,1457.3,2.02,2554.28,Normal
2026-02-07 17:00:00,P-104,65.48,5.006,214.73,32.31,1449.2,2.228,2554.3,Normal
2026-02-07 17:15:00,P-101,66.91,4.989,206.6,28.43,1448.4,2.12,2554.32,Normal
2026-02-07 17:30:00,P-101,66.07,5.179,207.47,29.5,1433.2,1.631,2554.33,Normal
2026-02-07 17:45:00,P-103,69.31,5.122,216.44,32.8,1462.1,1.906,2554.34,Normal
2026-02-07 18:00:00,P-101,68.11,4.696,205.54,29.44,1455.4,2.047,2554.36,Normal
2026-02-07 18:15:00,P-103,67.96,4.965,225.21,30.59,1436.4,2.229,2554.38,Normal
2026-02-07 18:30:00,P-103,62.43,4.909,214.36,28.24,1476.8,1.986,2554.39,Normal
2026-02-07 18:45:00,P-103,64.67,4.738,204.65,28.1,1453.8,1.584,2554.41,Normal
2026-02-07 19:00:00,P-102,66.96,5.023,217.57,31.92,1424.4,2.107,2554.42,Normal
2026-02-07 19:15:00,P-104,66.97,4.905,210.4,26.64,1467.0,2.288,2554.44,Normal
2026-02-07 19:30:00,P-104,64.67,5.072,219.21,29.1,1437.9,1.541,2554.45,Normal
2026-02-07 19:45:00,P-102,69.08,4.827,208.43,27.7,1442.6,2.141,2554.46,Normal
2026-02-07 20:00:00,P-101,64.79,4.751,195.69,26.39,1446.6,2.181,2554.48,Normal
2026-02-07 20:15:00,P-102,63.05,4.835,194.5,26.65,1465.5,2.042,2554.5,Normal
2026-02-07 20:30:00,P-101,63.87,4.831,189.33,29.36,1449.0,1.846,2554.51,Normal
2026-02-07 20:45:00,P-103,67.94,4.693,191.21,23.95,1461.1,1.945,2554.52,Normal
2026-02-07 21:00:00,P-104,65.91,4.466,191.05,27.19,1421.7,1.821,2554.54,Normal
2026-02-07 21:15:00,P-103,68.02,4.897,208.14,29.42,1430.1,2.022,2554.55,Normal
2026-02-07 21:30:00,P-104,62.25,4.759,193.34,26.07,1450.6,1.866,2554.57,Normal
2026-02-07 21:45:00,P-102,61.42,4.728,186.8,23.9,1436.9,1.77,2554.58,Normal
2026-02-07 22:00:00,P-104,61.06,4.683,172.99,23.3,1446.3,1.594,2554.6,Normal
2026-02-07 22:15:00,P-102,65.68,4.907,209.61,27.15,1463.4,1.835,2554.61,Normal
2026-02-07 22:30:00,P-103,63.12,4.75,193.11,24.21,1435.5,2.101,2554.63,Normal
2026-02-07 22:45:00,P-104,61.74,4.818,174.5,23.78,1436.8,1.659,2554.64,Normal
2026-02-07 23:00:00,P-101,62.17,4.823,183.5,23.38,1452.0,1.438,2554.66,Normal
2026-02-07 23:15:00,P-103,59.95,4.605,180.89,30.73,1411.7,7.519,2554.68,Normal
2026-02-07 23:30:00,P-102,63.73,5.088,207.64,26.98,1468.1,1.808,2554.69,Normal
2026-02-07 23:45:00,P-103,64.77,4.59,187.89,24.62,1452.3,1.728,2554.7,Normal
2026-02-08 00:00:00,P-104,60.4,4.681,196.8,27.62,1451.7,1.81,2554.72,Normal
2026-02-08 00:15:00,P-102,63.14,4.704,183.14,24.85,1440.3,1.806,2554.74,Normal
2026-02-08 00:30:00,P-104,66.49,4.786,202.34,26.3,1462.4,1.751,2554.75,Normal
2026-02-08 00:45:00,P-104,61.84,4.432,187.96,25.98,1447.1,2.087,2554.76,Normal
2026-02-08 01:00:00,P-103,61.47,4.708,193.46,27.4,1472.1,1.821,2554.78,Normal
2026-02-08 01:15:00,P-103,64.41,4.82,193.63,25.75,1419.2,1.664,2554.8,Normal
2026-02-08 01:30:00,P-103,59.99,4.77,198.93,25.11,1451.1,1.335,2554.81,Normal
2026-02-08 01:45:00,P-102,61.74,,201.96,25.46,1450.8,2.037,2554.82,Normal
2026-02-08 02:00:00,P-102,58.86,4.72,194.03,25.04,1455.6,1.731,2554.84,Normal
2026-02-08 02:15:00,P-102,58.87,4.933,207.52,30.12,1475.3,2.013,2554.86,Normal
2026-02-08 02:30:00,P-101,60.02,4.76,180.64,25.4,1425.5,1.616,2554.87,Normal
2026-02-08 02:45:00,P-102,58.31,4.69,197.02,26.13,1424.9,1.862,2554.89,Normal
2026-02-08 03:00:00,P-104,61.0,4.885,203.2,28.64,1443.6,1.849,2554.9,Normal
2026-02-08 03:15:00,P-101,63.77,4.697,204.27,27.14,1415.9,2.051,2554.92,Normal
2026-02-08 03:30:00,P-104,64.6,4.707,194.68,27.82,1491.5,1.874,2554.93,Normal
2026-02-08 03:45:00,P-102,61.36,5.052,198.65,28.99,1466.8,1.697,2554.95,Normal
2026-02-08 04:00:00,P-102,62.94,4.697,200.21,28.41,1459.3,2.312,2554.96,Normal
2026-02-08 04:15:00,P-102,60.29,4.629,194.03,25.52,1464.1,1.884,2554.98,Normal
2026-02-08 04:30:00,P-101,60.01,4.717,204.02,28.0,1472.9,1.742,2554.99,Normal
2026-02-08 04:45:00,P-102,55.63,4.685,194.7,26.43,1438.9,1.89,2555.0,Normal
2026-02-08 05:00:00,P-102,62.9,4.761,188.1,26.76,1443.5,1.9,2555.02,Normal
2026-02-08 05:15:00,P-103,58.73,5.014,221.5,28.01,1456.2,2.04,2555.04,Normal
2026-02-08 05:30:00,P-104,64.45,4.976,208.59,29.52,1440.9,2.051,2555.05,Normal
2026-02-08 05:45:00,P-102,62.68,4.961,210.06,32.22,1433.3,2.044,2555.06,Normal
2026-02-08 06:00:00,P-104,59.47,4.872,217.75,31.35,1440.5,2.179,2555.08,Normal
2026-02-08 06:15:00,P-101,60.13,4.726,196.92,28.07,1456.9,2.007,2555.09,Normal
2026-02-08 06:30:00,P-101,64.75,4.697,209.37,26.66,1466.4,2.056,2555.11,Normal
2026-02-08 06:45:00,P-104,66.54,5.289,238.65,33.44,1427.1,1.814,2555.12,Normal
2026-02-08 07:00:00,P-104,59.43,,203.94,29.64,1446.6,1.652,2555.14,Normal
2026-02-08 07:15:00,P-101,60.61,5.107,221.47,32.23,1449.0,1.932,2555.16,Normal
2026-02-08 07:30:00,P-102,61.36,5.064,211.68,28.96,1425.0,1.963,2555.17,Normal
2026-02-08 07:45:00,P-102,61.61,5.202,227.78,32.91,1458.1,1.928,2555.18,Normal
2026-02-08 08:00:00,P-101,64.12,5.06,221.54,32.39,1448.1,1.849,2555.2,Normal
2026-02-08 08:15:00,P-103,64.34,5.338,228.78,33.05,1433.1,2.157,2555.22,Normal
2026-02-08 08:30:00,P-102,58.77,5.024,229.53,33.89,1441.3,1.941,2555.23,Normal
2026-02-08 08:45:00,P-104,63.14,5.066,219.24,34.64,1459.6,1.639,2555.24,Normal
2026-02-08 09:00:00,P-102,61.37,5.01,217.37,33.27,1467.6,1.8,2555.26,Normal
2026-02-08 09:15:00,P-103,63.21,5.275,226.57,33.61,1456.1,2.022,2555.28,Normal
2026-02-08 09:30:00,P-104,62.53,4.903,222.61,30.27,1484.3,2.004,2555.29,Normal
2026-02-08 09:45:00,P-101,66.28,5.407,237.06,34.86,1470.1,2.317,2555.3,Normal
2026-02-08 10:00:00,P-102,67.96,5.508,250.43,41.51,1459.9,2.372,2555.32,Normal
2026-02-08 10:15:00,P-103,63.19,5.544,247.69,38.16,1437.4,1.862,2555.34,Normal
2026-02-08 10:30:00,P-103,64.33,5.279,246.33,35.57,1470.4,2.451,2555.35,Normal
2026-02-08 10:45:00,P-102,62.94,5.152,229.83,36.17,1436.2,2.109,2555.36,Normal
2026-02-08 11:00:00,P-101,58.74,5.135,218.53,32.65,1463.4,2.05,2555.38,Normal
2026-02-08 11:15:00,P-103,62.94,5.239,228.18,30.08,1406.0,2.099,2555.4,Normal
2026-02-08 11:30:00,P-103,69.76,5.267,247.34,38.21,1441.1,2.082,2555.41,Normal
2026-02-08 11:45:00,P-102,60.25,4.929,223.57,33.49,1424.8,2.214,2555.43,Normal
2026-02-08 12:00:00,P-104,64.22,4.958,229.03,32.47,1444.8,1.767,2555.44,Normal
2026-02-08 12:15:00,P-101,64.79,5.256,233.21,34.53,1422.3,2.391,2555.46,Normal
2026-02-08 12:30:00,P-103,64.91,5.327,227.17,33.35,1450.5,2.128,2555.47,Normal
2026-02-08 12:45:00,P-103,62.16,4.968,225.76,31.57,1458.4,2.148,2555.48,Normal
2026-02-08 13:00:00,P-101,62.35,5.194,243.57,34.31,1438.3,2.246,2555.5,Normal
2026-02-08 13:15:00,P-101,61.84,5.104,227.29,32.52,1444.2,2.017,2555.52,Normal
2026-02-08 13:30:00,P-104,68.06,5.383,220.41,34.01,1454.0,2.331,2555.53,Normal
2026-02-08 13:45:00,P-103,63.06,5.413,228.46,32.48,1449.2,1.964,2555.54,Normal
2026-02-08 14:00:00,P-104,65.41,5.302,246.73,32.89,1474.3,1.987,2555.56,Normal
2026-02-08 14:15:00,P-102,70.56,5.281,230.08,32.91,1437.7,2.143,2555.57,Normal
2026-02-08 14:30:00,P-103,64.46,5.273,228.22,32.21,1459.7,1.864,2555.59,Normal
2026-02-08 14:45:00,P-104,67.61,5.073,234.26,32.91,1454.7,2.049,2555.6,Normal
2026-02-08 15:00:00,P-102,68.6,5.232,231.5,34.38,1421.4,2.146,2555.62,Normal
2026-02-08 15:15:00,P-103,68.43,5.001,224.73,33.46,1451.6,2.214,2555.64,Normal
2026-02-08 15:30:00,P-104,63.99,5.156,223.62,32.35,1448.4,2.111,2555.65,Normal
2026-02-08 15:45:00,P-101,65.56,5.317,228.15,32.05,1441.1,1.957,2555.66,Normal
2026-02-08 16:00:00,P-103,67.08,5.101,223.09,31.79,1481.9,2.0,2555.68,Normal
2026-02-08 16:15:00,P-103,70.88,5.229,226.54,30.41,1473.1,1.944,2555.7,Normal
2026-02-08 16:30:00,P-104,64.18,5.159,212.36,29.99,1436.3,1.984,2555.71,Normal
2026-02-08 16:45:00,P-104,64.69,4.768,211.62,29.93,1461.4,1.875,2555.72,Normal
2026-02-08 17:00:00,P-101,68.14,4.848,225.23,32.6,1463.4,1.897,2555.74,Normal
2026-02-08 17:15:00,P-101,68.25,5.202,216.86,31.78,1452.6,1.843,2555.76,Normal
2026-02-08 17:30:00,P-101,68.34,5.191,218.78,30.13,1430.2,1.7,2555.77,Normal
2026-02-08 17:45:00,P-103,64.76,5.044,218.52,30.54,1432.9,2.203,2555.78,Normal
2026-02-08 18:00:00,P-101,65.17,5.021,206.7,31.29,1459.5,2.112,2555.8,Normal
2026-02-08 18:15:00,P-104,67.31,5.122,217.91,27.98,1459.1,1.789,2555.82,Normal
2026-02-08 18:30:00,P-104,69.74,5.124,211.28,30.96,1444.9,2.13,2555.83,Normal
2026-02-08 18:45:00,P-103,66.31,4.963,209.59,28.8,1473.7,2.007,2555.84,Normal
2026-02-08 19:00:00,P-101,65.76,5.006,201.7,29.96,1476.9,1.695,2555.86,Normal
2026-02-08 19:15:00,P-102,64.77,4.966,222.56,31.35,1476.7,1.816,2555.88,Normal
2026-02-08 19:30:00,P-102,69.95,4.916,196.09,29.15,1476.7,1.898,2555.89,Normal
2026-02-08 19:45:00,P-103,66.41,4.931,204.2,27.54,1449.7,2.072,2555.91,Normal
2026-02-08 20:00:00,P-102,67.97,4.757,202.07,28.05,1426.0,2.014,2555.92,Normal
2026-02-08 20:15:00,P-102,65.48,4.753,206.37,27.87,1444.2,1.798,2555.94,Normal
2026-02-08 20:30:00,P-103,64.56,5.008,200.85,22.82,1447.9,1.909,2555.95,Normal
2026-02-08 20:45:00,P-102,62.19,4.748,199.61,27.82,1438.7,1.874,2555.96,Normal
2026-02-08 21:00:00,P-104,62.52,5.08,220.92,31.6,1443.1,1.891,2555.98,Normal
2026-02-08 21:15:00,P-101,66.93,4.803,190.08,23.86,1429.2,1.995,2556.0,Normal
2026-02-08 21:30:00,P-103,64.57,4.756,192.7,26.77,1462.9,1.869,2556.01,Normal
2026-02-08 21:45:00,P-102,64.2,4.786,189.36,25.21,1479.3,1.896,2556.02,Normal
2026-02-08 22:00:00,P-103,60.77,4.732,178.86,26.53,1492.9,1.597,2556.04,Normal
2026-02-08 22:15:00,P-104,63.18,4.762,202.55,27.35,1454.5,1.818,2556.05,Normal
2026-02-08 22:30:00,P-104,65.32,4.724,186.09,24.55,1446.9,1.921,2556.07,Normal
2026-02-08 22:45:00,P-101,66.8,4.606,180.6,24.94,1449.3,1.731,2556.08,Normal
2026-02-08 23:00:00,P-102,60.42,4.775,177.53,19.45,1474.5,1.671,2556.1,Normal
2026-02-08 23:15:00,P-101,63.83,4.688,173.08,23.53,1474.2,1.567,2556.11,Normal
2026-02-08 23:30:00,P-102,61.73,4.465,174.09,22.64,1445.7,1.734,2556.13,Normal
2026-02-08 23:45:00,P-101,62.98,4.799,199.48,23.14,1471.7,1.644,2556.14,Normal
2026-02-09 00:00:00,P-103,69.09,4.841,209.5,30.17,1452.9,2.034,2556.16,Normal
2026-02-09 00:15:00,P-102,61.01,4.699,179.64,24.57,1436.8,1.6,2556.18,Normal
2026-02-09 00:30:00,P-102,63.4,4.525,166.84,22.69,1447.2,1.664,2556.19,Normal
2026-02-09 00:45:00,P-103,63.67,4.687,197.35,27.32,1480.7,2.141,2556.2,Normal
2026-02-09 01:00:00,P-101,61.18,4.543,186.99,23.58,1463.0,1.828,2556.22,Normal
2026-02-09 01:15:00,P-104,65.92,5.123,199.25,27.28,1440.9,1.825,2556.24,Normal
2026-02-09 01:30:00,P-102,61.98,4.706,184.74,25.96,1466.9,1.951,2556.25,Normal
2026-02-09 01:45:00,P-101,60.69,4.619,175.19,24.58,1462.9,1.65,2556.26,Normal
2026-02-09 02:00:00,P-101,64.24,4.648,189.97,23.12,1444.4,1.636,2556.28,Normal
2026-02-09 02:15:00,P-104,64.69,4.87,194.48,26.99,1436.6,,2556.3,Normal
2026-02-09 02:30:00,P-104,63.61,4.659,187.58,25.67,1430.0,2.021,2556.31,Normal
2026-02-09 02:45:00,P-103,52.08,4.591,197.63,26.45,1420.4,,2556.32,Normal
2026-02-09 03:00:00,P-102,61.8,4.757,184.1,25.62,1438.2,1.751,2556.34,Normal
2026-02-09 03:15:00,P-102,60.28,4.673,177.1,23.45,1446.8,1.734,2556.36,Normal
2026-02-09 03:30:00,P-102,61.19,4.791,201.62,26.24,1472.7,1.97,2556.37,Normal
2026-02-09 03:45:00,P-101,60.61,4.552,181.83,26.06,1464.8,2.21,2556.39,Normal
2026-02-09 04:00:00,P-104,61.02,4.748,193.62,26.95,1453.5,1.821,2556.4,Normal
2026-02-09 04:15:00,P-101,63.01,4.863,208.93,30.44,1416.3,2.195,2556.42,Normal
2026-02-09 04:30:00,P-102,60.52,4.821,206.56,30.17,1455.3,1.974,2556.43,Normal
2026-02-09 04:45:00,P-101,64.68,4.97,204.3,28.18,1420.4,2.111,2556.45,Normal
2026-02-09 05:00:00,P-102,62.54,5.161,202.35,27.35,1465.7,2.112,2556.46,Normal
2026-02-09 05:15:00,P-102,63.16,5.182,217.32,30.48,1466.2,2.047,2556.48,Normal
2026-02-09 05:30:00,P-102,62.89,5.251,217.48,31.29,1450.9,2.007,2556.49,Normal
2026-02-09 05:45:00,P-103,63.98,4.924,216.73,28.4,1464.7,1.958,2556.5,Normal
2026-02-09 06:00:00,P-102,64.18,5.254,216.99,31.75,1468.3,2.099,2556.52,Normal
2026-02-09 06:15:00,P-102,61.61,5.082,221.79,31.72,1452.0,2.251,2556.54,Normal
2026-02-09 06:30:00,P-102,63.06,5.084,216.61,28.25,1447.4,2.215,2556.55,Normal
2026-02-09 06:45:00,P-103,60.56,4.957,206.23,27.15,1426.1,2.152,2556.56,Normal
2026-02-09 07:00:00,P-103,66.1,5.037,221.61,32.18,1443.6,1.968,2556.58,Normal
2026-02-09 07:15:00,P-104,64.53,5.192,223.53,34.66,1432.1,1.968,2556.59,Normal
2026-02-09 07:30:00,P-104,61.36,5.23,227.63,33.05,1431.9,1.965,2556.61,Normal
2026-02-09 07:45:00,P-101,66.19,4.793,210.78,30.71,1436.8,2.031,2556.62,Normal
2026-02-09 08:00:00,P-103,56.61,5.009,215.66,29.92,1414.7,2.184,2556.64,Normal
2026-02-09 08:15:00,P-104,64.02,5.266,232.05,33.5,1467.6,2.006,2556.66,Normal
2026-02-09 08:30:00,P-101,60.77,5.161,222.28,31.83,1453.9,2.052,2556.67,Normal
2026-02-09 08:45:00,P-101,64.98,5.035,212.63,29.52,1470.9,2.102,2556.68,Normal
2026-02-09 09:00:00,P-101,63.61,5.105,231.89,36.79,1464.4,2.072,2556.7,Normal
2026-02-09 09:15:00,P-102,59.48,5.037,224.46,30.46,1459.0,1.97,2556.72,Normal
2026-02-09 09:30:00,P-104,61.63,5.088,227.7,30.17,1464.3,2.267,2556.73,Normal
2026-02-09 09:45:00,P-103,62.9,5.292,247.51,36.98,1452.7,2.215,2556.74,Normal
2026-02-09 10:00:00,P-103,64.41,5.287,253.34,38.59,1473.5,2.116,2556.76,Normal
2026-02-09 10:15:00,P-103,61.81,5.213,221.69,32.92,1440.8,2.086,2556.78,Normal
2026-02-09 10:30:00,P-104,61.87,5.231,239.28,33.54,1449.6,2.205,2556.79,Normal
2026-02-09 10:45:00,P-104,64.63,5.259,236.83,33.42,1445.0,2.604,2556.8,Normal
2026-02-09 11:00:00,P-102,66.65,5.637,250.63,36.63,1486.3,2.534,2556.82,Normal
2026-02-09 11:15:00,P-103,61.73,5.247,226.38,33.54,1438.6,2.702,2556.84,Normal
2026-02-09 11:30:00,P-101,60.47,5.339,230.85,33.41,1473.2,1.938,2556.85,Normal
2026-02-09 11:45:00,P-101,66.81,5.412,240.89,36.78,1425.5,2.503,2556.86,Normal
2026-02-09 12:00:00,P-102,65.73,5.164,232.67,35.53,1451.8,2.417,2556.88,Normal
2026-02-09 12:15:00,P-102,67.32,5.177,240.02,37.08,1446.7,2.208,2556.9,Normal
2026-02-09 12:30:00,P-104,65.11,5.134,222.61,33.67,1431.6,1.999,2556.91,Normal
2026-02-09 12:45:00,P-102,68.69,4.9,228.18,33.38,1438.0,2.279,2556.93,Normal
2026-02-09 13:00:00,P-102,66.23,5.114,225.98,30.61,1459.1,1.996,2556.94,Normal
2026-02-09 13:15:00,P-104,70.62,5.169,229.94,32.73,1443.9,1.881,2556.96,Normal
2026-02-09 13:30:00,P-103,73.38,5.269,250.49,36.29,1432.6,1.942,2556.97,Normal
2026-02-09 13:45:00,P-104,62.01,5.197,242.34,34.18,1466.2,1.869,2556.98,Normal
2026-02-09 14:00:00,P-103,60.92,5.025,231.83,33.89,1449.6,2.159,2557.0,Normal
2026-02-09 14:15:00,P-102,65.45,5.293,231.77,34.47,1456.0,2.206,2557.02,Normal
2026-02-09 14:30:00,P-102,67.14,5.124,231.37,33.01,1469.7,1.934,2557.03,Normal
2026-02-09 14:45:00,P-103,66.42,5.083,231.21,34.92,1477.8,2.22,2557.04,Normal
2026-02-09 15:00:00,P-101,68.82,5.315,236.47,35.52,1408.9,2.252,2557.06,Normal
2026-02-09 15:15:00,P-101,63.49,4.925,210.11,28.75,1448.1,2.004,2557.07,Normal
2026-02-09 15:30:00,P-104,64.22,5.017,240.89,32.22,1419.8,2.162,2557.09,Normal
2026-02-09 15:45:00,P-103,65.48,5.079,233.15,31.78,1499.1,2.128,2557.1,Normal
2026-02-09 16:00:00,P-103,66.02,5.095,225.04,30.83,1452.7,2.304,2557.12,Normal
2026-02-09 16:15:00,P-102,68.78,5.287,228.94,33.06,1467.5,2.196,2557.14,Normal
2026-02-09 16:30:00,P-101,65.73,5.154,226.3,30.05,1438.7,1.839,2557.15,Normal
2026-02-09 16:45:00,P-103,65.64,5.025,217.24,31.37,1443.6,2.351,2557.16,Normal
2026-02-09 17:00:00,P-102,67.3,5.095,218.09,28.73,1469.8,1.822,2557.18,Normal
2026-02-09 17:15:00,P-101,65.82,5.004,214.28,32.05,1459.3,1.997,2557.2,Normal
2026-02-09 17:30:00,P-103,69.92,5.157,219.9,31.75,1480.2,2.532,2557.21,Normal
2026-02-09 17:45:00,P-103,63.69,4.94,210.24,30.56,1435.0,2.036,2557.22,Normal
2026-02-09 18:00:00,P-102,63.74,5.035,214.81,29.33,1446.1,1.828,2557.24,Normal
2026-02-09 18:15:00,P-102,67.05,4.916,211.41,29.35,1459.2,,2557.26,Normal
2026-02-09 18:30:00,P-102,68.41,4.938,223.44,32.64,1462.0,2.144,2557.27,Normal
2026-02-09 18:45:00,P-103,63.84,4.999,209.75,28.61,1457.5,1.963,2557.28,Normal
2026-02-09 19:00:00,P-104,69.72,5.167,213.5,29.9,1426.2,1.9,2557.3,Normal
2026-02-09 19:15:00,P-101,71.12,4.863,212.22,29.63,1433.0,1.766,2557.32,Normal
2026-02-09 19:30:00,P-101,64.2,4.882,198.71,27.27,1456.1,1.698,2557.33,Normal
2026-02-09 19:45:00,P-104,68.58,4.778,198.3,30.07,1422.2,1.747,2557.34,Normal
2026-02-09 20:00:00,P-102,59.81,4.911,204.83,24.77,1434.1,2.103,2557.36,Normal
2026-02-09 20:15:00,P-103,67.33,4.827,195.4,25.2,1450.7,1.645,2557.38,Normal
2026-02-09 20:30:00,P-101,63.91,5.282,206.03,29.54,1436.0,1.95,2557.39,Normal
2026-02-09 20:45:00,P-102,67.22,4.777,196.21,28.23,1454.1,2.127,2557.41,Normal
2026-02-09 21:00:00,P-103,62.79,4.985,194.64,25.59,1448.4,1.984,2557.42,Normal
2026-02-09 21:15:00,P-102,,4.862,179.96,22.33,1435.8,2.033,2557.44,Normal
2026-02-09 21:30:00,P-102,61.68,4.733,185.13,26.01,1436.2,1.674,2557.45,Normal
2026-02-09 21:45:00,P-102,65.6,4.943,206.77,27.86,1473.0,2.072,2557.46,Normal
2026-02-09 22:00:00,P-103,67.83,4.732,195.72,24.75,1456.9,2.021,2557.48,Normal
2026-02-09 22:15:00,P-103,62.84,4.659,183.12,24.42,1454.5,1.941,2557.5,Normal
2026-02-09 22:30:00,P-102,69.52,4.985,200.97,26.26,1451.0,2.06,2557.51,Normal
2026-02-09 22:45:00,P-101,62.8,4.635,190.24,26.77,1433.7,1.611,2557.52,Normal
2026-02-09 23:00:00,P-102,67.02,4.742,194.97,26.05,1439.8,1.961,2557.54,Normal
2026-02-09 23:15:00,P-103,59.33,4.659,194.29,23.82,1406.8,1.883,2557.55,Normal
2026-02-09 23:30:00,P-104,61.93,4.466,179.88,23.61,1438.5,1.755,2557.57,Normal
2026-02-09 23:45:00,P-104,61.34,4.788,187.54,26.31,1438.8,1.681,2557.58,Normal
2026-02-10 00:00:00,P-104,64.64,4.703,168.25,22.63,1459.9,1.798,2557.6,Normal
2026-02-10 00:15:00,P-102,62.66,4.617,192.94,25.62,1439.1,1.617,2557.61,Normal
2026-02-10 00:30:00,P-103,57.84,4.853,189.61,25.47,1464.1,1.742,2557.63,Normal
2026-02-10 00:45:00,P-101,60.8,4.682,195.77,25.83,1445.3,2.084,2557.64,Normal
2026-02-10 01:00:00,P-104,59.72,4.72,182.67,26.18,1452.7,1.999,2557.66,Normal
2026-02-10 01:15:00,P-104,61.68,4.489,173.63,23.12,1449.4,1.756,2557.68,Normal
2026-02-10 01:30:00,P-102,63.28,4.723,180.29,27.41,1462.6,1.725,2557.69,Normal
2026-02-10 01:45:00,P-103,63.28,4.984,214.04,27.48,1471.7,1.783,2557.7,Normal
2026-02-10 02:00:00,P-102,60.93,4.805,195.82,23.14,1432.2,1.736,2557.72,Normal
2026-02-10 02:15:00,P-103,62.11,4.626,184.01,25.31,1481.7,2.013,2557.74,Normal
2026-02-10 02:30:00,P-101,59.21,4.796,194.12,26.13,1434.6,1.908,2557.75,Normal
2026-02-10 02:45:00,P-103,61.42,4.864,182.76,23.29,1446.7,1.782,2557.76,Normal
2026-02-10 03:00:00,P-102,60.62,4.588,181.14,24.42,1440.5,1.801,2557.78,Normal
2026-02-10 03:15:00,P-101,60.04,5.031,195.92,25.48,1477.1,1.964,2557.8,Normal
2026-02-10 03:30:00,P-104,61.87,4.738,196.48,25.4,1430.9,1.691,2557.81,Normal
2026-02-10 03:45:00,P-104,59.41,4.68,185.16,24.1,1462.9,1.68,2557.82,Normal
2026-02-10 04:00:00,P-101,60.91,4.8,189.18,26.21,1410.2,1.937,2557.84,Normal
2026-02-10 04:15:00,P-102,57.91,4.817,204.44,27.79,1464.6,1.944,2557.86,Normal
2026-02-10 04:30:00,P-103,61.83,4.996,201.49,27.43,1446.6,2.086,2557.87,Normal
2026-02-10 04:45:00,P-102,63.47,4.984,204.85,29.3,1443.3,2.081,2557.89,Normal
2026-02-10 05:00:00,P-102,60.49,4.766,191.05,24.5,1437.5,1.722,2557.9,Normal
2026-02-10 05:15:00,P-103,62.88,5.146,218.09,29.83,1448.8,1.387,2557.92,Normal
2026-02-10 05:30:00,P-102,59.66,4.706,195.19,27.47,1443.6,1.922,2557.93,Normal
2026-02-10 05:45:00,P-104,64.47,5.032,226.69,31.61,1423.2,1.879,2557.95,Normal
2026-02-10 06:00:00,P-103,59.7,4.883,198.25,25.96,1435.9,1.968,2557.96,Normal
2026-02-10 06:15:00,P-104,,4.986,202.54,27.35,1464.4,2.213,2557.98,Normal
2026-02-10 06:30:00,P-104,63.46,5.082,221.07,30.65,1442.8,1.843,2557.99,Normal
2026-02-10 06:45:00,P-103,59.29,5.157,237.65,34.52,1435.8,2.231,2558.0,Normal
2026-02-10 07:00:00,P-103,62.41,5.038,224.38,33.3,1450.8,2.202,2558.02,Normal
2026-02-10 07:15:00,P-102,61.29,5.243,225.5,33.79,1458.8,2.134,2558.04,Normal
2026-02-10 07:30:00,P-102,60.79,5.104,229.97,29.72,1461.7,2.109,2558.05,Normal
2026-02-10 07:45:00,P-102,61.36,4.892,206.36,29.04,1456.1,1.624,2558.06,Normal
2026-02-10 08:00:00,P-101,60.05,4.949,215.02,32.13,1471.8,2.052,2558.08,Normal
2026-02-10 08:15:00,P-104,62.24,5.193,213.68,31.98,1450.9,2.006,2558.09,Normal
2026-02-10 08:30:00,P-104,61.34,4.933,223.86,29.41,1445.8,2.202,2558.11,Normal
2026-02-10 08:45:00,P-104,61.54,5.217,236.6,33.87,1465.7,2.296,2558.12,Normal
2026-02-10 09:00:00,P-102,64.64,5.222,211.9,29.96,1437.2,1.948,2558.14,Normal
2026-02-10 09:15:00,P-104,63.63,5.267,231.31,34.32,1442.7,1.793,2558.16,Normal
2026-02-10 09:30:00,P-103,63.29,,214.53,30.68,1421.3,1.757,2558.17,Normal
2026-02-10 09:45:00,P-104,66.64,5.099,235.07,34.58,1482.6,2.401,2558.18,Normal
2026-02-10 10:00:00,P-104,66.08,5.384,234.16,31.73,1487.5,2.093,2558.2,Normal
2026-02-10 10:15:00,P-102,66.17,5.214,250.93,34.69,1446.8,1.965,2558.22,Normal
2026-02-10 10:30:00,P-103,63.44,5.182,239.13,38.6,1463.7,1.928,2558.23,Normal
2026-02-10 10:45:00,P-103,61.97,5.382,243.76,36.7,1462.6,2.266,2558.24,Normal
2026-02-10 11:00:00,P-102,63.96,5.137,229.45,35.8,1453.4,2.13,2558.26,Normal
2026-02-10 11:15:00,P-103,66.83,5.309,240.4,36.53,1471.9,2.458,2558.28,Normal
2026-02-10 11:30:00,P-103,64.45,4.973,240.43,31.03,1427.2,2.085,2558.29,Normal
2026-02-10 11:45:00,P-102,56.78,5.177,227.61,34.43,1446.7,2.204,2558.3,Normal
2026-02-10 12:00:00,P-101,66.58,5.298,242.78,32.71,1412.4,2.137,2558.32,Normal
2026-02-10 12:15:00,P-103,66.46,5.256,232.18,33.1,1431.8,2.263,2558.34,Normal
2026-02-10 12:30:00,P-104,63.47,5.06,230.86,30.33,1420.7,2.402,2558.35,Normal
2026-02-10 12:45:00,P-104,66.29,4.985,225.79,30.31,1416.9,2.242,2558.36,Normal
2026-02-10 13:00:00,P-104,64.81,5.046,223.87,29.56,1441.1,2.368,2558.38,Normal
2026-02-10 13:15:00,P-104,63.21,4.973,228.62,31.98,1456.6,,2558.4,Normal
2026-02-10 13:30:00,P-102,69.16,5.43,237.05,35.46,1438.0,1.898,2558.41,Normal
2026-02-10 13:45:00,P-103,61.7,5.087,223.51,30.23,1440.2,1.897,2558.43,Normal
2026-02-10 14:00:00,P-102,64.68,4.997,228.03,31.88,1436.8,2.202,2558.44,Normal
2026-02-10 14:15:00,P-101,67.41,5.229,247.6,38.35,1452.5,2.194,2558.46,Normal
2026-02-10 14:30:00,P-101,63.84,5.051,216.26,32.89,1439.1,2.085,2558.47,Normal
2026-02-10 14:45:00,P-104,67.27,5.014,232.93,33.91,1431.9,1.989,2558.48,Normal
2026-02-10 15:00:00,P-102,69.85,5.278,235.54,34.72,1466.8,2.406,2558.5,Normal
2026-02-10 15:15:00,P-104,69.79,5.111,233.81,32.38,1434.3,2.414,2558.52,Normal
2026-02-10 15:30:00,P-102,66.71,5.045,212.28,31.32,1427.1,1.957,2558.53,Normal
2026-02-10 15:45:00,P-103,62.59,5.164,230.71,30.61,1463.3,2.027,2558.54,Normal
2026-02-10 16:00:00,P-102,62.15,5.075,199.41,31.35,1419.7,2.202,2558.56,Normal
2026-02-10 16:15:00,P-102,69.13,5.34,243.85,37.0,1472.1,2.395,2558.57,Normal
2026-02-10 16:30:00,P-103,65.05,5.065,209.1,29.63,1431.5,1.66,2558.59,Normal
2026-02-10 16:45:00,P-101,64.51,5.129,222.04,30.26,1451.4,2.097,2558.6,Normal
2026-02-10 17:00:00,P-102,69.78,4.977,210.0,29.25,1432.1,2.053,2558.62,Normal
2026-02-10 17:15:00,P-102,65.37,4.926,206.96,27.28,1450.2,1.959,2558.64,Normal
2026-02-10 17:30:00,P-104,68.84,5.06,227.26,31.44,1440.6,1.927,2558.65,Normal
2026-02-10 17:45:00,P-101,70.72,5.087,234.33,36.16,1432.3,1.983,2558.66,Normal
2026-02-10 18:00:00,P-104,65.99,5.081,217.14,29.04,1421.1,1.394,2558.68,Normal
2026-02-10 18:15:00,P-102,70.73,4.906,194.18,25.93,1440.3,1.771,2558.7,Normal
2026-02-10 18:30:00,P-104,62.04,4.816,187.23,26.18,1458.6,1.468,2558.71,Normal
2026-02-10 18:45:00,P-101,64.46,4.824,209.18,28.76,1462.1,1.833,2558.72,Normal
2026-02-10 19:00:00,P-102,63.54,5.067,204.52,27.54,1437.1,1.987,2558.74,Normal
2026-02-10 19:15:00,P-103,68.63,4.797,197.51,26.04,1437.1,1.673,2558.76,Normal
2026-02-10 19:30:00,P-102,67.6,4.79,204.25,29.08,1446.9,2.164,2558.77,Normal
2026-02-10 19:45:00,P-101,64.66,4.817,209.13,29.32,1450.0,2.276,2558.78,Normal
2026-02-10 20:00:00,P-101,63.74,5.053,204.97,28.19,1449.9,1.952,2558.8,Normal
2026-02-10 20:15:00,P-104,67.96,4.658,192.33,26.63,1442.2,1.971,2558.82,Normal
2026-02-10 20:30:00,P-103,64.83,4.616,189.28,24.17,1443.4,1.513,2558.83,Normal
2026-02-10 20:45:00,P-101,68.56,5.2,201.18,28.16,1444.8,1.934,2558.84,Normal
2026-02-10 21:00:00,P-104,64.57,4.893,197.2,25.59,1406.5,1.601,2558.86,Normal
2026-02-10 21:15:00,P-102,66.44,4.759,199.37,25.98,1442.7,1.588,2558.88,Normal
2026-02-10 21:30:00,P-104,65.7,4.697,193.09,28.51,1464.1,1.657,2558.89,Normal
2026-02-10 21:45:00,P-101,61.49,4.417,183.3,22.41,1475.1,1.717,2558.91,Normal
2026-02-10 22:00:00,P-102,62.35,4.619,181.73,21.2,1471.2,1.731,2558.92,Normal
2026-02-10 22:15:00,P-103,60.49,4.747,190.9,25.91,1451.6,1.76,2558.94,Normal
2026-02-10 22:30:00,P-103,63.72,4.808,174.09,21.68,1428.6,1.541,2558.95,Normal
2026-02-10 22:45:00,P-102,65.75,4.555,194.69,25.92,1440.1,1.874,2558.96,Normal
2026-02-10 23:00:00,P-102,65.71,4.582,190.09,24.37,1436.3,1.702,2558.98,Normal
2026-02-10 23:15:00,P-101,65.49,4.79,195.06,25.89,1424.6,1.893,2559.0,Normal
2026-02-10 23:30:00,P-104,62.92,5.073,183.28,28.31,1433.0,1.783,2559.01,Normal
2026-02-10 23:45:00,P-103,66.27,4.826,183.94,25.2,1436.9,1.488,2559.02,Normal
2026-02-11 00:00:00,P-104,65.54,4.853,198.75,27.26,1424.9,1.75,2559.04,Normal
2026-02-11 00:15:00,P-103,65.81,4.596,188.93,26.67,1466.8,1.927,2559.05,Normal
2026-02-11 00:30:00,P-104,65.43,4.454,184.14,24.36,1461.0,1.957,2559.07,Normal
2026-02-11 00:45:00,P-101,63.07,4.843,207.34,28.64,1449.1,1.671,2559.08,Normal
2026-02-11 01:00:00,P-102,62.83,4.708,201.16,25.78,1456.9,1.675,2559.1,Normal
2026-02-11 01:15:00,P-104,63.16,4.655,186.02,25.69,1455.5,1.711,2559.11,Normal
2026-02-11 01:30:00,P-101,58.31,4.599,174.96,23.22,1436.8,1.974,2559.13,Normal
2026-02-11 01:45:00,P-104,59.63,4.701,197.83,27.07,1482.4,1.945,2559.14,Normal
2026-02-11 02:00:00,P-104,59.62,4.73,190.59,27.5,1436.2,1.668,2559.16,Normal
2026-02-11 02:15:00,P-103,60.98,4.908,184.5,27.04,1420.0,1.916,2559.18,Normal
2026-02-11 02:30:00,P-103,61.61,4.767,205.47,27.32,1452.9,2.144,2559.19,Normal
2026-02-11 02:45:00,P-104,56.15,4.557,170.47,25.63,1460.2,1.765,2559.2,Normal
2026-02-11 03:00:00,P-101,61.29,4.769,192.81,26.65,1444.6,1.71,2559.22,Normal
2026-02-11 03:15:00,P-103,60.71,4.873,188.18,26.34,1472.4,2.012,2559.24,Normal
2026-02-11 03:30:00,P-104,62.85,4.638,191.47,25.38,1453.3,1.86,2559.25,Normal
2026-02-11 03:45:00,P-102,67.45,5.152,223.78,30.84,1435.2,1.978,2559.26,Normal
2026-02-11 04:00:00,P-101,61.79,4.759,196.26,26.44,1439.3,2.047,2559.28,Normal
2026-02-11 04:15:00,P-104,,4.794,197.84,27.73,1452.7,1.875,2559.3,Normal
2026-02-11 04:30:00,P-103,62.29,5.066,198.91,27.87,1451.4,1.927,2559.31,Normal
2026-02-11 04:45:00,P-103,59.07,,184.04,27.38,1471.8,1.957,2559.32,Normal
2026-02-11 05:00:00,P-104,59.67,4.918,195.42,26.72,1465.0,1.798,2559.34,Normal
2026-02-11 05:15:00,P-101,59.91,5.126,219.46,30.18,1421.8,1.796,2559.36,Normal
2026-02-11 05:30:00,P-104,59.38,4.915,196.76,27.53,1447.0,1.977,2559.37,Normal
2026-02-11 05:45:00,P-101,59.89,,202.13,30.28,1427.6,2.199,2559.39,Normal
2026-02-11 06:00:00,P-101,64.05,5.343,225.1,30.1,1476.3,1.649,2559.4,Normal
2026-02-11 06:15:00,P-101,63.52,5.107,229.47,32.33,1432.5,2.204,2559.42,Normal
2026-02-11 06:30:00,P-104,65.76,5.076,221.95,31.54,1453.6,2.041,2559.43,Normal
2026-02-11 06:45:00,P-102,62.46,4.941,212.96,28.54,1437.4,1.892,2559.45,Normal
2026-02-11 07:00:00,P-104,62.22,5.036,213.84,33.73,1414.4,1.896,2559.46,Normal
2026-02-11 07:15:00,P-101,60.23,5.1,218.2,28.82,1427.4,2.152,2559.48,Normal
2026-02-11 07:30:00,P-101,58.58,4.951,209.18,29.97,1445.5,2.112,2559.49,Normal
2026-02-11 07:45:00,P-103,59.71,4.742,210.32,32.16,1460.2,1.81,2559.5,Normal
2026-02-11 08:00:00,P-102,59.95,5.111,226.29,30.67,1459.6,2.088,2559.52,Normal
2026-02-11 08:15:00,P-102,55.64,4.897,219.27,30.88,1426.0,2.265,2559.54,Normal
2026-02-11 08:30:00,P-101,58.74,5.083,216.39,29.69,1455.6,2.121,2559.55,Normal
2026-02-11 08:45:00,P-102,66.26,5.168,233.37,33.27,1467.1,1.812,2559.56,Normal
2026-02-11 09:00:00,P-101,63.73,5.295,231.21,34.91,1459.2,2.238,2559.58,Normal
2026-02-11 09:15:00,P-102,63.59,5.212,237.7,35.9,1443.5,1.993,2559.59,Normal
2026-02-11 09:30:00,P-101,63.35,5.06,227.63,29.33,1450.9,2.122,2559.61,Normal
2026-02-11 09:45:00,P-102,59.22,5.18,235.18,34.32,1452.7,2.013,2559.62,Normal
2026-02-11 10:00:00,P-103,64.34,5.054,231.97,34.64,1475.1,2.227,2559.64,Normal
2026-02-11 10:15:00,P-104,66.21,5.323,226.91,33.98,1480.6,2.006,2559.66,Normal
2026-02-11 10:30:00,P-103,64.22,5.091,241.02,35.4,1461.6,2.003,2559.67,Normal
2026-02-11 10:45:00,P-102,60.8,5.427,235.29,34.76,1451.0,2.254,2559.68,Normal
2026-02-11 11:00:00,P-101,63.57,5.311,238.14,34.82,1449.4,2.194,2559.7,Normal
2026-02-11 11:15:00,P-104,66.95,5.188,233.1,36.3,1451.3,2.289,2559.72,Normal
2026-02-11 11:30:00,P-104,64.8,5.247,233.24,34.01,1453.7,2.042,2559.73,Normal
2026-02-11 11:45:00,P-104,60.38,5.154,227.68,33.15,1440.7,1.805,2559.74,Normal
2026-02-11 12:00:00,P-103,69.38,5.119,233.46,32.09,1485.4,2.233,2559.76,Normal
2026-02-11 12:15:00,P-102,61.75,5.219,228.26,33.28,1435.7,2.383,2559.78,Normal
2026-02-11 12:30:00,P-101,63.68,5.224,231.86,31.55,1473.3,1.987,2559.79,Normal
2026-02-11 12:45:00,P-101,63.5,5.161,239.06,36.94,1410.4,2.27,2559.8,Normal
2026-02-11 13:00:00,P-104,64.33,5.38,254.8,34.78,1445.0,2.17,2559.82,Normal
2026-02-11 13:15:00,P-104,63.86,4.829,225.27,33.33,1443.9,2.444,2559.84,Normal
2026-02-11 13:30:00,P-103,67.46,5.013,229.4,35.22,1454.1,2.069,2559.85,Normal
2026-02-11 13:45:00,P-101,67.83,5.187,230.08,32.75,1443.4,2.071,2559.86,Normal
2026-02-11 14:00:00,P-101,64.91,5.126,233.3,30.69,1474.9,1.754,2559.88,Normal
2026-02-11 14:15:00,P-101,63.3,5.03,233.14,30.24,1445.6,2.371,2559.9,Normal
2026-02-11 14:30:00,P-104,67.83,5.232,238.4,34.83,1431.5,2.063,2559.91,Normal
2026-02-11 14:45:00,P-104,66.82,5.064,236.96,31.18,1432.6,2.308,2559.93,Normal
2026-02-11 15:00:00,P-103,67.82,5.133,237.15,34.18,1441.5,2.047,2559.94,Normal
2026-02-11 15:15:00,P-103,66.83,4.929,231.77,32.04,1463.0,2.07,2559.96,Normal
2026-02-11 15:30:00,P-104,65.66,4.84,219.33,30.35,1466.3,1.91,2559.97,Normal
2026-02-11 15:45:00,P-101,65.61,5.096,218.12,28.88,1428.4,1.837,2559.98,Normal
2026-02-11 16:00:00,P-104,66.38,5.077,230.1,32.58,1435.6,2.032,2560.0,Normal
2026-02-11 16:15:00,P-102,69.72,5.286,234.75,31.09,1430.8,2.088,2560.02,Normal
2026-02-11 16:30:00,P-101,71.71,5.046,227.86,31.42,1444.9,2.0,2560.03,Normal
2026-02-11 16:45:00,P-103,,5.301,222.49,34.27,1467.3,1.898,2560.04,Normal
2026-02-11 17:00:00,P-104,67.79,5.154,230.11,33.32,1453.1,2.163,2560.06,Normal
2026-02-11 17:15:00,P-101,66.77,5.0,211.67,33.0,1459.9,1.644,2560.07,Normal
2026-02-11 17:30:00,P-102,64.7,4.988,210.97,28.62,1463.4,1.924,2560.09,Normal
2026-02-11 17:45:00,P-103,68.48,4.976,216.33,31.26,1439.4,1.735,2560.1,Normal
2026-02-11 18:00:00,P-103,66.51,4.747,210.22,28.6,1426.9,2.092,2560.12,Normal
2026-02-11 18:15:00,P-102,66.34,5.149,221.27,31.94,1439.4,2.26,2560.14,Normal
2026-02-11 18:30:00,P-103,68.43,5.159,209.47,29.38,1464.8,2.085,2560.15,Normal
2026-02-11 18:45:00,P-104,66.29,5.14,202.2,30.88,1460.9,1.875,2560.16,Normal
2026-02-11 19:00:00,P-102,64.38,4.896,219.18,30.36,1451.4,1.841,2560.18,Normal
2026-02-11 19:15:00,P-103,68.1,4.95,215.27,31.76,1467.1,1.98,2560.2,Normal
2026-02-11 19:30:00,P-102,66.32,4.816,203.54,26.42,1452.6,1.912,2560.21,Normal
2026-02-11 19:45:00,P-104,67.51,4.819,211.07,27.5,1444.0,1.98,2560.22,Normal
2026-02-11 20:00:00,P-101,68.54,4.964,209.22,29.08,1421.8,2.052,2560.24,Normal
2026-02-11 20:15:00,P-104,65.82,4.787,205.1,27.52,1472.9,1.571,2560.26,Normal
2026-02-11 20:30:00,P-102,63.7,4.599,195.7,25.54,1448.3,1.97,2560.27,Normal
2026-02-11 20:45:00,P-102,64.87,4.798,187.94,26.49,1441.9,1.931,2560.28,Normal
2026-02-11 21:00:00,P-101,65.66,4.373,187.75,27.18,1448.2,1.724,2560.3,Normal
2026-02-11 21:15:00,P-102,65.9,4.787,194.22,27.86,1477.0,1.692,2560.32,Normal
2026-02-11 21:30:00,P-104,63.77,4.52,179.19,25.03,1467.9,1.767,2560.33,Normal
2026-02-11 21:45:00,P-104,62.56,4.7,179.62,23.82,1443.5,1.77,2560.34,Normal
2026-02-11 22:00:00,P-102,65.35,4.782,178.6,24.34,1458.5,1.573,2560.36,Normal
2026-02-11 22:15:00,P-101,61.42,4.77,184.26,23.64,1472.1,1.771,2560.38,Normal
2026-02-11 22:30:00,P-101,68.46,4.621,173.29,24.08,1456.3,1.808,2560.39,Normal
2026-02-11 22:45:00,P-102,65.65,4.635,193.7,25.27,1452.2,2.002,2560.41,Normal
2026-02-11 23:00:00,P-104,60.58,4.596,188.75,24.39,1412.4,1.776,2560.42,Normal
2026-02-11 23:15:00,P-103,63.61,4.757,191.24,25.81,1472.4,1.45,2560.44,Normal
2026-02-11 23:30:00,P-101,63.45,4.395,176.8,25.08,1431.5,1.773,2560.45,Normal
2026-02-11 23:45:00,P-102,61.49,4.826,180.44,24.14,1416.3,1.468,2560.46,Normal
2026-02-12 00:00:00,P-102,59.74,4.713,191.39,24.92,1417.5,1.682,2560.48,Normal
2026-02-12 00:15:00,P-101,60.58,4.814,198.63,27.07,1434.6,1.593,2560.5,Normal
2026-02-12 00:30:00,P-104,62.71,4.423,178.74,21.56,1458.7,1.847,2560.51,Normal
2026-02-12 00:45:00,P-101,58.3,4.609,194.2,26.58,1470.9,1.618,2560.52,Normal
2026-02-12 01:00:00,P-101,60.66,4.678,212.17,26.84,1456.1,2.118,2560.54,Normal
2026-02-12 01:15:00,P-102,62.89,4.835,179.99,26.0,1481.2,1.6,2560.55,Normal
2026-02-12 01:30:00,P-103,60.48,4.639,183.02,23.74,1442.7,1.41,2560.57,Normal
2026-02-12 01:45:00,P-104,59.79,4.781,183.73,25.59,1445.8,1.746,2560.58,Normal
2026-02-12 02:00:00,P-101,60.36,4.752,184.07,28.25,1416.4,1.591,2560.6,Normal
2026-02-12 02:15:00,P-103,57.89,4.788,194.38,24.53,1439.6,2.058,2560.61,Normal
2026-02-12 02:30:00,P-103,62.2,4.712,194.72,24.69,1413.2,1.713,2560.63,Normal
2026-02-12 02:45:00,P-102,58.01,4.613,183.05,24.06,1425.8,1.966,2560.64,Normal
2026-02-12 03:00:00,P-101,58.97,4.681,181.38,26.7,1461.3,1.74,2560.66,Normal
2026-02-12 03:15:00,P-101,61.58,4.827,195.75,26.54,1419.6,1.916,2560.68,Normal
2026-02-12 03:30:00,P-102,60.19,4.843,189.27,26.59,1421.4,1.765,2560.69,Normal
2026-02-12 03:45:00,P-103,58.81,5.106,194.21,26.37,1418.4,2.274,2560.7,Normal
2026-02-12 04:00:00,P-102,56.31,5.021,195.11,25.81,1464.0,1.673,2560.72,Normal
2026-02-12 04:15:00,P-101,61.7,4.643,207.06,27.88,1479.5,1.355,2560.74,Normal
2026-02-12 04:30:00,P-102,61.81,4.93,208.3,28.79,1448.7,2.011,2560.75,Normal
2026-02-12 04:45:00,P-101,59.63,4.826,204.63,29.57,1467.0,1.732,2560.76,Normal
2026-02-12 05:00:00,P-102,58.96,5.09,210.3,30.03,1429.0,1.994,2560.78,Normal
2026-02-12 05:15:00,P-101,60.46,4.831,202.57,26.29,1472.1,1.9,2560.8,Normal
2026-02-12 05:30:00,P-104,62.54,5.042,214.27,29.63,1437.1,1.896,2560.81,Normal
2026-02-12 05:45:00,P-103,61.58,4.706,215.25,30.61,1462.0,1.918,2560.82,Normal
2026-02-12 06:00:00,P-103,65.48,4.866,214.91,29.92,1449.5,2.106,2560.84,Normal
2026-02-12 06:15:00,P-104,63.38,5.303,221.77,29.88,1415.5,1.97,2560.86,Normal
2026-02-12 06:30:00,P-103,61.57,5.064,224.66,30.73,1434.1,2.011,2560.87,Normal
2026-02-12 06:45:00,P-103,62.92,4.894,218.25,30.89,1453.1,1.92,2560.89,Normal
2026-02-12 07:00:00,P-103,61.83,5.091,218.91,32.6,1416.7,2.334,2560.9,Normal
2026-02-12 07:15:00,P-102,62.68,5.026,229.85,33.33,1455.3,2.337,2560.92,Normal
2026-02-12 07:30:00,P-102,64.02,4.981,214.52,33.44,1424.5,1.745,2560.93,Normal
2026-02-12 07:45:00,P-101,59.36,4.859,217.42,30.01,1459.7,2.022,2560.95,Normal
2026-02-12 08:00:00,P-102,62.26,5.027,220.18,33.35,1425.5,1.934,2560.96,Normal
2026-02-12 08:15:00,P-102,65.2,5.107,236.33,31.81,1458.0,1.881,2560.98,Normal
2026-02-12 08:30:00,P-101,62.31,5.195,230.2,33.26,1464.7,1.464,2560.99,Normal
2026-02-12 08:45:00,P-102,61.66,5.197,224.43,34.47,1447.0,2.036,2561.0,Normal
2026-02-12 09:00:00,P-101,58.87,5.229,232.91,33.9,1448.6,2.057,2561.02,Normal
2026-02-12 09:15:00,P-103,55.9,4.971,219.87,27.66,1476.7,2.226,2561.04,Normal
2026-02-12 09:30:00,P-101,67.44,5.263,225.29,34.12,1435.9,2.298,2561.05,Normal
2026-02-12 09:45:00,P-104,63.79,5.076,220.74,32.59,1440.4,2.209,2561.06,Normal
2026-02-12 10:00:00,P-103,62.01,5.101,239.95,34.29,1461.5,2.259,2561.08,Normal
2026-02-12 10:15:00,P-101,65.67,5.388,246.08,34.92,1457.6,2.38,2561.09,Normal
2026-02-12 10:30:00,P-104,60.64,5.077,222.49,32.57,1445.6,2.161,2561.11,Normal
2026-02-12 10:45:00,P-102,62.53,5.15,229.12,32.6,1428.1,2.35,2561.12,Normal
2026-02-12 11:00:00,P-103,59.77,4.976,212.76,29.21,1467.5,1.769,2561.14,Normal
2026-02-12 11:15:00,P-103,60.83,5.342,247.35,34.5,1427.7,2.04,2561.16,Normal
2026-02-12 11:30:00,P-104,59.56,5.359,230.87,33.93,1491.0,2.022,2561.17,Normal
2026-02-12 11:45:00,P-102,60.75,5.118,234.38,33.58,1428.5,2.03,2561.18,Normal
2026-02-12 12:00:00,P-104,68.14,5.129,252.6,37.56,1430.1,2.199,2561.2,Normal
2026-02-12 12:15:00,P-101,63.67,5.231,250.48,38.51,1456.2,2.505,2561.22,Normal
2026-02-12 12:30:00,P-101,66.48,5.137,242.91,35.14,1459.9,2.324,2561.23,Normal
2026-02-12 12:45:00,P-101,67.15,5.301,231.34,31.81,1432.5,2.354,2561.24,Normal
2026-02-12 13:00:00,P-104,66.49,5.434,243.86,34.47,1480.5,2.201,2561.26,Normal
2026-02-12 13:15:00,P-103,65.0,5.1,224.65,34.49,1455.9,2.127,2561.28,Normal
2026-02-12 13:30:00,P-102,,5.055,227.99,34.15,1445.5,2.201,2561.29,Normal
2026-02-12 13:45:00,P-103,63.46,4.88,220.45,31.44,1456.9,2.116,2561.3,Normal
2026-02-12 14:00:00,P-102,68.29,5.18,233.75,33.88,1471.8,2.187,2561.32,Normal
2026-02-12 14:15:00,P-103,70.95,5.257,248.03,35.08,1479.0,2.592,2561.34,Normal
2026-02-12 14:30:00,P-103,71.47,5.484,254.22,38.81,1453.5,2.365,2561.35,Normal
2026-02-12 14:45:00,P-104,61.64,5.238,236.72,34.28,1427.1,1.977,2561.36,Normal
2026-02-12 15:00:00,P-103,64.74,5.165,223.35,30.69,1427.3,1.935,2561.38,Normal
2026-02-12 15:15:00,P-101,65.39,4.856,225.21,31.51,1424.5,2.179,2561.4,Normal
2026-02-12 15:30:00,P-102,68.01,5.109,231.93,31.79,1438.4,2.26,2561.41,Normal
2026-02-12 15:45:00,P-102,61.14,,217.15,30.06,1450.7,2.15,2561.43,Normal
2026-02-12 16:00:00,P-104,63.21,5.09,233.19,32.75,1453.9,2.197,2561.44,Normal
2026-02-12 16:15:00,P-102,70.17,4.968,231.91,33.44,1470.3,1.921,2561.46,Normal
2026-02-12 16:30:00,P-102,65.72,5.21,217.62,32.69,1412.7,2.352,2561.47,Normal
2026-02-12 16:45:00,P-101,63.08,4.968,223.86,31.24,1449.8,2.266,2561.48,Normal
2026-02-12 17:00:00,P-101,64.6,5.218,225.21,33.59,1458.3,1.991,2561.5,Normal
2026-02-12 17:15:00,P-103,67.5,5.036,222.0,30.96,1399.5,2.091,2561.52,Normal
2026-02-12 17:30:00,P-104,63.92,4.902,210.63,29.28,1458.2,1.99,2561.53,Normal
2026-02-12 17:45:00,P-102,68.57,5.318,231.56,34.68,1499.1,2.036,2561.54,Normal
2026-02-12 18:00:00,P-101,63.83,4.782,215.85,31.39,1463.9,1.75,2561.56,Normal
2026-02-12 18:15:00,P-103,63.07,5.194,214.66,30.6,1455.5,2.118,2561.57,Normal
2026-02-12 18:30:00,P-104,67.08,4.64,191.4,24.67,1445.1,1.543,2561.59,Normal
2026-02-12 18:45:00,P-102,68.04,5.052,214.07,30.25,1454.2,1.914,2561.6,Normal
2026-02-12 19:00:00,P-104,66.49,5.053,220.84,31.35,1477.7,2.33,2561.62,Normal
2026-02-12 19:15:00,P-101,64.65,4.835,205.8,27.94,1443.8,1.999,2561.64,Normal
2026-02-12 19:30:00,P-104,69.37,4.826,204.23,26.63,1471.5,2.014,2561.65,Normal
2026-02-12 19:45:00,P-101,67.3,4.856,206.38,29.79,1458.4,1.881,2561.66,Normal
2026-02-12 20:00:00,P-101,67.29,4.655,191.73,27.28,1479.3,1.57,2561.68,Normal
2026-02-12 20:15:00,P-102,64.4,5.105,201.12,29.27,1469.6,1.987,2561.7,Normal
2026-02-12 20:30:00,P-101,64.41,4.675,192.29,27.16,1453.4,1.912,2561.71,Normal
2026-02-12 20:45:00,P-101,65.2,4.876,192.25,25.85,1452.3,1.968,2561.72,Normal
2026-02-12 21:00:00,P-102,64.49,5.004,194.44,28.4,1444.4,1.85,2561.74,Normal
2026-02-12 21:15:00,P-103,65.18,4.898,203.54,28.85,1467.6,1.83,2561.76,Normal
2026-02-12 21:30:00,P-103,62.41,4.676,185.27,23.41,1439.4,1.897,2561.77,Normal
2026-02-12 21:45:00,P-103,64.36,4.703,183.55,24.24,1452.0,1.56,2561.78,Normal
2026-02-12 22:00:00,P-102,60.47,4.747,179.85,24.56,1446.5,1.932,2561.8,Normal
2026-02-12 22:15:00,P-104,65.69,4.806,195.87,27.69,1425.9,,2561.82,Normal
2026-02-12 22:30:00,P-104,63.37,4.443,178.52,23.21,1454.0,1.806,2561.83,Normal
2026-02-12 22:45:00,P-101,63.27,4.528,198.12,24.92,1422.5,2.246,2561.84,Normal
2026-02-12 23:00:00,P-101,64.87,4.957,185.76,25.77,1441.9,1.802,2561.86,Normal
2026-02-12 23:15:00,P-104,62.15,4.381,182.43,25.52,1462.0,1.823,2561.88,Normal
2026-02-12 23:30:00,P-101,62.28,4.817,190.89,26.49,1453.0,1.868,2561.89,Normal
2026-02-12 23:45:00,P-103,63.59,4.645,186.34,22.81,1452.8,1.426,2561.91,Normal
2026-02-13 00:00:00,P-103,63.6,4.7,191.6,23.18,1434.4,1.897,2561.92,Normal
2026-02-13 00:15:00,P-103,60.34,4.476,182.01,23.73,1468.9,1.321,2561.94,Normal
2026-02-13 00:30:00,P-102,61.78,4.836,190.63,26.79,1434.0,1.999,2561.95,Normal
2026-02-13 00:45:00,P-104,60.92,,179.51,23.98,1462.7,1.633,2561.96,Normal
2026-02-13 01:00:00,P-101,60.97,5.072,187.18,25.12,1473.4,1.694,2561.98,Normal
2026-02-13 01:15:00,P-103,65.02,4.724,190.76,26.08,1422.5,1.798,2562.0,Normal
2026-02-13 01:30:00,P-103,61.35,4.788,178.45,24.22,1442.7,1.512,2562.01,Normal
2026-02-13 01:45:00,P-104,60.96,4.493,177.96,24.95,1441.0,1.762,2562.02,Normal
2026-02-13 02:00:00,P-101,60.55,4.983,205.15,28.19,1454.9,1.71,2562.04,Normal
2026-02-13 02:15:00,P-102,63.07,4.791,199.65,27.99,1433.0,1.61,2562.05,Normal
2026-02-13 02:30:00,P-104,58.91,4.697,183.4,23.19,1429.0,1.737,2562.07,Normal
2026-02-13 02:45:00,P-104,59.92,4.829,196.76,26.09,1449.0,2.083,2562.08,Normal
2026-02-13 03:00:00,P-101,62.58,4.971,186.01,25.71,1439.9,1.974,2562.1,Normal
2026-02-13 03:15:00,P-104,64.92,5.133,214.13,33.62,1447.4,1.971,2562.11,Normal
2026-02-13 03:30:00,P-103,55.66,4.737,190.29,26.78,1466.1,1.858,2562.13,Normal
2026-02-13 03:45:00,P-101,60.18,4.712,195.14,25.5,1420.9,1.759,2562.14,Normal
2026-02-13 04:00:00,P-101,62.4,5.061,210.05,29.42,1448.0,1.76,2562.16,Normal
2026-02-13 04:15:00,P-102,58.44,4.739,188.85,24.87,1439.4,1.601,2562.18,Normal
2026-02-13 04:30:00,P-103,61.28,4.692,202.57,29.43,1450.4,1.964,2562.19,Normal
2026-02-13 04:45:00,P-104,58.67,5.124,225.69,30.91,1439.4,1.91,2562.2,Normal
2026-02-13 05:00:00,P-102,54.55,4.76,209.25,27.42,1428.8,,2562.22,Normal
2026-02-13 05:15:00,P-102,57.21,4.814,191.51,24.94,1457.1,1.657,2562.24,Normal
2026-02-13 05:30:00,P-103,61.23,4.802,200.74,28.0,1499.9,2.075,2562.25,Normal
2026-02-13 05:45:00,P-103,55.24,5.049,213.05,34.83,1448.2,,2562.26,Normal
2026-02-13 06:00:00,P-103,59.58,4.938,222.52,30.75,1436.9,2.283,2562.28,Normal
2026-02-13 06:15:00,P-101,56.2,5.094,202.24,29.37,1436.9,2.187,2562.3,Normal
2026-02-13 06:30:00,P-102,60.13,4.992,202.35,29.21,1466.8,1.796,2562.31,Normal
2026-02-13 06:45:00,P-102,65.19,5.124,213.11,29.89,1434.2,1.827,2562.32,Normal
2026-02-13 07:00:00,P-104,61.35,5.42,214.2,32.49,1473.4,2.112,2562.34,Normal
2026-02-13 07:15:00,P-103,62.59,5.183,231.89,34.19,1420.5,1.959,2562.36,Normal
2026-02-13 07:30:00,P-103,64.55,5.348,228.72,33.76,1453.5,2.154,2562.37,Normal
2026-02-13 07:45:00,P-102,62.36,5.047,231.58,32.65,1461.9,2.025,2562.39,Normal
2026-02-13 08:00:00,P-104,60.38,5.136,217.82,29.53,1463.7,2.155,2562.4,Normal
2026-02-13 08:15:00,P-103,63.05,4.904,220.56,30.74,1462.5,2.17,2562.42,Normal
2026-02-13 08:30:00,P-103,63.89,5.18,232.75,33.71,1454.8,2.066,2562.43,Normal
2026-02-13 08:45:00,P-103,61.96,5.091,213.18,33.27,1470.8,1.689,2562.45,Normal
2026-02-13 09:00:00,P-102,62.2,5.224,222.71,34.08,1432.2,2.276,2562.46,Normal
2026-02-13 09:15:00,P-104,62.4,5.048,230.71,33.15,1438.4,2.024,2562.48,Normal
2026-02-13 09:30:00,P-102,64.06,4.978,232.47,30.32,1442.7,2.05,2562.49,Normal
2026-02-13 09:45:00,P-101,61.59,5.176,223.13,31.63,1476.7,2.044,2562.5,Normal
2026-02-13 10:00:00,P-101,66.06,5.151,233.71,32.56,1458.4,2.199,2562.52,Normal
2026-02-13 10:15:00,P-103,61.78,5.09,246.2,34.51,1462.3,2.06,2562.54,Normal
2026-02-13 10:30:00,P-104,67.92,5.306,245.15,35.02,1446.8,2.009,2562.55,Normal
2026-02-13 10:45:00,P-102,65.59,5.266,236.95,35.11,1464.7,2.214,2562.56,Normal
2026-02-13 11:00:00,P-103,62.12,5.259,240.42,34.29,1422.1,2.307,2562.58,Normal
2026-02-13 11:15:00,P-104,64.82,5.231,228.23,33.51,1442.6,2.09,2562.59,Normal
2026-02-13 11:30:00,P-101,62.16,5.197,229.4,32.59,1446.1,2.071,2562.61,Normal
2026-02-13 11:45:00,P-104,64.34,5.101,235.29,32.74,1441.5,1.915,2562.62,Normal
2026-02-13 12:00:00,P-103,64.2,5.228,237.91,36.89,1444.2,2.277,2562.64,Normal
2026-02-13 12:15:00,P-102,65.08,5.381,240.66,35.78,1459.8,2.285,2562.66,Normal
2026-02-13 12:30:00,P-101,65.41,4.984,227.46,30.46,1454.3,2.013,2562.67,Normal
2026-02-13 12:45:00,P-104,65.82,5.117,226.91,32.2,1471.5,1.934,2562.68,Normal
2026-02-13 13:00:00,P-103,64.14,5.159,252.68,34.9,1412.4,,2562.7,Normal
2026-02-13 13:15:00,P-103,63.39,5.229,233.39,32.73,1476.8,2.185,2562.72,Normal
2026-02-13 13:30:00,P-103,65.12,5.133,232.44,33.17,1438.3,2.054,2562.73,Normal
2026-02-13 13:45:00,P-102,68.8,5.187,249.61,39.49,1473.7,2.088,2562.74,Normal
2026-02-13 14:00:00,P-101,64.53,5.073,231.48,33.27,1442.5,2.18,2562.76,Normal
2026-02-13 14:15:00,P-101,69.99,5.058,243.54,36.15,1456.7,2.182,2562.78,Normal
2026-02-13 14:30:00,P-103,68.38,5.315,242.94,35.08,1430.6,2.222,2562.79,Normal
2026-02-13 14:45:00,P-101,64.61,4.91,231.92,33.05,1428.1,2.069,2562.8,Normal
2026-02-13 15:00:00,P-101,64.14,5.086,218.34,33.01,1460.5,2.295,2562.82,Normal
2026-02-13 15:15:00,P-103,67.85,5.425,246.48,37.4,1402.0,2.226,2562.84,Normal
2026-02-13 15:30:00,P-102,66.66,5.247,235.6,34.61,1428.1,2.401,2562.85,Normal
2026-02-13 15:45:00,P-102,70.03,5.141,228.5,33.55,1463.8,2.169,2562.86,Normal
2026-02-13 16:00:00,P-101,69.23,5.198,232.86,33.0,1442.5,1.896,2562.88,Normal
2026-02-13 16:15:00,P-101,65.74,5.124,211.04,28.28,1434.1,2.15,2562.9,Normal
2026-02-13 16:30:00,P-103,69.2,5.175,225.81,32.77,1477.4,2.06,2562.91,Normal
2026-02-13 16:45:00,P-104,67.6,4.712,205.15,32.04,1483.7,1.907,2562.93,Normal
2026-02-13 17:00:00,P-101,66.9,5.203,229.55,30.43,1450.0,2.23,2562.94,Normal
2026-02-13 17:15:00,P-103,65.89,4.923,201.0,25.77,1472.9,1.692,2562.96,Normal
2026-02-13 17:30:00,P-101,65.9,4.818,196.2,28.15,1477.3,1.566,2562.97,Normal
2026-02-13 17:45:00,P-104,67.73,4.779,211.34,30.82,1449.7,1.971,2562.98,Normal
2026-02-13 18:00:00,P-103,63.86,4.861,212.41,28.75,1440.8,1.986,2563.0,Normal
2026-02-13 18:15:00,P-102,62.93,4.668,187.32,26.05,1451.6,2.005,2563.02,Normal
2026-02-13 18:30:00,P-101,65.97,4.837,207.46,31.01,1423.8,2.015,2563.03,Normal
2026-02-13 18:45:00,P-101,66.37,5.092,223.3,34.05,1460.2,1.667,2563.04,Normal
2026-02-13 19:00:00,P-104,63.91,4.961,217.2,30.06,1444.1,1.842,2563.06,Normal
2026-02-13 19:15:00,P-104,67.03,4.804,205.46,28.49,1451.0,1.68,2563.07,Normal
2026-02-13 19:30:00,P-103,66.41,4.956,199.47,29.2,1450.8,1.572,2563.09,Normal
2026-02-13 19:45:00,P-104,63.35,4.961,216.35,28.28,1434.7,1.923,2563.1,Normal
2026-02-13 20:00:00,P-101,65.83,4.877,205.79,30.88,1449.4,2.049,2563.12,Normal
2026-02-13 20:15:00,P-101,64.48,4.714,190.62,27.84,1425.5,2.034,2563.14,Normal
2026-02-13 20:30:00,P-101,65.46,4.754,191.95,25.35,1441.3,1.962,2563.15,Normal
2026-02-13 20:45:00,P-102,62.75,4.789,194.54,28.93,1430.0,1.779,2563.16,Normal
2026-02-13 21:00:00,P-103,62.21,4.899,193.48,25.76,1434.2,2.081,2563.18,Normal
2026-02-13 21:15:00,P-102,65.53,4.63,196.3,25.1,1409.4,1.799,2563.2,Normal
2026-02-13 21:30:00,P-101,60.85,4.92,186.62,26.58,1442.3,1.841,2563.21,Normal
2026-02-13 21:45:00,P-103,64.88,4.94,202.39,29.15,1458.7,1.794,2563.22,Normal
2026-02-13 22:00:00,P-101,64.33,4.516,195.65,27.59,1453.2,1.853,2563.24,Normal
2026-02-13 22:15:00,P-101,63.93,4.781,188.12,25.44,1469.5,1.771,2563.26,Normal
2026-02-13 22:30:00,P-101,65.69,5.0,209.1,27.68,1432.9,1.668,2563.27,Normal
2026-02-13 22:45:00,P-101,66.57,4.726,193.64,24.21,1441.4,1.901,2563.28,Normal
2026-02-13 23:00:00,P-101,61.16,4.806,208.08,28.66,1466.5,1.934,2563.3,Normal
2026-02-13 23:15:00,P-104,65.45,4.747,185.09,25.42,1448.4,1.979,2563.32,Normal
2026-02-13 23:30:00,P-101,60.27,5.018,208.03,29.38,1453.3,1.871,2563.33,Normal
2026-02-13 23:45:00,P-101,64.67,4.686,187.61,21.48,1488.1,1.856,2563.34,Normal
2026-02-14 00:00:00,P-104,57.39,4.468,180.54,23.26,1445.4,1.476,2563.36,Normal
2026-02-14 00:15:00,P-103,68.07,4.666,184.13,25.5,1441.3,1.923,2563.38,Normal
2026-02-14 00:30:00,P-104,61.67,4.935,196.4,24.28,1432.1,1.947,2563.39,Normal
2026-02-14 00:45:00,P-102,66.61,4.885,204.4,26.0,1444.8,1.734,2563.41,Normal
2026-02-14 01:00:00,P-104,63.65,4.832,185.68,25.33,1468.4,1.967,2563.42,Normal
2026-02-14 01:15:00,P-102,61.58,5.154,185.09,25.42,1460.3,,2563.44,Normal
2026-02-14 01:30:00,P-103,61.85,4.766,197.34,25.55,1475.8,1.78,2563.45,Normal
2026-02-14 01:45:00,P-101,,4.648,200.61,28.43,1456.5,2.122,2563.46,Normal
2026-02-14 02:00:00,P-101,62.23,4.618,179.69,25.19,1409.7,1.46,2563.48,Normal
2026-02-14 02:15:00,P-101,61.59,5.004,209.46,29.17,1461.3,1.89,2563.5,Normal
2026-02-14 02:30:00,P-103,60.47,5.015,196.17,28.45,1451.9,1.44,2563.51,Normal
2026-02-14 02:45:00,P-103,62.81,5.094,198.03,28.63,1450.0,2.048,2563.52,Normal
2026-02-14 03:00:00,P-103,59.22,4.793,204.66,27.71,1471.9,1.59,2563.54,Normal
2026-02-14 03:15:00,P-102,60.44,4.871,192.04,26.49,1445.1,1.524,2563.55,Normal
2026-02-14 03:30:00,P-102,61.07,4.713,197.89,25.39,1460.4,1.913,2563.57,Normal
2026-02-14 03:45:00,P-102,60.04,4.577,206.71,26.5,1430.6,2.105,2563.58,Normal
2026-02-14 04:00:00,P-102,59.8,4.833,200.59,27.18,1422.7,1.819,2563.6,Normal
2026-02-14 04:15:00,P-101,63.45,4.636,193.05,24.93,1439.2,1.874,2563.61,Normal
2026-02-14 04:30:00,P-102,59.45,4.85,189.75,25.26,1444.4,2.165,2563.63,Normal
2026-02-14 04:45:00,P-104,59.39,4.59,199.07,26.78,1459.9,1.706,2563.64,Normal
2026-02-14 05:00:00,P-104,60.69,4.831,207.16,30.47,1430.2,1.77,2563.66,Normal
2026-02-14 05:15:00,P-103,61.89,4.947,200.02,26.88,1477.1,2.139,2563.68,Normal
2026-02-14 05:30:00,P-102,58.89,4.999,216.3,29.43,1432.6,2.01,2563.69,Normal
2026-02-14 05:45:00,P-102,62.42,4.992,210.21,28.67,1448.4,2.255,2563.7,Normal
2026-02-14 06:00:00,P-103,61.1,5.138,200.02,28.0,1450.2,1.709,2563.72,Normal
2026-02-14 06:15:00,P-104,58.57,5.308,222.98,33.54,1455.4,1.758,2563.74,Normal
2026-02-14 06:30:00,P-102,64.99,4.899,208.81,28.86,1458.1,1.729,2563.75,Normal
2026-02-14 06:45:00,P-101,64.21,5.177,212.21,29.61,1490.7,2.116,2563.76,Normal
2026-02-14 07:00:00,P-103,60.17,5.295,216.42,31.92,1439.2,,2563.78,Normal
2026-02-14 07:15:00,P-102,57.5,4.877,207.29,29.12,1455.6,2.12,2563.8,Normal
2026-02-14 07:30:00,P-104,61.55,5.008,222.1,29.6,1448.5,2.101,2563.81,Normal
2026-02-14 07:45:00,P-103,59.65,5.172,231.82,44.29,1467.7,5.272,2563.82,Normal
2026-02-14 08:00:00,P-101,63.49,4.871,203.07,28.76,1458.1,1.856,2563.84,Normal
2026-02-14 08:15:00,P-102,62.18,5.155,230.65,34.93,1454.0,1.79,2563.86,Normal
2026-02-14 08:30:00,P-102,67.3,5.429,240.89,35.08,1423.1,1.889,2563.87,Normal
2026-02-14 08:45:00,P-102,60.39,5.167,215.69,33.23,1441.8,1.815,2563.89,Normal
2026-02-14 09:00:00,P-102,62.73,5.121,225.99,36.14,1432.4,1.776,2563.9,Normal
2026-02-14 09:15:00,P-101,66.68,5.163,231.85,35.04,1442.0,1.938,2563.92,Normal
2026-02-14 09:30:00,P-104,61.94,5.051,228.61,32.83,1435.1,1.928,2563.93,Normal
2026-02-14 09:45:00,P-103,64.63,5.253,250.8,34.83,1440.7,2.291,2563.95,Normal
2026-02-14 10:00:00,P-102,65.24,5.253,221.84,32.17,1442.6,2.149,2563.96,Normal
2026-02-14 10:15:00,P-103,61.97,5.066,234.59,32.52,1442.9,2.384,2563.98,Normal
2026-02-14 10:30:00,P-104,60.32,5.256,225.7,32.93,1444.7,1.875,2563.99,Normal
2026-02-14 10:45:00,P-102,61.1,5.28,231.91,34.11,1433.3,2.238,2564.0,Normal
2026-02-14 11:00:00,P-102,66.51,5.352,253.53,35.68,1450.7,2.46,2564.02,Normal
2026-02-14 11:15:00,P-101,65.06,5.341,245.8,30.5,1433.8,2.054,2564.04,Normal
2026-02-14 11:30:00,P-103,65.74,5.224,228.36,34.16,1439.2,2.002,2564.05,Normal
2026-02-14 11:45:00,P-101,63.15,4.973,229.83,34.82,1449.1,2.343,2564.06,Normal
2026-02-14 12:00:00,P-101,62.11,5.145,240.57,36.19,1403.5,2.12,2564.08,Normal
2026-02-14 12:15:00,P-102,61.55,5.378,251.42,36.94,1494.8,2.528,2564.09,Normal
2026-02-14 12:30:00,P-103,71.89,5.316,241.74,33.85,1459.4,1.915,2564.11,Normal
2026-02-14 12:45:00,P-101,66.19,5.364,236.71,32.07,1455.8,2.425,2564.12,Normal
2026-02-14 13:00:00,P-101,66.52,5.308,250.79,36.65,1440.6,2.426,2564.14,Normal
2026-02-14 13:15:00,P-103,66.07,5.409,231.1,35.55,1451.7,1.964,2564.16,Normal
2026-02-14 13:30:00,P-101,62.31,5.101,232.63,33.87,1428.2,2.068,2564.17,Normal
2026-02-14 13:45:00,P-101,63.31,5.061,226.1,33.58,1458.8,1.861,2564.18,Normal
2026-02-14 14:00:00,P-101,71.14,5.294,250.42,37.03,1419.7,2.132,2564.2,Normal
2026-02-14 14:15:00,P-102,65.3,4.868,223.88,28.68,1427.2,1.696,2564.22,Normal
2026-02-14 14:30:00,P-102,65.27,5.395,243.76,36.24,1437.2,1.85,2564.23,Normal
2026-02-14 14:45:00,P-104,63.2,4.799,231.02,33.78,1477.2,1.862,2564.24,Normal
2026-02-14 15:00:00,P-103,64.88,5.064,230.9,31.32,1430.2,2.269,2564.26,Normal
2026-02-14 15:15:00,P-102,67.27,5.438,248.87,36.86,1456.0,1.865,2564.28,Normal
2026-02-14 15:30:00,P-102,70.36,5.033,233.5,31.33,1412.9,2.294,2564.29,Normal
2026-02-14 15:45:00,P-104,65.5,5.188,211.96,30.98,1450.4,2.204,2564.3,Normal
2026-02-14 16:00:00,P-101,63.82,5.357,226.55,32.41,1481.2,2.299,2564.32,Normal
2026-02-14 16:15:00,P-102,66.8,5.136,213.7,32.99,1459.0,2.146,2564.34,Normal
2026-02-14 16:30:00,P-103,66.74,5.174,222.83,31.9,1412.7,2.319,2564.35,Normal
2026-02-14 16:45:00,P-103,62.31,5.205,209.98,27.68,1450.8,1.685,2564.36,Normal
2026-02-14 17:00:00,P-104,66.63,5.01,208.78,30.21,1441.6,2.221,2564.38,Normal
2026-02-14 17:15:00,P-103,70.3,5.132,214.3,31.38,1472.1,2.639,2564.4,Normal
2026-02-14 17:30:00,P-102,66.8,5.12,216.03,30.23,1448.2,1.961,2564.41,Normal
2026-02-14 17:45:00,P-103,65.02,5.17,218.7,30.6,1424.1,,2564.43,Normal
2026-02-14 18:00:00,P-102,64.9,4.942,209.78,30.42,1447.5,1.798,2564.44,Normal
2026-02-14 18:15:00,P-101,61.97,4.835,202.08,28.32,1437.5,1.941,2564.46,Normal
2026-02-14 18:30:00,P-103,67.33,5.292,218.38,31.48,1411.1,2.091,2564.47,Normal
2026-02-14 18:45:00,P-101,66.53,4.868,205.61,30.15,1446.9,1.508,2564.48,Normal
2026-02-14 19:00:00,P-101,63.53,5.003,198.18,27.22,1450.1,2.017,2564.5,Normal
2026-02-14 19:15:00,P-101,71.03,5.013,217.38,29.33,1456.9,,2564.52,Normal
2026-02-14 19:30:00,P-104,66.73,5.021,196.43,24.47,1468.3,1.709,2564.53,Normal
2026-02-14 19:45:00,P-104,,4.695,187.77,26.38,1444.9,1.788,2564.54,Normal
2026-02-14 20:00:00,P-104,61.46,4.734,200.84,26.18,1423.0,2.043,2564.56,Normal
2026-02-14 20:15:00,P-104,63.03,4.923,200.57,26.74,1434.9,1.713,2564.57,Normal
2026-02-14 20:30:00,P-104,68.73,4.693,207.41,27.48,1449.7,2.02,2564.59,Normal
2026-02-14 20:45:00,P-102,68.7,4.994,217.83,28.56,1471.9,2.038,2564.6,Normal
2026-02-14 21:00:00,P-101,68.56,4.995,193.03,25.86,1450.1,2.293,2564.62,Normal
2026-02-14 21:15:00,P-102,62.39,4.339,181.15,20.68,1447.6,1.679,2564.64,Normal
2026-02-14 21:30:00,P-104,64.16,4.833,188.38,25.83,1445.7,1.761,2564.65,Normal
2026-02-14 21:45:00,P-102,61.44,4.894,192.12,24.69,1449.9,1.877,2564.66,Normal
2026-02-14 22:00:00,P-103,64.77,4.737,194.94,28.25,1484.4,1.848,2564.68,Normal
2026-02-14 22:15:00,P-102,63.56,4.639,199.37,27.64,1448.5,2.127,2564.7,Normal
2026-02-14 22:30:00,P-103,63.04,4.686,198.59,26.91,1445.3,2.096,2564.71,Normal
2026-02-14 22:45:00,P-103,66.91,4.609,194.75,23.61,1450.7,1.675,2564.72,Normal
2026-02-14 23:00:00,P-104,63.49,4.773,192.72,25.87,1437.8,1.808,2564.74,Normal
2026-02-14 23:15:00,P-102,65.47,4.623,186.4,22.83,1421.9,1.646,2564.76,Normal
2026-02-14 23:30:00,P-104,58.5,4.555,181.02,25.85,1418.7,1.588,2564.77,Normal
2026-02-14 23:45:00,P-103,71.31,5.029,208.95,30.73,1436.9,1.395,2564.78,Normal
2026-02-15 00:00:00,P-102,61.03,4.825,181.02,22.67,1471.3,2.061,2564.8,Normal
2026-02-15 00:15:00,P-101,63.98,4.749,197.37,25.6,1471.0,1.686,2564.82,Normal
2026-02-15 00:30:00,P-104,62.73,4.729,178.6,21.06,1429.9,1.632,2564.83,Normal
2026-02-15 00:45:00,P-103,61.03,4.905,199.23,25.1,1447.2,2.309,2564.84,Normal
2026-02-15 01:00:00,P-104,62.83,4.555,175.23,23.56,1452.4,1.635,2564.86,Normal
2026-02-15 01:15:00,P-104,63.25,4.707,183.26,25.46,1437.0,1.75,2564.88,Normal
2026-02-15 01:30:00,P-102,60.97,4.764,200.08,28.13,1473.6,1.924,2564.89,Normal
2026-02-15 01:45:00,P-104,60.36,4.592,197.66,26.21,1463.7,1.908,2564.91,Normal
2026-02-15 02:00:00,P-101,61.97,4.83,194.92,26.21,1456.5,1.747,2564.92,Normal
2026-02-15 02:15:00,P-103,59.41,4.46,181.06,19.25,1451.2,1.926,2564.94,Normal
2026-02-15 02:30:00,P-102,65.88,4.979,211.73,30.68,1421.9,1.976,2564.95,Normal
2026-02-15 02:45:00,P-103,61.56,4.473,176.87,23.54,1474.4,1.793,2564.96,Normal
2026-02-15 03:00:00,P-101,62.24,4.937,211.13,28.85,1460.4,1.823,2564.98,Normal
2026-02-15 03:15:00,P-103,63.21,4.695,209.73,30.86,1457.4,1.899,2565.0,Normal
2026-02-15 03:30:00,P-102,56.93,4.938,203.43,26.26,1436.7,2.081,2565.01,Normal
2026-02-15 03:45:00,P-101,58.75,4.696,182.25,25.75,1438.3,2.005,2565.02,Normal
2026-02-15 04:00:00,P-102,61.62,4.79,199.74,28.13,1458.9,1.822,2565.04,Normal
2026-02-15 04:15:00,P-102,62.87,4.943,199.61,28.14,1469.8,1.733,2565.05,Normal
2026-02-15 04:30:00,P-101,61.31,4.831,198.69,27.89,1481.0,2.071,2565.07,Normal
2026-02-15 04:45:00,P-104,63.84,4.874,206.82,29.15,1436.8,1.961,2565.08,Normal
2026-02-15 05:00:00,P-104,60.95,4.693,192.67,24.78,1447.1,1.969,2565.1,Normal
2026-02-15 05:15:00,P-104,60.85,5.079,217.35,31.21,1412.3,1.838,2565.11,Normal
2026-02-15 05:30:00,P-101,60.59,5.053,208.44,29.42,1405.7,1.948,2565.13,Normal
2026-02-15 05:45:00,P-104,61.49,5.009,207.6,28.48,1459.4,2.097,2565.14,Normal
2026-02-15 06:00:00,P-103,59.61,4.864,207.61,29.17,1434.6,1.818,2565.16,Normal
2026-02-15 06:15:00,P-103,64.88,5.165,210.4,29.54,1414.5,2.353,2565.18,Normal
2026-02-15 06:30:00,P-104,58.04,4.815,205.96,28.51,1429.1,2.243,2565.19,Normal
2026-02-15 06:45:00,P-101,60.05,4.731,198.84,25.49,1456.2,1.843,2565.2,Normal
2026-02-15 07:00:00,P-104,63.49,5.061,229.11,31.1,1456.9,2.016,2565.22,Normal
2026-02-15 07:15:00,P-104,61.4,5.229,227.95,33.49,1420.5,2.127,2565.24,Normal
2026-02-15 07:30:00,P-102,60.39,4.915,227.44,31.74,1472.3,2.068,2565.25,Normal
2026-02-15 07:45:00,P-103,60.7,5.093,206.7,30.34,1437.5,2.209,2565.26,Normal
2026-02-15 08:00:00,P-103,63.92,5.106,223.58,30.39,1454.9,1.917,2565.28,Normal
2026-02-15 08:15:00,P-101,59.79,4.936,224.29,30.39,1450.7,1.835,2565.3,Normal
2026-02-15 08:30:00,P-101,59.09,5.174,215.13,30.91,1449.8,2.077,2565.31,Normal
2026-02-15 08:45:00,P-101,64.39,4.984,218.56,32.34,1433.1,2.143,2565.32,Normal
2026-02-15 09:00:00,P-104,64.35,5.511,235.35,36.32,1449.6,2.151,2565.34,Normal
2026-02-15 09:15:00,P-103,64.78,5.119,237.96,32.33,1454.8,2.255,2565.36,Normal
2026-02-15 09:30:00,P-102,64.34,5.162,224.83,32.51,1446.4,2.342,2565.37,Normal
2026-02-15 09:45:00,P-103,69.81,5.556,251.74,38.39,1451.8,2.381,2565.39,Normal
2026-02-15 10:00:00,P-103,66.21,5.257,238.55,33.91,1469.8,2.224,2565.4,Normal
2026-02-15 10:15:00,P-102,62.34,5.385,227.6,34.88,1441.5,2.123,2565.42,Normal
2026-02-15 10:30:00,P-103,64.52,4.952,231.99,31.29,1461.8,2.138,2565.43,Normal
2026-02-15 10:45:00,P-104,62.24,5.119,228.0,33.05,1446.2,1.869,2565.45,Normal
2026-02-15 11:00:00,P-104,61.22,5.082,221.51,32.41,1475.6,1.809,2565.46,Normal
2026-02-15 11:15:00,P-101,62.13,5.452,253.21,36.72,1424.7,2.441,2565.48,Normal
2026-02-15 11:30:00,P-102,64.32,5.37,238.76,36.54,1473.5,2.501,2565.49,Normal
2026-02-15 11:45:00,P-101,65.77,5.304,233.75,35.55,1440.4,1.903,2565.5,Normal
2026-02-15 12:00:00,P-104,64.63,5.355,248.46,36.1,1488.0,2.25,2565.52,Normal
2026-02-15 12:15:00,P-102,63.31,5.363,239.46,35.58,1457.8,1.929,2565.54,Normal
2026-02-15 12:30:00,P-103,60.48,4.841,217.25,33.15,1465.3,2.362,2565.55,Normal
2026-02-15 12:45:00,P-102,69.5,5.355,238.55,36.3,1447.1,2.118,2565.56,Normal
2026-02-15 13:00:00,P-101,65.22,5.028,226.53,32.56,1462.3,2.539,2565.58,Normal
2026-02-15 13:15:00,P-102,65.45,5.423,251.72,35.99,1462.2,2.142,2565.59,Normal
2026-02-15 13:30:00,P-101,67.61,5.32,253.5,35.14,1447.4,2.107,2565.61,Normal
2026-02-15 13:45:00,P-103,68.76,5.02,209.26,31.04,1463.8,2.081,2565.62,Normal
2026-02-15 14:00:00,P-102,66.04,4.935,220.22,29.47,1389.5,2.208,2565.64,Normal
2026-02-15 14:15:00,P-101,59.89,4.95,225.56,32.7,1438.4,2.268,2565.66,Normal
2026-02-15 14:30:00,P-101,71.64,5.021,229.66,32.45,1450.4,2.27,2565.67,Normal
2026-02-15 14:45:00,P-103,61.05,5.153,217.17,31.34,1459.0,1.995,2565.68,Normal
2026-02-15 15:00:00,P-101,67.68,5.162,239.93,38.75,1467.5,2.401,2565.7,Normal
2026-02-15 15:15:00,P-103,64.23,5.071,234.81,34.32,1445.5,2.518,2565.72,Normal
2026-02-15 15:30:00,P-101,65.29,,231.29,32.18,1443.0,2.262,2565.73,Normal
2026-02-15 15:45:00,P-104,66.53,4.934,214.03,35.92,1465.7,1.891,2565.74,Normal
2026-02-15 16:00:00,P-101,62.64,5.105,224.63,33.36,1470.7,2.19,2565.76,Normal
2026-02-15 16:15:00,P-104,66.02,5.065,221.1,29.21,1463.3,1.684,2565.78,Normal
2026-02-15 16:30:00,P-104,68.83,5.082,211.03,29.85,1447.2,2.158,2565.79,Normal
2026-02-15 16:45:00,P-104,65.24,4.986,226.38,31.04,1495.9,1.774,2565.8,Normal
2026-02-15 17:00:00,P-104,62.0,4.91,211.91,26.7,1451.4,2.058,2565.82,Normal
2026-02-15 17:15:00,P-104,67.61,5.214,233.59,33.93,1453.9,2.104,2565.84,Normal
2026-02-15 17:30:00,P-103,65.85,4.869,213.87,27.42,1479.4,2.195,2565.85,Normal
2026-02-15 17:45:00,P-101,66.21,5.129,225.81,33.3,1477.5,2.077,2565.86,Normal
2026-02-15 18:00:00,P-103,62.72,4.787,197.12,28.94,1462.7,2.17,2565.88,Normal
2026-02-15 18:15:00,P-103,66.53,4.884,203.7,27.34,1433.8,2.016,2565.9,Normal
2026-02-15 18:30:00,P-101,66.38,4.917,197.8,28.31,1452.0,2.085,2565.91,Normal
2026-02-15 18:45:00,P-104,63.89,4.919,204.29,27.83,1459.3,1.891,2565.93,Normal
2026-02-15 19:00:00,P-102,63.92,5.016,209.51,27.53,1485.1,1.859,2565.94,Normal
2026-02-15 19:15:00,P-104,65.66,4.936,190.58,28.07,1503.1,1.643,2565.96,Normal
2026-02-15 19:30:00,P-102,62.61,4.884,188.48,26.02,1439.2,1.646,2565.97,Normal
2026-02-15 19:45:00,P-104,,4.785,185.53,24.86,1465.3,1.842,2565.98,Normal
2026-02-15 20:00:00,P-104,68.54,4.963,196.95,27.08,1435.3,1.899,2566.0,Normal
2026-02-15 20:15:00,P-101,64.64,4.824,201.16,27.9,1447.8,1.924,2566.02,Normal
2026-02-15 20:30:00,P-104,61.74,4.544,195.3,27.27,1434.4,1.705,2566.03,Normal
2026-02-15 20:45:00,P-102,67.12,4.836,209.22,29.5,1480.0,1.985,2566.04,Normal
2026-02-15 21:00:00,P-101,64.22,4.746,194.36,25.78,1454.3,2.09,2566.06,Normal
2026-02-15 21:15:00,P-101,65.32,4.871,204.06,28.73,1455.3,1.999,2566.07,Normal
2026-02-15 21:30:00,P-102,64.9,4.751,195.07,24.1,1450.9,1.812,2566.09,Normal
2026-02-15 21:45:00,P-101,65.89,4.671,184.61,27.54,1456.8,1.897,2566.1,Normal
2026-02-15 22:00:00,P-104,63.99,4.972,194.22,26.66,1457.4,2.045,2566.12,Normal
2026-02-15 22:15:00,P-103,62.11,4.563,173.51,25.27,1437.7,1.748,2566.14,Normal
2026-02-15 22:30:00,P-102,69.41,4.848,203.68,26.58,1419.6,1.806,2566.15,Normal
2026-02-15 22:45:00,P-104,65.92,4.622,190.24,23.92,1426.1,1.71,2566.16,Normal
2026-02-15 23:00:00,P-102,65.72,4.656,198.17,26.95,1421.0,1.753,2566.18,Normal
2026-02-15 23:15:00,P-104,62.64,4.622,189.69,23.64,1453.5,1.656,2566.2,Normal
2026-02-15 23:30:00,P-102,60.49,4.691,179.5,25.99,1435.3,1.934,2566.21,Normal
2026-02-15 23:45:00,P-103,64.37,4.612,185.43,25.31,1467.6,2.054,2566.22,Normal
2026-02-16 00:00:00,P-103,63.93,5.01,197.38,28.93,1454.3,1.801,2566.24,Normal
2026-02-16 00:15:00,P-104,61.34,4.713,187.82,25.55,1417.0,1.657,2566.26,Normal
2026-02-16 00:30:00,P-104,61.97,4.725,200.91,26.65,1442.6,1.595,2566.27,Normal
2026-02-16 00:45:00,P-103,61.11,4.925,202.69,26.54,1411.8,2.196,2566.28,Normal
2026-02-16 01:00:00,P-101,65.24,4.793,195.8,27.18,1429.4,2.049,2566.3,Normal
2026-02-16 01:15:00,P-101,63.92,4.848,199.91,26.34,1441.2,1.733,2566.32,Normal
2026-02-16 01:30:00,P-101,60.72,4.439,177.42,23.11,1433.0,1.754,2566.33,Normal
2026-02-16 01:45:00,P-103,60.75,4.513,182.15,26.61,1483.9,2.029,2566.34,Normal
2026-02-16 02:00:00,P-104,58.96,4.66,179.5,22.49,1463.5,1.752,2566.36,Normal
2026-02-16 02:15:00,P-101,57.23,4.783,199.2,26.87,1444.1,2.029,2566.38,Normal
2026-02-16 02:30:00,P-103,58.21,4.674,190.95,26.26,1475.7,1.819,2566.39,Normal
2026-02-16 02:45:00,P-102,,4.656,182.95,24.81,1432.5,1.708,2566.41,Normal
2026-02-16 03:00:00,P-104,58.88,4.787,197.63,24.73,1444.0,1.365,2566.42,Normal
2026-02-16 03:15:00,P-102,60.25,4.572,184.16,23.94,1465.4,1.699,2566.44,Normal
2026-02-16 03:30:00,P-103,62.65,4.739,206.63,25.99,1429.9,1.771,2566.45,Normal
2026-02-16 03:45:00,P-104,59.1,4.697,184.91,21.82,1462.3,1.874,2566.46,Normal
2026-02-16 04:00:00,P-102,64.43,4.76,210.98,29.52,1455.3,1.967,2566.48,Normal
2026-02-16 04:15:00,P-101,59.46,4.812,209.3,26.4,1460.6,1.959,2566.5,Normal
2026-02-16 04:30:00,P-104,62.26,5.102,226.15,29.0,1482.4,2.197,2566.51,Normal
2026-02-16 04:45:00,P-104,61.5,4.957,221.15,30.63,1458.2,1.552,2566.52,Normal
2026-02-16 05:00:00,P-101,62.9,4.805,193.55,27.36,1452.3,1.899,2566.54,Normal
2026-02-16 05:15:00,P-102,61.89,4.883,215.5,29.7,1423.0,1.783,2566.55,Normal
2026-02-16 05:30:00,P-103,60.0,4.687,196.93,26.51,1453.8,1.647,2566.57,Normal
2026-02-16 05:45:00,P-102,56.52,4.85,203.25,29.12,1441.4,1.858,2566.58,Normal
2026-02-16 06:00:00,P-102,59.42,5.243,213.01,29.56,1447.8,2.004,2566.6,Normal
2026-02-16 06:15:00,P-104,61.65,4.861,193.35,27.29,1441.5,1.953,2566.61,Normal
2026-02-16 06:30:00,P-104,56.68,4.842,209.68,28.89,1458.8,2.08,2566.63,Normal
2026-02-16 06:45:00,P-102,63.42,5.016,209.15,29.38,1432.2,1.805,2566.64,Normal
2026-02-16 07:00:00,P-103,62.69,4.958,224.16,32.2,1453.8,1.997,2566.66,Normal
2026-02-16 07:15:00,P-103,59.01,4.959,208.85,31.18,1431.3,2.232,2566.68,Normal
2026-02-16 07:30:00,P-102,60.31,5.041,223.58,30.42,1417.6,2.365,2566.69,Normal
2026-02-16 07:45:00,P-104,66.09,5.334,219.87,31.54,1443.8,2.006,2566.7,Normal
2026-02-16 08:00:00,P-103,66.42,5.095,231.21,36.46,1458.4,2.171,2566.72,Normal
2026-02-16 08:15:00,P-101,61.95,5.158,224.88,33.55,1436.0,1.919,2566.74,Normal
2026-02-16 08:30:00,P-102,61.97,4.983,222.69,31.18,1452.5,2.228,2566.75,Normal
2026-02-16 08:45:00,P-102,60.89,5.214,232.82,32.55,1443.5,2.501,2566.76,Normal
2026-02-16 09:00:00,P-104,61.8,5.075,212.7,31.31,1431.4,1.93,2566.78,Normal
2026-02-16 09:15:00,P-103,61.77,5.36,234.06,33.69,1460.0,2.351,2566.8,Normal
2026-02-16 09:30:00,P-101,63.43,5.323,242.64,35.32,1438.3,2.291,2566.81,Normal
2026-02-16 09:45:00,P-102,69.46,5.334,247.31,38.8,1456.7,2.248,2566.82,Normal
2026-02-16 10:00:00,P-103,62.67,5.498,234.89,31.62,1423.7,1.973,2566.84,Normal
2026-02-16 10:15:00,P-102,61.08,5.255,230.04,33.13,1452.5,2.571,2566.86,Normal
2026-02-16 10:30:00,P-103,60.29,5.102,233.92,32.79,1461.2,2.25,2566.87,Normal
2026-02-16 10:45:00,P-103,64.47,5.269,236.35,34.51,1456.3,2.336,2566.89,Normal
2026-02-16 11:00:00,P-101,62.86,5.341,241.6,35.53,1466.1,2.139,2566.9,Normal
2026-02-16 11:15:00,P-104,64.86,5.301,244.13,34.74,1461.6,2.164,2566.92,Normal
2026-02-16 11:30:00,P-103,61.97,5.395,245.14,35.72,1455.4,2.005,2566.93,Normal
2026-02-16 11:45:00,P-102,65.69,5.3,236.84,35.25,1465.2,2.26,2566.95,Normal
2026-02-16 12:00:00,P-102,63.46,5.433,246.51,36.46,1443.3,2.152,2566.96,Normal
2026-02-16 12:15:00,P-102,65.65,5.186,237.46,37.41,1459.4,2.007,2566.98,Normal
2026-02-16 12:30:00,P-103,64.47,5.49,235.96,36.38,1450.4,2.004,2566.99,Normal
2026-02-16 12:45:00,P-103,68.88,5.443,232.89,32.8,1483.3,2.572,2567.0,Normal
2026-02-16 13:00:00,P-103,68.09,5.545,249.12,38.28,1454.9,2.246,2567.02,Normal
2026-02-16 13:15:00,P-103,69.22,5.157,231.24,32.54,1426.9,2.168,2567.04,Normal
2026-02-16 13:30:00,P-104,67.3,5.253,240.86,35.22,1454.6,1.949,2567.05,Normal
2026-02-16 13:45:00,P-103,68.39,5.106,232.32,33.77,1432.9,2.062,2567.06,Normal
2026-02-16 14:00:00,P-104,67.19,5.341,255.56,37.34,1463.1,1.996,2567.08,Normal
2026-02-16 14:15:00,P-104,67.7,5.012,244.91,34.73,1463.4,2.25,2567.09,Normal
2026-02-16 14:30:00,P-103,68.3,5.307,223.27,34.48,1439.0,1.918,2567.11,Normal
2026-02-16 14:45:00,P-101,68.77,5.36,233.14,33.79,1431.3,2.29,2567.12,Normal
2026-02-16 15:00:00,P-102,67.79,4.983,236.07,34.54,1452.4,1.801,2567.14,Normal
2026-02-16 15:15:00,P-104,65.26,5.208,226.26,32.05,1433.7,1.954,2567.16,Normal
2026-02-16 15:30:00,P-101,66.82,5.202,233.48,33.92,1434.9,2.347,2567.17,Normal
2026-02-16 15:45:00,P-102,69.38,5.131,224.84,33.9,1440.9,2.379,2567.18,Normal
2026-02-16 16:00:00,P-104,69.71,5.184,223.75,34.37,1461.2,2.084,2567.2,Normal
2026-02-16 16:15:00,P-101,65.22,4.877,225.76,32.16,1423.3,,2567.22,Normal
2026-02-16 16:30:00,P-103,65.31,5.111,215.52,31.7,1436.4,2.096,2567.23,Normal
2026-02-16 16:45:00,P-103,64.76,5.087,210.4,33.42,1493.2,2.421,2567.24,Normal
2026-02-16 17:00:00,P-102,68.4,5.055,222.61,31.64,1485.2,1.982,2567.26,Normal
2026-02-16 17:15:00,P-102,63.86,4.801,209.12,29.79,1471.8,1.977,2567.28,Normal
2026-02-16 17:30:00,P-102,69.76,5.211,231.8,34.38,1450.8,1.916,2567.29,Normal
2026-02-16 17:45:00,P-101,66.63,5.02,213.09,28.7,1463.5,1.807,2567.3,Normal
2026-02-16 18:00:00,P-103,65.48,5.057,210.71,33.32,1443.1,2.085,2567.32,Normal
2026-02-16 18:15:00,P-102,69.37,4.896,199.64,28.85,1401.3,2.11,2567.34,Normal
2026-02-16 18:30:00,P-101,64.49,5.416,222.15,33.31,1439.7,2.117,2567.35,Normal
2026-02-16 18:45:00,P-102,68.85,4.725,196.54,27.84,1441.5,2.04,2567.36,Normal
2026-02-16 19:00:00,P-101,65.94,4.927,199.65,27.8,1450.5,1.709,2567.38,Normal
2026-02-16 19:15:00,P-101,60.34,4.825,198.98,26.19,1458.7,1.666,2567.4,Normal
2026-02-16 19:30:00,P-103,69.43,5.137,207.08,27.93,1479.7,2.074,2567.41,Normal
2026-02-16 19:45:00,P-102,66.4,4.773,190.21,26.05,1450.6,1.732,2567.43,Normal
2026-02-16 20:00:00,P-101,63.98,4.864,201.22,25.51,1431.9,1.65,2567.44,Normal
2026-02-16 20:15:00,P-102,61.13,4.687,184.1,23.09,1446.5,1.787,2567.46,Normal
2026-02-16 20:30:00,P-104,61.8,4.7,198.26,27.18,1461.6,1.9,2567.47,Normal
2026-02-16 20:45:00,P-103,69.73,4.643,194.98,27.28,1448.0,1.797,2567.48,Normal
2026-02-16 21:00:00,P-103,61.32,4.612,174.74,24.19,1435.5,2.049,2567.5,Normal
2026-02-16 21:15:00,P-102,62.71,4.98,207.92,27.89,1459.4,2.247,2567.52,Normal
2026-02-16 21:30:00,P-104,63.74,4.666,181.94,22.71,1429.4,1.931,2567.53,Normal
2026-02-16 21:45:00,P-101,61.26,4.792,192.24,29.02,1434.2,1.955,2567.54,Normal
2026-02-16 22:00:00,P-104,61.17,4.838,182.95,25.88,1457.5,2.03,2567.56,Normal
2026-02-16 22:15:00,P-103,67.4,4.634,208.45,29.4,1435.9,1.943,2567.57,Normal
2026-02-16 22:30:00,P-102,65.28,4.633,191.73,24.74,1443.7,1.824,2567.59,Normal
2026-02-16 22:45:00,P-104,61.64,4.324,182.55,24.16,1450.3,1.644,2567.6,Normal
2026-02-16 23:00:00,P-103,62.43,4.772,185.17,22.67,1449.2,1.61,2567.62,Normal
2026-02-16 23:15:00,P-104,62.6,4.748,193.09,26.93,1432.6,2.007,2567.64,Normal
2026-02-16 23:30:00,P-102,62.48,4.795,181.22,25.03,1455.9,1.515,2567.65,Normal
2026-02-16 23:45:00,P-101,60.84,4.672,185.84,25.38,1433.5,1.683,2567.66,Normal
2026-02-17 00:00:00,P-102,62.37,4.937,190.95,26.08,1479.7,1.813,2567.68,Normal
2026-02-17 00:15:00,P-103,60.32,4.618,178.93,22.65,1442.8,1.502,2567.7,Normal
2026-02-17 00:30:00,P-101,60.66,4.76,182.93,24.41,1460.9,1.737,2567.71,Normal
2026-02-17 00:45:00,P-101,65.17,4.823,195.62,26.91,1463.2,1.878,2567.72,Normal
2026-02-17 01:00:00,P-101,64.29,4.823,188.67,26.09,1443.6,2.04,2567.74,Normal
2026-02-17 01:15:00,P-102,59.53,4.902,187.91,25.3,1432.6,1.709,2567.76,Normal
2026-02-17 01:30:00,P-101,58.71,4.5,192.66,23.68,1463.1,1.814,2567.77,Normal
2026-02-17 01:45:00,P-104,59.56,4.563,181.69,22.89,1424.4,1.445,2567.78,Normal
2026-02-17 02:00:00,P-103,65.15,4.665,175.87,25.7,1427.1,1.542,2567.8,Normal
2026-02-17 02:15:00,P-101,59.28,4.78,190.97,39.57,1460.9,6.538,2567.82,Normal
2026-02-17 02:30:00,P-102,60.69,4.696,195.74,26.2,1446.4,2.005,2567.83,Normal
2026-02-17 02:45:00,P-104,61.35,4.71,197.78,26.73,1437.3,1.79,2567.84,Normal
2026-02-17 03:00:00,P-104,61.71,5.056,200.25,27.34,1441.0,1.955,2567.86,Normal
2026-02-17 03:15:00,P-102,58.88,4.677,183.7,26.71,1435.7,1.884,2567.88,Normal
2026-02-17 03:30:00,P-102,63.24,5.077,195.65,26.85,1489.3,2.002,2567.89,Normal
2026-02-17 03:45:00,P-103,62.04,4.9,190.89,27.54,1468.3,2.252,2567.91,Normal
2026-02-17 04:00:00,P-103,62.08,4.737,196.69,27.03,1435.2,1.84,2567.92,Normal
2026-02-17 04:15:00,P-102,63.42,5.046,218.53,30.98,1444.4,1.858,2567.94,Normal
2026-02-17 04:30:00,P-103,63.62,4.962,208.33,27.8,1460.7,2.091,2567.95,Normal
2026-02-17 04:45:00,P-103,64.6,5.07,199.59,28.66,1432.4,2.365,2567.96,Normal
2026-02-17 05:00:00,P-103,65.42,4.921,227.71,34.03,1439.9,1.944,2567.98,Normal
2026-02-17 05:15:00,P-103,64.68,4.566,196.15,28.38,1444.6,1.712,2568.0,Normal
2026-02-17 05:30:00,P-102,63.64,4.977,212.5,28.91,1434.1,1.496,2568.01,Normal
2026-02-17 05:45:00,P-101,59.89,5.086,207.05,30.83,1469.7,1.618,2568.02,Normal
2026-02-17 06:00:00,P-103,62.14,4.922,198.12,27.82,1437.1,2.181,2568.04,Normal
2026-02-17 06:15:00,P-101,63.02,5.095,218.42,30.91,1447.9,1.979,2568.05,Normal
2026-02-17 06:30:00,P-103,64.51,4.969,211.49,27.98,1452.1,1.732,2568.07,Normal
2026-02-17 06:45:00,P-104,59.88,4.907,217.13,31.21,1478.6,2.057,2568.08,Normal
2026-02-17 07:00:00,P-104,63.68,5.169,226.87,32.01,1448.4,2.558,2568.1,Normal
2026-02-17 07:15:00,P-104,60.37,5.239,214.52,33.73,1488.5,2.055,2568.11,Normal
2026-02-17 07:30:00,P-103,61.22,4.927,202.93,27.97,1443.5,2.282,2568.13,Normal
2026-02-17 07:45:00,P-103,60.56,4.845,213.94,31.64,1446.0,1.833,2568.14,Normal
2026-02-17 08:00:00,P-104,63.61,5.116,231.73,32.59,1466.9,2.367,2568.16,Normal
2026-02-17 08:15:00,P-104,59.12,5.189,215.65,31.82,1484.6,1.98,2568.18,Normal
2026-02-17 08:30:00,P-104,61.69,5.107,211.69,28.76,1445.2,1.789,2568.19,Normal
2026-02-17 08:45:00,P-101,64.11,5.025,237.97,33.55,1472.3,2.004,2568.2,Normal
2026-02-17 09:00:00,P-102,63.17,5.217,237.35,34.24,1465.3,2.057,2568.22,Normal
2026-02-17 09:15:00,P-104,66.44,4.987,227.59,31.88,1436.3,2.242,2568.24,Normal
2026-02-17 09:30:00,P-103,63.12,5.335,244.36,34.71,1449.7,2.096,2568.25,Normal
2026-02-17 09:45:00,P-102,63.4,5.204,237.34,31.77,1449.3,2.282,2568.26,Normal
2026-02-17 10:00:00,P-103,63.04,5.114,224.1,35.21,1431.4,1.965,2568.28,Normal
2026-02-17 10:15:00,P-104,64.39,5.32,238.08,34.76,1453.0,2.148,2568.3,Normal
2026-02-17 10:30:00,P-104,70.31,5.517,244.86,37.38,1451.4,2.158,2568.31,Normal
2026-02-17 10:45:00,P-102,65.6,5.352,248.57,38.36,1456.7,2.574,2568.32,Normal
2026-02-17 11:00:00,P-103,63.26,5.103,242.72,34.16,1451.3,2.269,2568.34,Normal
2026-02-17 11:15:00,P-104,68.9,5.447,245.98,36.79,1438.0,2.235,2568.36,Normal
2026-02-17 11:30:00,P-103,64.59,5.408,241.41,36.02,1494.0,2.156,2568.37,Normal
2026-02-17 11:45:00,P-104,60.06,5.194,220.55,30.89,1453.9,1.979,2568.39,Normal
2026-02-17 12:00:00,P-102,63.85,5.215,242.68,35.21,1473.4,2.017,2568.4,Normal
2026-02-17 12:15:00,P-104,61.66,5.292,226.63,32.13,1457.9,2.354,2568.42,Normal
2026-02-17 12:30:00,P-101,61.56,5.511,236.53,35.33,1477.1,1.887,2568.43,Normal
2026-02-17 12:45:00,P-101,64.38,5.2,238.01,33.27,1436.0,2.078,2568.45,Normal
2026-02-17 13:00:00,P-101,65.83,5.287,242.72,34.33,1448.4,2.343,2568.46,Normal
2026-02-17 13:15:00,P-104,68.37,5.108,240.83,35.0,1441.9,1.856,2568.48,Normal
2026-02-17 13:30:00,P-101,64.42,4.857,208.08,29.25,1439.7,1.994,2568.49,Normal
2026-02-17 13:45:00,P-102,67.37,5.099,240.97,35.94,1454.8,1.995,2568.5,Normal
2026-02-17 14:00:00,P-102,64.65,5.277,239.05,36.54,1445.6,2.179,2568.52,Normal
2026-02-17 14:15:00,P-102,68.49,5.194,235.09,34.69,1424.3,2.126,2568.54,Normal
2026-02-17 14:30:00,P-101,69.2,5.22,225.55,34.07,1444.6,1.711,2568.55,Normal
2026-02-17 14:45:00,P-103,68.66,5.214,233.96,34.61,1443.1,2.329,2568.56,Normal
2026-02-17 15:00:00,P-103,67.6,5.169,224.5,34.57,1465.9,1.948,2568.58,Normal
2026-02-17 15:15:00,P-102,64.06,5.073,233.26,34.2,1424.0,2.026,2568.59,Normal
2026-02-17 15:30:00,P-103,69.75,5.251,231.4,35.64,1440.8,2.161,2568.61,Normal
2026-02-17 15:45:00,P-103,70.77,4.957,220.77,32.68,1436.5,2.169,2568.62,Normal
2026-02-17 16:00:00,P-101,66.45,5.042,215.12,30.31,1463.4,2.097,2568.64,Normal
2026-02-17 16:15:00,P-104,63.06,4.837,204.48,27.55,1440.2,2.056,2568.66,Normal
2026-02-17 16:30:00,P-102,65.77,5.052,219.86,32.5,1468.8,1.576,2568.67,Normal
2026-02-17 16:45:00,P-104,66.31,4.927,226.34,32.87,1449.2,2.17,2568.68,Normal
2026-02-17 17:00:00,P-101,65.41,5.087,215.44,28.57,1458.8,2.007,2568.7,Normal
2026-02-17 17:15:00,P-102,68.63,5.059,221.0,32.74,1469.9,1.964,2568.72,Normal
2026-02-17 17:30:00,P-104,67.18,5.045,219.88,30.01,1428.4,2.06,2568.73,Normal
2026-02-17 17:45:00,P-102,69.74,4.879,223.61,33.43,1445.6,2.235,2568.74,Normal
2026-02-17 18:00:00,P-104,66.85,4.794,209.43,29.85,1457.6,1.805,2568.76,Normal
2026-02-17 18:15:00,P-102,64.73,4.948,219.68,31.61,1453.6,2.249,2568.78,Normal
2026-02-17 18:30:00,P-103,65.47,5.145,217.15,31.11,1426.7,2.193,2568.79,Normal
2026-02-17 18:45:00,P-103,66.13,5.116,218.89,32.31,1462.5,2.102,2568.8,Normal
2026-02-17 19:00:00,P-101,63.95,4.762,190.13,27.14,1450.9,1.611,2568.82,Normal
2026-02-17 19:15:00,P-104,69.31,4.731,198.84,28.39,1452.3,2.283,2568.84,Normal
2026-02-17 19:30:00,P-102,70.71,4.81,199.67,28.36,1446.0,2.013,2568.85,Normal
2026-02-17 19:45:00,P-102,68.73,5.023,219.54,28.66,1392.7,2.02,2568.86,Normal
2026-02-17 20:00:00,P-101,65.83,4.941,198.43,26.67,1459.8,1.925,2568.88,Normal
2026-02-17 20:15:00,P-102,61.93,4.819,200.36,27.46,1460.6,1.962,2568.9,Normal
2026-02-17 20:30:00,P-104,66.2,5.079,203.64,25.3,1442.4,2.083,2568.91,Normal
2026-02-17 20:45:00,P-103,63.91,4.788,210.06,27.89,1423.3,1.909,2568.93,Normal
2026-02-17 21:00:00,P-103,67.95,4.768,194.43,25.46,1440.4,1.607,2568.94,Normal
2026-02-17 21:15:00,P-102,61.27,4.594,200.93,28.1,1467.9,2.051,2568.96,Normal
2026-02-17 21:30:00,P-101,66.24,4.887,199.39,27.62,1442.7,1.761,2568.97,Normal
2026-02-17 21:45:00,P-101,63.92,5.092,200.84,28.27,1450.4,1.763,2568.98,Normal
2026-02-17 22:00:00,P-103,64.61,4.678,197.68,28.32,1444.0,1.857,2569.0,Normal
2026-02-17 22:15:00,P-101,65.28,4.833,180.83,25.42,1455.7,1.739,2569.02,Normal
2026-02-17 22:30:00,P-101,65.79,4.889,186.6,24.96,1426.3,1.879,2569.03,Normal
2026-02-17 22:45:00,P-103,63.77,4.682,187.46,25.5,1446.4,1.946,2569.04,Normal
2026-02-17 23:00:00,P-102,64.78,4.755,183.19,25.32,1469.7,1.715,2569.06,Normal
2026-02-17 23:15:00,P-102,61.74,4.912,192.52,24.97,1433.5,1.837,2569.07,Normal
2026-02-17 23:30:00,P-103,62.44,4.635,181.63,23.08,1445.1,1.651,2569.09,Normal
2026-02-17 23:45:00,P-103,66.04,4.912,197.44,28.73,1469.0,2.016,2569.1,Normal
2026-02-18 00:00:00,P-102,62.2,4.385,179.69,23.37,1463.4,1.82,2569.12,Normal
2026-02-18 00:15:00,P-104,60.78,4.733,181.28,23.83,1458.1,1.904,2569.14,Normal
2026-02-18 00:30:00,P-104,61.65,4.773,200.65,23.99,1457.0,1.756,2569.15,Normal
2026-02-18 00:45:00,P-102,66.04,4.725,205.91,28.4,1456.7,1.969,2569.16,Normal
2026-02-18 01:00:00,P-104,59.09,4.555,181.9,23.85,1445.9,1.873,2569.18,Normal
2026-02-18 01:15:00,P-103,59.05,4.727,187.7,23.8,1469.8,1.904,2569.2,Normal
2026-02-18 01:30:00,P-103,62.42,4.635,191.04,23.5,1441.6,1.9,2569.21,Normal
2026-02-18 01:45:00,P-102,62.0,5.011,199.87,28.27,1432.1,1.896,2569.22,Normal
2026-02-18 02:00:00,P-103,55.63,4.52,160.52,19.94,1425.1,1.448,2569.24,Normal
2026-02-18 02:15:00,P-104,63.33,4.662,177.3,24.75,1438.9,1.86,2569.26,Normal
2026-02-18 02:30:00,P-101,61.21,4.981,211.8,29.6,1438.7,2.082,2569.27,Normal
2026-02-18 02:45:00,P-104,61.18,4.855,198.25,27.9,1437.2,1.682,2569.28,Normal
2026-02-18 03:00:00,P-101,58.66,4.776,177.48,25.24,1428.8,1.939,2569.3,Normal
2026-02-18 03:15:00,P-103,60.26,4.852,193.49,26.61,1456.7,1.887,2569.32,Normal
2026-02-18 03:30:00,P-103,59.02,4.761,196.7,27.91,1433.0,1.851,2569.33,Normal
2026-02-18 03:45:00,P-102,63.21,5.045,207.1,30.23,1459.9,1.969,2569.34,Normal
2026-02-18 04:00:00,P-103,62.75,5.079,218.11,31.75,1463.0,2.168,2569.36,Normal
2026-02-18 04:15:00,P-104,63.35,4.932,206.52,26.6,1496.3,2.204,2569.38,Normal
2026-02-18 04:30:00,P-104,59.01,4.829,207.29,26.28,1441.8,1.869,2569.39,Normal
2026-02-18 04:45:00,P-102,66.26,5.014,216.26,28.81,1447.1,1.928,2569.41,Normal
2026-02-18 05:00:00,P-102,56.06,4.617,201.19,28.1,1436.6,2.001,2569.42,Normal
2026-02-18 05:15:00,P-103,56.5,4.853,194.04,26.48,1428.9,1.642,2569.44,Normal
2026-02-18 05:30:00,P-101,63.24,4.973,191.12,25.61,1442.4,2.006,2569.45,Normal
2026-02-18 05:45:00,P-104,60.66,4.838,190.58,26.01,1436.0,1.63,2569.46,Normal
2026-02-18 06:00:00,P-101,61.05,4.899,205.62,28.6,1428.7,1.679,2569.48,Normal
2026-02-18 06:15:00,P-103,61.07,4.81,205.81,28.87,1454.3,2.201,2569.5,Normal
2026-02-18 06:30:00,P-102,62.82,5.093,222.53,29.38,1430.7,1.647,2569.51,Normal
2026-02-18 06:45:00,P-102,60.97,4.891,208.52,28.08,1460.2,2.178,2569.52,Normal
2026-02-18 07:00:00,P-101,56.55,4.914,197.99,23.68,1465.4,2.119,2569.54,Normal
2026-02-18 07:15:00,P-101,62.49,4.859,216.97,26.68,1434.4,2.036,2569.55,Normal
2026-02-18 07:30:00,P-103,62.79,4.977,212.69,31.37,1475.2,2.13,2569.57,Normal
2026-02-18 07:45:00,P-104,64.5,4.963,215.61,31.24,1457.2,1.74,2569.58,Normal
2026-02-18 08:00:00,P-101,67.3,5.462,237.11,34.96,1448.7,2.073,2569.6,Normal
2026-02-18 08:15:00,P-101,62.38,5.042,217.41,33.31,1418.0,2.108,2569.61,Normal
2026-02-18 08:30:00,P-101,60.46,5.148,233.37,32.2,1419.2,2.202,2569.63,Normal
2026-02-18 08:45:00,P-101,66.42,4.895,229.92,30.43,1478.3,2.178,2569.64,Normal
2026-02-18 09:00:00,P-102,60.43,5.048,228.79,31.79,1473.8,2.164,2569.66,Normal
2026-02-18 09:15:00,P-101,62.88,5.161,223.97,29.48,1478.8,2.069,2569.68,Normal
2026-02-18 09:30:00,P-102,62.45,5.242,226.69,32.81,1483.4,1.899,2569.69,Normal
2026-02-18 09:45:00,P-103,61.62,5.047,229.05,33.24,1474.7,2.147,2569.7,Normal
2026-02-18 10:00:00,P-102,65.27,5.148,237.25,34.67,1454.3,1.941,2569.72,Normal
2026-02-18 10:15:00,P-104,63.95,5.414,228.69,35.01,1460.1,2.062,2569.74,Normal
2026-02-18 10:30:00,P-103,64.09,5.458,220.86,33.15,1437.7,2.34,2569.75,Normal
2026-02-18 10:45:00,P-101,63.1,5.453,250.02,35.7,1454.3,1.928,2569.76,Normal
2026-02-18 11:00:00,P-102,64.19,5.456,248.42,34.66,1463.4,2.157,2569.78,Normal
2026-02-18 11:15:00,P-103,62.27,5.407,234.0,34.37,1463.8,2.286,2569.8,Normal
2026-02-18 11:30:00,P-102,64.24,5.517,236.18,33.09,1447.7,2.282,2569.81,Normal
2026-02-18 11:45:00,P-103,64.39,5.196,241.49,30.75,1413.5,2.21,2569.82,Normal
2026-02-18 12:00:00,P-103,68.18,5.057,232.19,33.69,1422.8,1.986,2569.84,Normal
2026-02-18 12:15:00,P-103,64.56,5.466,236.48,35.11,1458.6,2.4,2569.86,Normal
2026-02-18 12:30:00,P-101,59.99,5.066,236.51,35.49,1440.9,1.901,2569.87,Normal
2026-02-18 12:45:00,P-103,67.6,5.026,224.68,33.83,1462.0,2.225,2569.89,Normal
2026-02-18 13:00:00,P-101,65.06,4.964,219.31,32.15,1428.1,2.084,2569.9,Normal
2026-02-18 13:15:00,P-103,65.06,5.178,234.55,33.45,1474.5,1.987,2569.92,Normal
2026-02-18 13:30:00,P-103,65.35,5.032,240.36,34.34,1433.1,2.11,2569.93,Normal
2026-02-18 13:45:00,P-104,63.22,4.978,231.9,32.66,1476.6,2.426,2569.95,Normal
2026-02-18 14:00:00,P-104,72.57,5.356,260.45,39.64,1422.1,2.078,2569.96,Normal
2026-02-18 14:15:00,P-101,67.05,5.131,232.37,35.94,1460.9,1.866,2569.98,Normal
2026-02-18 14:30:00,P-104,63.58,5.429,242.84,37.04,1433.2,2.086,2569.99,Normal
2026-02-18 14:45:00,P-101,67.75,5.245,246.92,34.94,1449.8,2.237,2570.0,Normal
2026-02-18 15:00:00,P-101,70.71,5.397,242.05,35.35,1469.4,2.475,2570.02,Normal
2026-02-18 15:15:00,P-104,66.08,5.133,218.5,33.03,1466.2,2.056,2570.04,Normal
2026-02-18 15:30:00,P-104,62.2,4.879,194.99,29.79,1435.2,1.643,2570.05,Normal
2026-02-18 15:45:00,P-101,63.95,5.198,222.83,31.91,1439.0,2.07,2570.06,Normal
2026-02-18 16:00:00,P-102,65.03,5.209,232.13,33.77,1421.7,2.258,2570.08,Normal
2026-02-18 16:15:00,P-104,70.04,5.065,227.34,32.72,1417.7,2.126,2570.09,Normal
2026-02-18 16:30:00,P-103,66.65,4.896,218.81,31.46,1435.0,2.154,2570.11,Normal
2026-02-18 16:45:00,P-102,64.04,5.238,231.06,33.17,1434.6,1.78,2570.12,Normal
2026-02-18 17:00:00,P-104,67.71,4.923,222.92,30.49,1422.9,1.808,2570.14,Normal
2026-02-18 17:15:00,P-102,67.51,5.14,223.93,31.64,1446.3,2.039,2570.16,Normal
2026-02-18 17:30:00,P-102,64.6,4.93,202.26,30.04,1449.4,2.151,2570.17,Normal
2026-02-18 17:45:00,P-102,63.14,4.726,205.22,29.25,1449.8,1.784,2570.18,Normal
2026-02-18 18:00:00,P-104,65.41,5.146,221.49,33.02,1435.6,2.114,2570.2,Normal
2026-02-18 18:15:00,P-102,68.7,4.984,202.1,30.68,1439.6,2.004,2570.22,Normal
2026-02-18 18:30:00,P-103,66.1,4.902,207.28,27.62,1444.3,1.731,2570.23,Normal
2026-02-18 18:45:00,P-104,66.51,4.879,203.0,26.35,1464.7,1.775,2570.24,Normal
2026-02-18 19:00:00,P-101,65.85,4.763,203.45,27.22,1437.8,1.89,2570.26,Normal
2026-02-18 19:15:00,P-103,65.86,4.89,195.77,26.93,1419.8,1.814,2570.28,Normal
2026-02-18 19:30:00,P-104,63.46,4.669,195.33,26.67,1444.2,1.982,2570.29,Normal
2026-02-18 19:45:00,P-102,63.7,4.587,194.04,25.87,1442.1,1.735,2570.3,Normal
2026-02-18 20:00:00,P-101,67.74,4.898,207.04,28.2,1420.9,2.038,2570.32,Normal
2026-02-18 20:15:00,P-104,67.77,4.879,197.68,23.7,1442.8,1.779,2570.34,Normal
2026-02-18 20:30:00,P-102,63.34,4.978,208.24,27.57,1434.1,1.941,2570.35,Normal
2026-02-18 20:45:00,P-103,64.67,4.793,191.45,26.9,1448.6,2.023,2570.36,Normal
2026-02-18 21:00:00,P-102,66.77,4.57,196.41,27.32,1457.6,1.849,2570.38,Normal
2026-02-18 21:15:00,P-103,67.98,4.878,180.4,27.52,1440.3,1.723,2570.4,Normal
2026-02-18 21:30:00,P-102,68.14,4.51,187.52,24.58,1459.2,1.817,2570.41,Normal
2026-02-18 21:45:00,P-102,62.72,4.848,204.42,25.46,1444.5,2.013,2570.43,Normal
2026-02-18 22:00:00,P-101,67.41,5.054,191.61,26.19,1445.2,1.927,2570.44,Normal
2026-02-18 22:15:00,P-104,63.82,4.737,177.56,24.43,1444.4,1.427,2570.46,Normal
2026-02-18 22:30:00,P-102,66.85,4.853,202.35,25.93,1446.5,1.748,2570.47,Normal
2026-02-18 22:45:00,P-101,65.14,4.761,185.51,25.31,1425.2,1.682,2570.48,Normal
2026-02-18 23:00:00,P-101,61.15,4.804,198.72,27.54,1417.1,1.959,2570.5,Normal
2026-02-18 23:15:00,P-104,63.8,4.943,178.08,24.5,1470.1,1.429,2570.52,Normal
2026-02-18 23:30:00,P-103,63.43,4.438,170.63,21.35,1453.8,1.743,2570.53,Normal
2026-02-18 23:45:00,P-103,62.87,4.608,195.75,25.18,1440.2,1.931,2570.54,Normal
2026-02-19 00:00:00,P-103,62.61,4.726,186.87,24.85,1469.1,1.958,2570.56,Normal
2026-02-19 00:15:00,P-104,59.39,4.961,191.45,27.06,1501.6,1.82,2570.57,Normal
2026-02-19 00:30:00,P-103,64.06,4.671,192.65,27.44,1423.0,1.536,2570.59,Normal
2026-02-19 00:45:00,P-104,62.16,4.725,181.5,22.65,1449.3,1.736,2570.6,Normal
2026-02-19 01:00:00,P-103,59.11,4.765,182.9,24.23,1462.0,2.023,2570.62,Normal
2026-02-19 01:15:00,P-101,61.51,4.857,193.44,25.14,1420.7,1.735,2570.64,Normal
2026-02-19 01:30:00,P-102,62.32,4.881,195.57,26.07,1422.5,2.232,2570.65,Normal
2026-02-19 01:45:00,P-102,59.74,4.848,194.64,24.52,1467.2,1.931,2570.66,Normal
2026-02-19 02:00:00,P-104,62.37,4.873,213.34,25.7,1449.0,1.865,2570.68,Normal
2026-02-19 02:15:00,P-103,56.61,4.611,186.7,25.89,1437.5,1.818,2570.7,Normal
2026-02-19 02:30:00,P-101,63.61,4.721,187.25,24.87,1420.5,1.87,2570.71,Normal
2026-02-19 02:45:00,P-101,62.59,4.874,209.35,28.12,1455.9,1.839,2570.72,Normal
2026-02-19 03:00:00,P-102,59.38,5.16,200.75,27.82,1424.8,1.83,2570.74,Normal
2026-02-19 03:15:00,P-103,55.22,4.696,185.04,24.96,1431.7,2.199,2570.76,Normal
2026-02-19 03:30:00,P-102,63.43,4.889,199.32,27.01,1432.8,2.156,2570.77,Normal
2026-02-19 03:45:00,P-102,62.24,4.654,205.19,25.07,1443.9,1.821,2570.78,Normal
2026-02-19 04:00:00,P-103,58.84,4.604,169.9,20.33,1430.2,1.585,2570.8,Normal
2026-02-19 04:15:00,P-104,61.92,4.735,188.9,25.0,1432.9,1.559,2570.82,Normal
2026-02-19 04:30:00,P-104,62.69,4.943,199.45,27.13,1467.0,2.296,2570.83,Normal
2026-02-19 04:45:00,P-101,60.96,4.935,203.21,25.47,1453.0,2.085,2570.84,Normal
2026-02-19 05:00:00,P-104,60.54,5.092,219.77,28.23,1450.3,2.173,2570.86,Normal
2026-02-19 05:15:00,P-101,61.02,5.179,212.69,29.93,1457.9,1.915,2570.88,Normal
2026-02-19 05:30:00,P-101,61.6,4.898,206.82,28.46,1430.9,1.828,2570.89,Normal
2026-02-19 05:45:00,P-102,63.15,4.744,201.93,28.42,1456.5,1.739,2570.91,Normal
2026-02-19 06:00:00,P-102,61.17,4.9,213.42,32.26,1457.7,1.431,2570.92,Normal
2026-02-19 06:15:00,P-101,64.14,4.995,210.94,29.98,1431.6,1.815,2570.94,Normal
2026-02-19 06:30:00,P-103,61.96,5.01,211.87,28.88,1460.7,2.052,2570.95,Normal
2026-02-19 06:45:00,P-104,61.96,5.027,228.39,30.96,1454.2,2.042,2570.96,Normal
2026-02-19 07:00:00,P-103,68.81,5.177,240.9,36.43,1454.7,2.05,2570.98,Normal
2026-02-19 07:15:00,P-101,63.24,5.028,199.44,26.3,1480.0,2.021,2571.0,Normal
2026-02-19 07:30:00,P-104,65.1,4.862,224.44,29.64,1452.2,1.904,2571.01,Normal
2026-02-19 07:45:00,P-103,60.14,5.018,224.45,30.15,1433.4,2.198,2571.02,Normal
2026-02-19 08:00:00,P-102,66.17,4.905,218.47,30.18,1452.3,2.159,2571.04,Normal
2026-02-19 08:15:00,P-102,62.84,5.176,232.51,34.42,1450.2,2.281,2571.05,Normal
2026-02-19 08:30:00,P-104,62.6,5.357,232.78,35.88,1430.0,2.152,2571.07,Normal
2026-02-19 08:45:00,P-104,57.74,5.109,222.07,33.95,1413.6,1.949,2571.08,Normal
2026-02-19 09:00:00,P-101,63.19,5.149,219.15,33.21,1448.8,1.876,2571.1,Normal
2026-02-19 09:15:00,P-104,60.41,5.243,231.79,33.3,1467.0,1.718,2571.11,Normal
2026-02-19 09:30:00,P-102,63.87,5.135,230.06,33.94,1467.1,2.253,2571.13,Normal
2026-02-19 09:45:00,P-104,60.63,5.233,236.57,34.25,1455.1,1.822,2571.14,Normal
2026-02-19 10:00:00,P-101,67.23,5.217,227.68,35.26,1478.3,2.1,2571.16,Normal
2026-02-19 10:15:00,P-102,65.07,5.099,231.04,34.6,1453.1,2.196,2571.18,Normal
2026-02-19 10:30:00,P-103,69.51,5.232,245.21,35.95,1446.5,1.999,2571.19,Normal
2026-02-19 10:45:00,P-102,60.64,5.157,224.06,31.85,1453.7,2.054,2571.2,Normal
2026-02-19 11:00:00,P-101,66.65,5.29,231.77,32.88,1436.8,2.148,2571.22,Normal
2026-02-19 11:15:00,P-101,58.83,5.231,222.27,31.33,1427.2,2.002,2571.24,Normal
2026-02-19 11:30:00,P-104,65.79,5.567,253.32,34.77,1432.4,2.293,2571.25,Normal
2026-02-19 11:45:00,P-104,63.56,5.32,242.79,36.19,1441.4,2.095,2571.26,Normal
2026-02-19 12:00:00,P-103,64.37,5.236,243.22,37.39,1465.6,2.14,2571.28,Normal
2026-02-19 12:15:00,P-104,,5.103,229.15,32.22,1424.0,1.914,2571.3,Normal
2026-02-19 12:30:00,P-104,64.82,5.385,250.15,38.24,1432.5,2.241,2571.31,Normal
2026-02-19 12:45:00,P-101,62.06,5.131,223.29,34.6,1464.5,2.121,2571.32,Normal
2026-02-19 13:00:00,P-103,64.71,5.292,239.35,34.66,1443.6,1.998,2571.34,Normal
2026-02-19 13:15:00,P-102,66.7,5.354,252.44,36.17,1446.4,2.279,2571.36,Normal
2026-02-19 13:30:00,P-104,67.47,4.99,215.52,32.37,1443.3,1.643,2571.37,Normal
2026-02-19 13:45:00,P-103,66.08,5.294,232.29,32.59,1484.8,2.303,2571.39,Normal
2026-02-19 14:00:00,P-101,68.77,5.0,227.49,34.96,1460.1,1.891,2571.4,Normal
2026-02-19 14:15:00,P-103,65.46,5.425,256.29,39.54,1454.5,2.488,2571.42,Normal
2026-02-19 14:30:00,P-103,65.55,5.349,234.77,35.27,1453.6,2.253,2571.43,Normal
2026-02-19 14:45:00,P-102,69.33,5.39,247.84,36.23,1457.4,2.394,2571.45,Normal
2026-02-19 15:00:00,P-102,68.23,5.227,240.75,33.85,1483.3,1.977,2571.46,Normal
2026-02-19 15:15:00,P-103,64.88,5.417,238.47,34.92,1443.3,2.084,2571.48,Normal
2026-02-19 15:30:00,P-102,67.66,4.993,224.99,30.17,1453.0,2.083,2571.49,Normal
2026-02-19 15:45:00,P-104,66.31,4.975,233.76,33.34,1450.5,2.221,2571.5,Normal
2026-02-19 16:00:00,P-102,63.49,5.024,217.74,29.04,1466.3,2.131,2571.52,Normal
2026-02-19 16:15:00,P-102,,5.02,234.84,32.5,1480.7,2.273,2571.54,Normal
2026-02-19 16:30:00,P-101,66.75,4.992,220.95,31.64,1439.4,2.147,2571.55,Normal
2026-02-19 16:45:00,P-101,63.01,4.893,192.32,27.75,1458.2,1.967,2571.56,Normal
2026-02-19 17:00:00,P-102,64.99,4.954,222.41,29.87,1453.2,2.129,2571.58,Normal
2026-02-19 17:15:00,P-102,64.72,5.151,220.97,33.32,1424.9,2.058,2571.59,Normal
2026-02-19 17:30:00,P-103,65.35,4.845,201.42,31.46,1467.5,2.196,2571.61,Normal
2026-02-19 17:45:00,P-101,69.43,5.155,222.48,32.24,1478.1,2.021,2571.62,Normal
2026-02-19 18:00:00,P-101,66.07,4.691,203.07,26.0,1464.8,1.625,2571.64,Normal
2026-02-19 18:15:00,P-103,67.15,4.993,198.36,29.01,1438.6,2.114,2571.66,Normal
2026-02-19 18:30:00,P-101,67.19,4.871,207.26,28.65,1425.6,2.036,2571.67,Normal
2026-02-19 18:45:00,P-103,64.7,5.104,206.0,30.8,1461.5,1.92,2571.68,Normal
2026-02-19 19:00:00,P-103,61.96,4.768,216.61,27.16,1430.6,1.933,2571.7,Normal
2026-02-19 19:15:00,P-101,64.84,5.225,222.73,29.94,1432.4,2.267,2571.72,Normal
2026-02-19 19:30:00,P-101,63.4,4.675,199.26,26.63,1453.8,1.878,2571.73,Normal
2026-02-19 19:45:00,P-102,64.13,4.663,205.09,26.94,1463.2,2.193,2571.74,Normal
2026-02-19 20:00:00,P-101,67.57,4.846,206.08,25.46,1443.9,1.979,2571.76,Normal
2026-02-19 20:15:00,P-104,65.93,4.828,186.88,21.79,1446.3,1.721,2571.78,Normal
2026-02-19 20:30:00,P-103,68.71,4.782,190.38,28.33,1448.0,1.556,2571.79,Normal
2026-02-19 20:45:00,P-104,63.19,4.933,198.82,24.57,1433.5,1.878,2571.8,Normal
2026-02-19 21:00:00,P-102,69.99,5.055,211.74,27.47,1443.2,2.208,2571.82,Normal
2026-02-19 21:15:00,P-103,68.53,4.721,203.12,27.71,1420.9,1.777,2571.84,Normal
2026-02-19 21:30:00,P-102,62.27,4.692,176.28,21.66,1463.2,1.8,2571.85,Normal
2026-02-19 21:45:00,P-101,62.39,4.477,166.3,19.3,1500.2,1.92,2571.86,Normal
2026-02-19 22:00:00,P-102,67.35,4.717,191.97,23.28,1451.1,1.549,2571.88,Normal
2026-02-19 22:15:00,P-104,63.56,4.741,184.94,25.67,1471.4,1.884,2571.9,Normal
2026-02-19 22:30:00,P-101,64.31,4.817,186.15,25.81,1445.3,1.982,2571.91,Normal
2026-02-19 22:45:00,P-101,61.23,4.805,183.83,24.7,1425.8,1.821,2571.93,Normal
2026-02-19 23:00:00,P-101,58.34,4.679,194.89,25.59,1490.5,1.52,2571.94,Normal
2026-02-19 23:15:00,P-104,63.95,4.714,200.38,26.47,1434.8,1.718,2571.96,Normal
2026-02-19 23:30:00,P-102,60.88,4.578,178.51,23.83,1467.0,1.399,2571.97,Normal
2026-02-19 23:45:00,P-103,59.92,4.89,186.24,24.04,1453.9,1.538,2571.98,Normal
2026-02-20 00:00:00,P-103,63.45,4.625,187.7,23.96,1471.4,1.953,2572.0,Normal
2026-02-20 00:15:00,P-102,59.63,4.905,195.72,24.87,1448.8,1.774,2572.02,Normal
2026-02-20 00:30:00,P-103,63.93,4.577,184.34,23.7,1429.1,1.948,2572.03,Normal
2026-02-20 00:45:00,P-101,63.96,4.854,194.33,28.39,1438.0,2.0,2572.04,Normal
2026-02-20 01:00:00,P-101,60.57,4.699,176.76,23.99,1492.3,1.576,2572.06,Normal
2026-02-20 01:15:00,P-103,60.39,4.743,174.27,20.56,1455.8,1.76,2572.07,Normal
2026-02-20 01:30:00,P-104,60.76,5.029,205.71,28.72,1489.2,1.647,2572.09,Normal
2026-02-20 01:45:00,P-101,62.58,4.683,185.93,23.59,1443.4,1.832,2572.1,Normal
2026-02-20 02:00:00,P-102,61.26,4.621,177.7,24.7,1462.8,1.866,2572.12,Normal
2026-02-20 02:15:00,P-102,61.78,4.935,188.57,25.34,1426.9,1.785,2572.14,Normal
2026-02-20 02:30:00,P-103,62.33,4.685,193.97,27.83,1450.5,1.538,2572.15,Normal
2026-02-20 02:45:00,P-101,59.32,4.46,197.49,25.08,1490.0,1.554,2572.16,Normal
2026-02-20 03:00:00,P-103,57.66,4.554,190.38,27.29,1435.9,2.309,2572.18,Normal
2026-02-20 03:15:00,P-104,63.03,4.595,198.05,27.35,1437.6,1.971,2572.2,Normal
2026-02-20 03:30:00,P-104,62.58,4.893,195.82,25.42,1464.9,1.831,2572.21,Normal
2026-02-20 03:45:00,P-104,57.57,4.874,176.82,23.71,1452.1,1.911,2572.22,Normal
2026-02-20 04:00:00,P-103,63.44,4.759,211.0,29.39,1484.1,2.268,2572.24,Normal
2026-02-20 04:15:00,P-101,63.47,4.743,194.87,25.88,1445.7,2.109,2572.26,Normal
2026-02-20 04:30:00,P-103,63.87,4.93,205.19,27.32,1451.2,1.911,2572.27,Normal
2026-02-20 04:45:00,P-103,58.37,4.945,198.17,26.98,1455.7,1.779,2572.28,Normal
2026-02-20 05:00:00,P-101,57.18,4.763,198.18,30.86,1430.6,2.048,2572.3,Normal
2026-02-20 05:15:00,P-102,57.41,4.928,197.32,26.71,1426.6,1.862,2572.32,Normal
2026-02-20 05:30:00,P-103,61.6,5.037,222.19,31.71,1425.0,2.26,2572.33,Normal
2026-02-20 05:45:00,P-101,63.72,5.212,205.82,28.8,1390.5,1.953,2572.34,Normal
2026-02-20 06:00:00,P-101,60.18,5.056,218.16,30.28,1448.5,2.168,2572.36,Normal
2026-02-20 06:15:00,P-102,59.29,4.972,209.77,30.64,1426.6,2.14,2572.38,Normal
2026-02-20 06:30:00,P-104,59.52,4.975,206.7,32.22,1440.3,1.743,2572.39,Normal
2026-02-20 06:45:00,P-102,60.0,4.951,210.56,29.52,1468.4,2.027,2572.41,Normal
2026-02-20 07:00:00,P-104,62.63,5.269,234.18,35.18,1433.0,2.31,2572.42,Normal
2026-02-20 07:15:00,P-101,57.11,4.748,203.88,27.54,1462.4,1.779,2572.44,Normal
2026-02-20 07:30:00,P-101,62.96,4.715,213.85,28.24,1421.6,1.871,2572.45,Normal
2026-02-20 07:45:00,P-104,59.83,4.896,213.25,28.52,1437.7,2.159,2572.46,Normal
2026-02-20 08:00:00,P-102,66.53,5.105,219.88,31.39,1481.3,2.28,2572.48,Normal
2026-02-20 08:15:00,P-101,58.89,4.977,212.46,30.95,1442.3,1.397,2572.5,Normal
2026-02-20 08:30:00,P-103,64.41,5.011,213.41,30.91,1473.2,2.208,2572.51,Normal
2026-02-20 08:45:00,P-103,64.94,4.935,227.72,32.0,1492.4,1.636,2572.52,Normal
2026-02-20 09:00:00,P-101,59.99,5.107,215.74,31.48,1442.5,1.975,2572.54,Normal
2026-02-20 09:15:00,P-104,61.1,,223.38,32.35,1438.0,1.805,2572.55,Normal
2026-02-20 09:30:00,P-101,62.12,5.295,233.59,37.57,1411.1,2.096,2572.57,Normal
2026-02-20 09:45:00,P-101,61.62,5.251,233.08,33.51,1455.3,2.173,2572.58,Normal
2026-02-20 10:00:00,P-104,63.61,5.053,235.58,34.1,1456.8,2.243,2572.6,Normal
2026-02-20 10:15:00,P-101,62.77,4.96,219.05,32.47,1463.9,2.339,2572.61,Normal
2026-02-20 10:30:00,P-102,58.91,5.067,226.41,30.69,1475.0,1.812,2572.63,Normal
2026-02-20 10:45:00,P-103,68.02,5.185,225.7,31.29,1431.5,2.29,2572.64,Normal
2026-02-20 11:00:00,P-103,63.58,5.295,225.9,34.93,1483.7,2.101,2572.66,Normal
2026-02-20 11:15:00,P-103,65.3,5.269,240.85,36.94,1444.9,2.162,2572.68,Normal
2026-02-20 11:30:00,P-101,63.99,5.408,242.8,36.4,1456.5,2.519,2572.69,Normal
2026-02-20 11:45:00,P-104,64.71,5.467,241.5,37.08,1448.8,2.349,2572.7,Normal
2026-02-20 12:00:00,P-103,63.45,5.163,238.01,32.12,1436.1,1.813,2572.72,Normal
2026-02-20 12:15:00,P-102,65.08,5.279,240.04,34.28,1428.4,2.147,2572.74,Normal
2026-02-20 12:30:00,P-103,64.91,5.184,227.31,32.7,1453.8,2.005,2572.75,Normal
2026-02-20 12:45:00,P-104,66.97,5.202,227.42,34.44,1432.6,2.066,2572.76,Normal
2026-02-20 13:00:00,P-103,67.86,5.434,251.63,38.75,1446.0,2.252,2572.78,Normal
2026-02-20 13:15:00,P-101,65.64,5.271,221.78,33.06,1442.6,2.128,2572.8,Normal
2026-02-20 13:30:00,P-104,65.57,5.308,238.14,32.51,1443.5,1.906,2572.81,Normal
2026-02-20 13:45:00,P-102,,5.42,253.09,36.75,1417.6,2.174,2572.82,Normal
2026-02-20 14:00:00,P-104,64.19,5.017,230.51,33.26,1393.0,1.977,2572.84,Normal
2026-02-20 14:15:00,P-104,67.77,5.029,225.31,31.54,1465.1,2.16,2572.86,Normal
2026-02-20 14:30:00,P-104,66.47,5.183,232.19,31.26,1470.3,2.082,2572.87,Normal
2026-02-20 14:45:00,P-101,65.77,5.302,231.14,31.29,1403.9,2.271,2572.89,Normal
2026-02-20 15:00:00,P-104,64.54,5.224,211.13,31.29,1457.5,2.058,2572.9,Normal
2026-02-20 15:15:00,P-103,66.74,4.907,224.04,33.11,1453.9,2.243,2572.92,Normal
2026-02-20 15:30:00,P-104,67.16,5.488,233.53,34.42,1426.2,2.171,2572.93,Normal
2026-02-20 15:45:00,P-102,66.86,5.216,222.72,33.04,1466.2,1.904,2572.95,Normal
2026-02-20 16:00:00,P-103,64.54,5.136,213.19,32.87,1470.5,1.95,2572.96,Normal
2026-02-20 16:15:00,P-103,68.32,4.888,220.49,32.96,1469.1,1.944,2572.98,Normal
2026-02-20 16:30:00,P-102,67.57,4.964,215.39,29.12,1481.4,2.132,2572.99,Normal
2026-02-20 16:45:00,P-101,70.17,5.126,223.86,30.35,1468.0,2.171,2573.0,Normal
2026-02-20 17:00:00,P-104,67.13,5.093,236.49,35.54,1435.0,2.141,2573.02,Normal
2026-02-20 17:15:00,P-103,68.03,4.685,215.17,29.51,1450.3,2.047,2573.04,Normal
2026-02-20 17:30:00,P-104,61.16,4.939,195.34,29.82,1456.9,1.648,2573.05,Normal
2026-02-20 17:45:00,P-103,68.36,4.998,217.65,29.99,1477.3,1.932,2573.06,Normal
2026-02-20 18:00:00,P-101,61.88,5.021,201.24,28.5,1445.5,1.449,2573.08,Normal
2026-02-20 18:15:00,P-103,62.97,4.825,197.99,27.22,1438.6,2.042,2573.09,Normal
2026-02-20 18:30:00,P-101,65.91,4.831,206.26,26.77,1420.2,2.295,2573.11,Normal
2026-02-20 18:45:00,P-101,64.25,4.961,197.8,27.21,1465.7,1.822,2573.12,Normal
2026-02-20 19:00:00,P-103,65.07,5.108,210.15,32.02,1453.8,2.031,2573.14,Normal
2026-02-20 19:15:00,P-102,65.23,4.85,207.84,28.7,1434.4,2.032,2573.16,Normal
2026-02-20 19:30:00,P-104,67.72,5.027,204.28,32.37,1463.9,1.738,2573.17,Normal
2026-02-20 19:45:00,P-102,62.46,4.689,194.99,26.05,1443.9,1.811,2573.18,Normal
2026-02-20 20:00:00,P-103,64.74,4.788,197.73,25.44,1426.2,1.942,2573.2,Normal
2026-02-20 20:15:00,P-103,64.61,4.925,206.0,25.56,1474.0,1.927,2573.22,Normal
2026-02-20 20:30:00,P-101,66.27,4.851,194.51,27.3,1412.9,1.843,2573.23,Normal
2026-02-20 20:45:00,P-104,66.48,4.805,193.06,25.89,1452.6,1.791,2573.24,Normal
2026-02-20 21:00:00,P-102,61.05,4.689,196.69,28.0,1448.0,1.732,2573.26,Normal
2026-02-20 21:15:00,P-101,66.5,4.511,193.04,28.38,1420.5,1.945,2573.28,Normal
2026-02-20 21:30:00,P-103,63.19,4.754,193.53,27.09,1455.9,2.168,2573.29,Normal
2026-02-20 21:45:00,P-104,66.1,5.005,205.05,28.64,1437.5,1.565,2573.3,Normal
2026-02-20 22:00:00,P-104,61.74,4.775,191.95,26.82,1480.3,1.426,2573.32,Normal
2026-02-20 22:15:00,P-104,65.65,4.863,200.47,28.24,1468.1,1.671,2573.34,Normal
2026-02-20 22:30:00,P-101,,4.77,195.54,24.68,1454.0,1.768,2573.35,Normal
2026-02-20 22:45:00,P-102,62.36,4.619,172.75,24.67,1405.1,1.674,2573.36,Normal
2026-02-20 23:00:00,P-103,61.21,4.491,186.0,23.46,1440.0,1.763,2573.38,Normal
2026-02-20 23:15:00,P-103,61.77,4.724,175.57,25.7,1438.6,1.766,2573.4,Normal
2026-02-20 23:30:00,P-101,58.85,4.727,182.86,24.38,1471.8,1.725,2573.41,Normal
2026-02-20 23:45:00,P-102,65.78,4.65,184.38,26.3,1453.2,2.024,2573.43,Normal
2026-02-21 00:00:00,P-101,63.74,4.808,197.98,25.66,1455.7,1.67,2573.44,Normal
2026-02-21 00:15:00,P-102,61.15,4.608,202.33,25.1,1468.3,2.039,2573.46,Normal
2026-02-21 00:30:00,P-101,60.21,4.752,190.24,26.18,1479.4,2.177,2573.47,Normal
2026-02-21 00:45:00,P-104,61.65,4.649,192.07,25.59,1476.3,1.512,2573.48,Normal
2026-02-21 01:00:00,P-103,62.04,4.673,170.23,21.44,1459.8,1.33,2573.5,Normal
2026-02-21 01:15:00,P-101,59.26,4.697,193.8,25.1,1445.1,1.847,2573.52,Normal
2026-02-21 01:30:00,P-104,64.07,4.827,185.97,22.73,1457.8,1.932,2573.53,Normal
2026-02-21 01:45:00,P-104,61.44,4.697,193.59,25.56,1449.4,1.836,2573.54,Normal
2026-02-21 02:00:00,P-102,61.21,4.651,203.53,27.39,1464.1,1.568,2573.56,Normal
2026-02-21 02:15:00,P-103,61.35,4.83,202.0,28.3,1439.8,1.601,2573.57,Normal
2026-02-21 02:30:00,P-101,65.72,4.85,198.83,27.55,1466.3,1.793,2573.59,Normal
2026-02-21 02:45:00,P-103,57.16,4.699,190.1,24.69,1450.8,1.862,2573.6,Normal
2026-02-21 03:00:00,P-103,58.94,4.753,187.16,27.14,1456.9,1.758,2573.62,Normal
2026-02-21 03:15:00,P-102,62.97,4.723,210.52,26.7,1428.5,1.894,2573.64,Normal
2026-02-21 03:30:00,P-101,60.69,4.697,183.88,25.83,1445.1,1.857,2573.65,Normal
2026-02-21 03:45:00,P-101,59.58,4.73,203.79,28.2,1458.0,2.078,2573.66,Normal
2026-02-21 04:00:00,P-101,63.29,4.628,204.26,27.15,1446.7,1.702,2573.68,Normal
2026-02-21 04:15:00,P-102,62.09,4.74,195.02,27.07,1407.8,1.851,2573.7,Normal
2026-02-21 04:30:00,P-101,62.65,4.885,210.08,28.66,1427.8,2.242,2573.71,Normal
2026-02-21 04:45:00,P-103,59.6,5.022,206.35,28.81,1456.2,1.786,2573.72,Normal
2026-02-21 05:00:00,P-102,58.32,4.483,188.76,27.21,1477.1,1.717,2573.74,Normal
2026-02-21 05:15:00,P-102,61.5,4.948,216.36,27.43,1445.8,1.957,2573.76,Normal
2026-02-21 05:30:00,P-104,58.33,5.215,208.16,27.89,1441.2,1.783,2573.77,Normal
2026-02-21 05:45:00,P-103,64.83,5.018,217.92,29.7,1468.9,1.817,2573.78,Normal
2026-02-21 06:00:00,P-104,64.54,4.939,206.15,31.32,1450.2,1.897,2573.8,Normal
2026-02-21 06:15:00,P-101,61.41,5.113,216.7,30.63,1463.4,1.998,2573.82,Normal
2026-02-21 06:30:00,P-101,62.23,5.083,210.02,29.18,1444.7,2.15,2573.83,Normal
2026-02-21 06:45:00,P-103,62.81,4.855,209.59,28.95,1442.7,1.775,2573.84,Normal
2026-02-21 07:00:00,P-104,64.53,,203.62,25.38,1464.8,1.947,2573.86,Normal
2026-02-21 07:15:00,P-103,66.06,5.236,225.48,32.0,1462.1,2.327,2573.88,Normal
2026-02-21 07:30:00,P-102,59.02,4.952,226.77,35.28,1444.2,2.332,2573.89,Normal
2026-02-21 07:45:00,P-104,61.5,5.218,227.38,31.26,1429.8,2.059,2573.91,Normal
2026-02-21 08:00:00,P-102,64.5,5.193,237.07,34.4,1420.0,2.194,2573.92,Normal
2026-02-21 08:15:00,P-102,62.07,5.215,234.85,34.59,1422.3,1.98,2573.94,Normal
2026-02-21 08:30:00,P-104,66.91,5.133,229.15,34.23,1438.6,2.183,2573.95,Normal
2026-02-21 08:45:00,P-101,65.3,5.238,223.23,30.79,1455.7,2.319,2573.96,Normal
2026-02-21 09:00:00,P-104,62.47,5.347,240.72,36.87,1420.0,2.445,2573.98,Normal
2026-02-21 09:15:00,P-104,63.01,5.183,235.63,36.09,1421.2,2.144,2574.0,Normal
2026-02-21 09:30:00,P-102,61.07,5.107,228.0,31.72,1456.8,2.162,2574.01,Normal
2026-02-21 09:45:00,P-104,62.22,5.117,218.87,32.12,1478.2,1.957,2574.02,Normal
2026-02-21 10:00:00,P-101,63.18,5.515,245.95,34.34,1469.6,1.984,2574.04,Normal
2026-02-21 10:15:00,P-103,64.22,4.904,223.54,32.19,1416.9,1.976,2574.05,Normal
2026-02-21 10:30:00,P-104,62.49,5.412,241.79,35.58,1457.1,2.237,2574.07,Normal
2026-02-21 10:45:00,P-102,57.39,5.208,229.51,32.66,1467.2,2.223,2574.08,Normal
2026-02-21 11:00:00,P-102,60.99,5.449,249.48,33.33,1441.1,2.162,2574.1,Normal
2026-02-21 11:15:00,P-103,61.64,5.263,237.91,32.36,1445.7,2.204,2574.11,Normal
2026-02-21 11:30:00,P-103,62.87,5.214,236.35,34.45,1456.0,1.683,2574.13,Normal
2026-02-21 11:45:00,P-104,64.46,5.294,227.16,32.79,1458.8,2.145,2574.14,Normal
2026-02-21 12:00:00,P-102,62.38,5.253,232.92,34.03,1456.8,2.039,2574.16,Normal
2026-02-21 12:15:00,P-101,64.1,5.5,243.52,37.99,1463.0,2.048,2574.18,Normal
2026-02-21 12:30:00,P-104,64.43,5.534,246.37,39.93,1453.9,2.323,2574.19,Normal
2026-02-21 12:45:00,P-101,63.25,5.278,242.76,34.64,1438.7,2.438,2574.2,Normal
2026-02-21 13:00:00,P-101,64.29,5.178,239.12,36.16,1442.0,2.15,2574.22,Normal
2026-02-21 13:15:00,P-104,65.12,5.224,245.73,37.5,1436.0,2.359,2574.24,Normal
2026-02-21 13:30:00,P-103,68.34,5.375,241.86,37.27,1441.7,2.139,2574.25,Normal
2026-02-21 13:45:00,P-101,63.0,5.032,230.36,31.75,1460.1,2.461,2574.26,Normal
2026-02-21 14:00:00,P-101,65.18,5.155,237.17,34.06,1436.1,1.848,2574.28,Normal
2026-02-21 14:15:00,P-103,63.3,4.914,206.66,30.31,1469.3,2.002,2574.3,Normal
2026-02-21 14:30:00,P-103,69.02,5.346,242.67,38.02,1432.2,2.325,2574.31,Normal
2026-02-21 14:45:00,P-104,67.83,5.269,258.3,37.55,1453.7,2.234,2574.32,Normal
2026-02-21 15:00:00,P-102,68.77,5.014,228.95,33.09,1465.0,2.36,2574.34,Normal
2026-02-21 15:15:00,P-101,62.0,4.823,198.43,31.58,1458.1,1.598,2574.36,Normal
2026-02-21 15:30:00,P-101,66.93,5.121,228.28,33.32,1416.7,2.106,2574.37,Normal
2026-02-21 15:45:00,P-104,64.45,4.981,209.47,31.59,1452.4,,2574.39,Normal
2026-02-21 16:00:00,P-101,63.26,5.075,215.98,31.89,1436.7,2.01,2574.4,Normal
2026-02-21 16:15:00,P-104,66.98,5.126,222.25,33.34,1426.2,1.812,2574.42,Normal
2026-02-21 16:30:00,P-103,70.6,5.141,228.48,31.86,1454.0,2.012,2574.43,Normal
2026-02-21 16:45:00,P-103,64.23,5.067,220.07,31.46,1427.5,1.948,2574.45,Normal
2026-02-21 17:00:00,P-103,65.66,5.07,215.01,29.13,1454.4,2.031,2574.46,Normal
2026-02-21 17:15:00,P-103,63.71,4.805,224.25,32.18,1476.2,2.22,2574.48,Normal
2026-02-21 17:30:00,P-103,62.85,4.833,209.28,29.31,1455.4,1.999,2574.49,Normal
2026-02-21 17:45:00,P-101,63.64,4.954,205.09,29.82,1445.8,,2574.5,Normal
2026-02-21 18:00:00,P-104,65.01,4.965,220.48,30.4,1447.1,2.186,2574.52,Normal
2026-02-21 18:15:00,P-103,65.63,5.1,216.36,30.57,1466.5,2.203,2574.54,Normal
2026-02-21 18:30:00,P-101,65.46,4.733,210.46,28.66,1444.5,1.517,2574.55,Normal
2026-02-21 18:45:00,P-101,61.12,4.733,191.92,27.85,1441.6,2.004,2574.56,Normal
2026-02-21 19:00:00,P-103,65.41,4.954,211.92,30.71,1433.2,2.135,2574.58,Normal
2026-02-21 19:15:00,P-102,64.41,4.657,176.68,20.1,1433.9,1.711,2574.59,Normal
2026-02-21 19:30:00,P-104,62.25,4.831,207.5,26.17,1466.1,1.802,2574.61,Normal
2026-02-21 19:45:00,P-103,64.16,4.851,188.4,26.8,1441.3,1.66,2574.62,Normal
2026-02-21 20:00:00,P-104,66.13,4.835,205.67,27.86,1460.0,1.549,2574.64,Normal
2026-02-21 20:15:00,P-104,63.98,5.035,206.04,28.76,1461.4,2.067,2574.66,Normal
2026-02-21 20:30:00,P-103,66.8,5.11,198.46,30.42,1432.8,2.076,2574.67,Normal
2026-02-21 20:45:00,P-101,60.87,4.594,195.77,26.17,1435.7,1.801,2574.68,Normal
2026-02-21 21:00:00,P-103,67.17,4.837,198.29,24.74,1460.4,2.016,2574.7,Normal
2026-02-21 21:15:00,P-101,65.49,4.88,188.65,26.67,1452.5,2.041,2574.72,Normal
2026-02-21 21:30:00,P-101,62.91,4.672,180.32,24.85,1446.8,1.411,2574.73,Normal
2026-02-21 21:45:00,P-101,68.33,4.868,203.24,28.86,1458.3,1.989,2574.74,Normal
2026-02-21 22:00:00,P-104,61.94,4.637,177.92,23.71,1468.2,1.694,2574.76,Normal
2026-02-21 22:15:00,P-104,,4.576,190.98,25.51,1449.3,1.922,2574.78,Normal
2026-02-21 22:30:00,P-102,66.96,,188.21,27.07,1439.8,1.871,2574.79,Normal
2026-02-21 22:45:00,P-102,67.7,4.564,185.15,25.23,1452.1,1.965,2574.8,Normal
2026-02-21 23:00:00,P-102,61.24,4.726,188.25,25.13,1435.5,1.492,2574.82,Normal
2026-02-21 23:15:00,P-101,63.52,4.646,196.42,26.86,1452.6,2.09,2574.84,Normal
2026-02-21 23:30:00,P-102,63.74,4.581,176.14,22.81,1450.0,1.614,2574.85,Normal
2026-02-21 23:45:00,P-104,62.44,4.733,185.19,25.49,1435.3,1.772,2574.86,Normal
2026-02-22 00:00:00,P-101,63.3,4.658,183.1,24.4,1442.7,1.449,2574.88,Normal
2026-02-22 00:15:00,P-101,63.44,4.564,178.29,25.54,1444.2,1.741,2574.9,Normal
2026-02-22 00:30:00,P-101,61.32,4.716,187.48,26.5,1463.2,1.824,2574.91,Normal
2026-02-22 00:45:00,P-103,63.91,4.944,205.42,27.98,1434.2,1.854,2574.93,Normal
2026-02-22 01:00:00,P-104,61.55,4.627,189.93,23.72,1435.4,1.653,2574.94,Normal
2026-02-22 01:15:00,P-103,59.75,4.787,192.45,25.44,1443.3,1.637,2574.96,Normal
2026-02-22 01:30:00,P-102,59.46,4.658,182.31,25.49,1460.2,1.932,2574.97,Normal
2026-02-22 01:45:00,P-104,59.24,4.77,174.18,25.03,1463.1,1.452,2574.98,Normal
2026-02-22 02:00:00,P-102,63.17,4.722,185.52,25.85,1454.7,1.953,2575.0,Normal
2026-02-22 02:15:00,P-102,63.1,4.627,189.74,24.41,1462.9,2.117,2575.02,Normal
2026-02-22 02:30:00,P-104,62.19,4.694,187.46,25.82,1470.9,2.194,2575.03,Normal
2026-02-22 02:45:00,P-103,62.44,4.777,197.92,26.03,1452.8,1.675,2575.04,Normal
2026-02-22 03:00:00,P-103,62.13,4.967,198.36,27.5,1435.6,1.973,2575.06,Normal
2026-02-22 03:15:00,P-101,60.13,4.643,177.62,24.5,1448.6,1.665,2575.07,Normal
2026-02-22 03:30:00,P-101,60.32,4.491,191.1,24.02,1425.5,1.992,2575.09,Normal
2026-02-22 03:45:00,P-103,62.3,4.918,201.02,27.06,1457.1,1.976,2575.1,Normal
2026-02-22 04:00:00,P-103,57.03,4.976,194.62,26.2,1441.2,1.788,2575.12,Normal
2026-02-22 04:15:00,P-102,59.37,5.021,200.51,28.14,1452.0,1.755,2575.14,Normal
2026-02-22 04:30:00,P-102,59.28,4.805,210.78,27.83,1448.5,1.891,2575.15,Normal
2026-02-22 04:45:00,P-102,62.15,4.737,204.19,26.88,1443.1,1.725,2575.16,Normal
2026-02-22 05:00:00,P-101,63.25,4.769,189.25,27.62,1454.1,1.844,2575.18,Normal
2026-02-22 05:15:00,P-104,57.65,5.066,215.66,32.5,1447.8,2.05,2575.2,Normal
2026-02-22 05:30:00,P-101,64.73,5.012,207.6,29.99,1438.7,1.878,2575.21,Normal
2026-02-22 05:45:00,P-103,60.84,4.873,205.51,28.15,1430.2,1.827,2575.22,Normal
2026-02-22 06:00:00,P-103,62.49,4.776,201.94,28.34,1456.4,2.037,2575.24,Normal
2026-02-22 06:15:00,P-103,61.84,5.056,204.45,29.02,1428.3,2.087,2575.26,Normal
2026-02-22 06:30:00,P-103,63.38,4.763,205.41,28.55,1482.3,1.786,2575.27,Normal
2026-02-22 06:45:00,P-101,62.64,5.006,232.17,33.23,1473.2,2.058,2575.28,Normal
2026-02-22 07:00:00,P-102,57.8,4.834,211.5,29.55,1421.4,1.824,2575.3,Normal
2026-02-22 07:15:00,P-103,62.38,5.229,228.75,30.89,1461.3,2.573,2575.32,Normal
2026-02-22 07:30:00,P-103,62.53,5.05,220.13,31.86,1470.5,1.856,2575.33,Normal
2026-02-22 07:45:00,P-102,60.49,5.102,217.83,30.62,1439.5,2.043,2575.34,Normal
2026-02-22 08:00:00,P-101,63.11,4.972,227.97,31.62,1456.3,2.125,2575.36,Normal
2026-02-22 08:15:00,P-103,59.7,4.733,205.55,26.74,1447.7,1.803,2575.38,Normal
2026-02-22 08:30:00,P-101,60.95,5.07,226.31,31.5,1462.3,1.927,2575.39,Normal
2026-02-22 08:45:00,P-103,60.0,5.111,222.21,31.82,1442.0,2.038,2575.41,Normal
2026-02-22 09:00:00,P-104,62.59,5.26,240.25,33.93,1468.3,2.001,2575.42,Normal
2026-02-22 09:15:00,P-104,61.64,4.801,211.07,29.69,1447.4,2.036,2575.44,Normal
2026-02-22 09:30:00,P-103,59.81,5.346,237.09,34.25,1444.3,2.04,2575.45,Normal
2026-02-22 09:45:00,P-102,62.28,5.161,240.56,37.85,1461.7,2.205,2575.46,Normal
2026-02-22 10:00:00,P-101,60.17,5.239,251.72,38.02,1466.2,1.839,2575.48,Normal
2026-02-22 10:15:00,P-104,62.22,5.348,237.64,34.43,1407.9,1.993,2575.5,Normal
2026-02-22 10:30:00,P-103,67.36,5.049,243.29,36.06,1397.7,2.132,2575.51,Normal
2026-02-22 10:45:00,P-102,60.07,5.132,218.64,34.13,1456.2,2.242,2575.52,Normal
2026-02-22 11:00:00,P-102,66.38,5.333,249.65,37.74,1438.1,1.864,2575.54,Normal
2026-02-22 11:15:00,P-103,69.94,5.067,229.88,32.4,1426.2,2.293,2575.55,Normal
2026-02-22 11:30:00,P-101,66.26,5.035,221.71,32.16,1443.3,2.178,2575.57,Normal
2026-02-22 11:45:00,P-102,64.01,5.285,230.45,32.56,1502.4,1.771,2575.58,Normal
2026-02-22 12:00:00,P-103,66.79,5.476,234.81,34.41,1426.1,2.257,2575.6,Normal
2026-02-22 12:15:00,P-104,61.31,5.293,226.38,33.09,1465.9,1.943,2575.61,Normal
2026-02-22 12:30:00,P-104,62.11,5.498,236.61,35.23,1436.3,2.284,2575.63,Normal
2026-02-22 12:45:00,P-102,63.82,4.989,218.31,31.8,1423.9,2.162,2575.64,Normal
2026-02-22 13:00:00,P-103,64.49,4.85,212.97,31.2,1439.0,2.169,2575.66,Normal
2026-02-22 13:15:00,P-101,69.31,5.343,240.81,38.59,1424.4,2.13,2575.68,Normal
2026-02-22 13:30:00,P-101,65.37,5.397,247.43,34.94,1421.8,2.323,2575.69,Normal
2026-02-22 13:45:00,P-104,,4.895,229.14,33.55,1437.0,2.356,2575.7,Normal
2026-02-22 14:00:00,P-101,66.39,5.092,229.55,32.73,1430.4,2.083,2575.72,Normal
2026-02-22 14:15:00,P-102,66.77,5.188,245.68,35.9,1447.4,2.161,2575.74,Normal
2026-02-22 14:30:00,P-103,66.45,5.265,236.89,35.62,1453.0,2.276,2575.75,Normal
2026-02-22 14:45:00,P-104,64.57,5.214,230.46,34.37,1435.8,1.612,2575.76,Normal
2026-02-22 15:00:00,P-103,67.99,5.166,232.66,34.72,1461.3,1.996,2575.78,Normal
2026-02-22 15:15:00,P-104,66.22,5.104,224.25,32.07,1438.0,2.236,2575.8,Normal
2026-02-22 15:30:00,P-101,65.55,5.0,236.9,34.74,1447.2,2.119,2575.81,Normal
2026-02-22 15:45:00,P-103,67.98,5.067,225.93,31.7,1411.0,2.04,2575.82,Normal
2026-02-22 16:00:00,P-102,68.57,4.929,227.37,32.38,1451.5,1.884,2575.84,Normal
2026-02-22 16:15:00,P-102,67.7,5.036,218.92,32.37,1490.5,2.041,2575.86,Normal
2026-02-22 16:30:00,P-103,64.33,4.984,226.93,31.22,1464.3,1.958,2575.87,Normal
2026-02-22 16:45:00,P-101,66.8,5.143,219.74,33.4,1446.9,1.725,2575.89,Normal
2026-02-22 17:00:00,P-102,63.57,4.942,197.98,31.73,1429.2,2.198,2575.9,Normal
2026-02-22 17:15:00,P-102,67.42,5.068,220.08,33.28,1479.4,1.938,2575.92,Normal
2026-02-22 17:30:00,P-102,63.56,5.13,208.09,30.05,1447.1,1.896,2575.93,Normal
2026-02-22 17:45:00,P-104,68.98,5.014,217.48,27.57,1437.9,1.658,2575.95,Normal
2026-02-22 18:00:00,P-103,67.76,4.899,209.05,27.62,1438.3,1.866,2575.96,Normal
2026-02-22 18:15:00,P-102,69.07,4.915,213.73,29.84,1487.3,2.171,2575.98,Normal
2026-02-22 18:30:00,P-104,66.53,4.602,188.6,24.95,1447.9,1.997,2575.99,Normal
2026-02-22 18:45:00,P-101,66.22,4.99,222.58,30.93,1458.1,2.003,2576.0,Normal
2026-02-22 19:00:00,P-104,64.35,4.876,207.76,23.95,1446.3,1.78,2576.02,Normal
2026-02-22 19:15:00,P-101,70.7,4.763,210.98,30.84,1448.8,2.0,2576.04,Normal
2026-02-22 19:30:00,P-104,64.85,4.66,191.25,26.89,1442.4,1.973,2576.05,Normal
2026-02-22 19:45:00,P-103,62.48,4.784,191.86,26.84,1475.6,1.628,2576.06,Normal
2026-02-22 20:00:00,P-101,69.29,4.875,218.68,32.64,1450.8,2.05,2576.08,Normal
2026-02-22 20:15:00,P-103,65.26,4.8,196.89,26.24,1424.7,2.001,2576.09,Normal
2026-02-22 20:30:00,P-104,69.46,4.939,203.49,26.8,1457.1,1.934,2576.11,Normal
2026-02-22 20:45:00,P-103,65.43,4.781,197.61,27.16,1447.9,1.86,2576.12,Normal
2026-02-22 21:00:00,P-104,65.02,4.882,192.02,27.43,1456.9,,2576.14,Normal
2026-02-22 21:15:00,P-104,67.93,4.703,198.19,26.03,1444.0,1.902,2576.16,Normal
2026-02-22 21:30:00,P-102,61.71,4.827,197.7,30.07,1440.3,2.178,2576.17,Normal
2026-02-22 21:45:00,P-101,62.24,4.563,180.61,24.98,1466.1,2.042,2576.18,Normal
2026-02-22 22:00:00,P-103,61.12,4.682,180.86,25.35,1483.5,1.661,2576.2,Normal
2026-02-22 22:15:00,P-102,58.37,4.679,182.78,24.9,1416.5,1.713,2576.22,Normal
2026-02-22 22:30:00,P-103,65.6,4.586,192.03,27.02,1451.5,2.065,2576.23,Normal
2026-02-22 22:45:00,P-103,61.97,4.676,192.82,24.51,1440.3,1.903,2576.24,Normal
2026-02-22 23:00:00,P-101,65.84,4.769,199.77,24.96,1433.6,1.952,2576.26,Normal
2026-02-22 23:15:00,P-101,65.06,4.856,199.54,28.0,1411.2,1.556,2576.28,Normal
2026-02-22 23:30:00,P-104,63.31,4.653,178.73,23.95,1456.5,1.908,2576.29,Normal
2026-02-22 23:45:00,P-102,61.01,4.548,178.65,24.87,1441.3,1.706,2576.3,Normal
2026-02-23 00:00:00,P-102,59.53,4.662,166.81,22.15,1440.2,1.756,2576.32,Normal
2026-02-23 00:15:00,P-104,64.36,4.946,204.21,28.71,1471.6,1.795,2576.34,Normal
2026-02-23 00:30:00,P-101,64.47,4.643,185.97,23.58,1442.1,2.117,2576.35,Normal
2026-02-23 00:45:00,P-101,62.34,4.611,198.03,25.24,1441.3,1.657,2576.36,Normal
2026-02-23 01:00:00,P-102,59.12,4.511,176.28,22.33,1426.0,2.077,2576.38,Normal
2026-02-23 01:15:00,P-104,59.09,4.538,192.54,25.83,1433.7,1.815,2576.4,Normal
2026-02-23 01:30:00,P-103,62.5,4.791,191.17,25.54,1476.4,1.814,2576.41,Normal
2026-02-23 01:45:00,P-104,60.03,4.847,184.59,23.44,1461.0,1.644,2576.43,Normal
2026-02-23 02:00:00,P-103,62.17,5.004,202.71,26.58,1473.2,1.795,2576.44,Normal
2026-02-23 02:15:00,P-102,62.81,4.823,212.13,30.1,1434.9,1.932,2576.46,Normal
2026-02-23 02:30:00,P-104,59.34,4.765,186.41,24.67,1456.5,1.805,2576.47,Normal
2026-02-23 02:45:00,P-102,60.81,4.685,184.74,23.69,1468.9,1.88,2576.48,Normal
2026-02-23 03:00:00,P-102,61.44,4.413,191.45,26.01,1460.4,1.763,2576.5,Normal
2026-02-23 03:15:00,P-101,66.72,4.897,212.41,30.96,1478.4,2.055,2576.52,Normal
2026-02-23 03:30:00,P-102,,4.846,194.9,29.51,1457.2,2.146,2576.53,Normal
2026-02-23 03:45:00,P-101,64.26,4.953,196.09,24.06,1450.0,2.062,2576.54,Normal
2026-02-23 04:00:00,P-104,59.08,4.734,205.25,27.64,1407.6,2.005,2576.56,Normal
2026-02-23 04:15:00,P-103,56.58,4.845,189.47,26.13,1457.5,1.941,2576.57,Normal
2026-02-23 04:30:00,P-101,61.61,4.934,201.66,26.82,1460.8,1.774,2576.59,Normal
2026-02-23 04:45:00,P-104,62.4,4.676,200.47,25.99,1470.7,1.937,2576.6,Normal
2026-02-23 05:00:00,P-104,62.19,4.81,206.3,28.98,1435.7,1.723,2576.62,Normal
2026-02-23 05:15:00,P-101,64.13,5.156,210.14,29.94,1449.4,2.164,2576.64,Normal
2026-02-23 05:30:00,P-102,55.22,4.897,213.93,28.84,1421.4,1.997,2576.65,Normal
2026-02-23 05:45:00,P-102,63.57,5.04,217.91,28.21,1421.0,2.157,2576.66,Normal
2026-02-23 06:00:00,P-103,61.85,5.073,202.71,31.0,1459.2,2.192,2576.68,Normal
2026-02-23 06:15:00,P-102,58.5,5.005,218.51,29.83,1472.8,2.119,2576.7,Normal
2026-02-23 06:30:00,P-102,64.35,4.999,217.65,32.0,1473.4,1.981,2576.71,Normal
2026-02-23 06:45:00,P-101,62.29,4.937,225.21,31.22,1457.9,1.647,2576.72,Normal
2026-02-23 07:00:00,P-104,63.06,5.286,221.88,30.46,1486.8,2.172,2576.74,Normal
2026-02-23 07:15:00,P-102,63.64,5.057,216.18,29.87,1442.9,1.996,2576.76,Normal
2026-02-23 07:30:00,P-104,62.07,4.802,221.62,31.67,1466.2,2.15,2576.77,Normal
2026-02-23 07:45:00,P-102,59.25,5.248,221.95,31.95,1426.3,2.225,2576.78,Normal
2026-02-23 08:00:00,P-104,61.89,4.906,218.14,33.38,1393.4,2.188,2576.8,Normal
2026-02-23 08:15:00,P-104,57.37,4.893,202.88,30.84,1441.3,2.039,2576.82,Normal
2026-02-23 08:30:00,P-101,63.5,5.115,230.96,31.95,1447.8,1.771,2576.83,Normal
2026-02-23 08:45:00,P-101,65.54,5.443,233.08,31.12,1454.2,2.321,2576.84,Normal
2026-02-23 09:00:00,P-103,59.52,5.213,224.07,32.42,1446.6,1.85,2576.86,Normal
2026-02-23 09:15:00,P-101,62.75,5.248,236.71,33.48,1456.5,2.088,2576.88,Normal
2026-02-23 09:30:00,P-103,61.56,5.231,240.01,33.84,1481.3,2.092,2576.89,Normal
2026-02-23 09:45:00,P-102,63.49,5.428,257.93,36.54,1463.3,2.215,2576.91,Normal
2026-02-23 10:00:00,P-102,64.58,5.398,234.68,35.52,1436.2,2.094,2576.92,Normal
2026-02-23 10:15:00,P-101,62.73,5.19,229.1,34.14,1404.8,2.046,2576.94,Normal
2026-02-23 10:30:00,P-101,64.41,5.109,233.6,31.99,1430.6,2.235,2576.95,Normal
2026-02-23 10:45:00,P-101,66.36,5.127,230.12,33.64,1474.2,1.911,2576.96,Normal
2026-02-23 11:00:00,P-103,66.62,5.312,234.43,34.0,1440.9,2.08,2576.98,Normal
2026-02-23 11:15:00,P-104,60.68,5.235,212.05,33.03,1462.2,1.697,2577.0,Normal
2026-02-23 11:30:00,P-102,67.11,4.956,230.82,34.16,1461.5,1.941,2577.01,Normal
2026-02-23 11:45:00,P-104,67.66,5.163,227.89,34.12,1449.0,1.859,2577.02,Normal
2026-02-23 12:00:00,P-103,68.69,5.132,246.71,36.2,1448.4,2.317,2577.04,Normal
2026-02-23 12:15:00,P-101,65.14,5.299,235.87,35.52,1438.0,2.221,2577.05,Normal
2026-02-23 12:30:00,P-103,63.05,5.037,235.89,32.07,1490.1,1.978,2577.07,Normal
2026-02-23 12:45:00,P-102,63.64,5.119,239.87,34.11,1432.8,1.609,2577.08,Normal
2026-02-23 13:00:00,P-103,62.94,5.349,235.28,34.95,1470.2,1.868,2577.1,Normal
2026-02-23 13:15:00,P-104,63.11,4.948,214.62,27.98,1465.0,1.78,2577.11,Normal
2026-02-23 13:30:00,P-104,67.23,5.169,230.85,33.03,1461.1,2.052,2577.13,Normal
2026-02-23 13:45:00,P-102,69.77,5.361,240.11,35.93,1447.8,2.343,2577.14,Normal
2026-02-23 14:00:00,P-102,63.46,5.169,215.75,29.94,1423.4,1.776,2577.16,Normal
2026-02-23 14:15:00,P-102,66.16,5.154,236.3,32.04,1429.3,1.893,2577.18,Normal
2026-02-23 14:30:00,P-103,67.43,5.279,235.46,35.01,1436.1,1.916,2577.19,Normal
2026-02-23 14:45:00,P-101,64.23,5.057,232.97,29.97,1456.7,2.07,2577.2,Normal
2026-02-23 15:00:00,P-104,68.01,5.291,230.43,33.94,1466.0,1.717,2577.22,Normal
2026-02-23 15:15:00,P-103,66.07,5.022,216.12,31.26,1455.7,1.703,2577.24,Normal
2026-02-23 15:30:00,P-101,68.27,5.246,242.07,34.6,1454.7,2.272,2577.25,Normal
2026-02-23 15:45:00,P-101,67.24,5.159,222.34,30.65,1468.8,2.349,2577.26,Normal
2026-02-23 16:00:00,P-103,67.95,5.329,224.12,33.63,1412.4,2.084,2577.28,Normal
2026-02-23 16:15:00,P-103,69.11,5.22,228.71,34.7,1410.3,2.084,2577.3,Normal
2026-02-23 16:30:00,P-101,65.31,5.101,229.05,31.93,1422.1,2.481,2577.31,Normal
2026-02-23 16:45:00,P-104,67.73,5.211,212.59,31.25,1466.7,1.891,2577.32,Normal
2026-02-23 17:00:00,P-103,66.5,5.141,214.25,30.05,1413.8,1.894,2577.34,Normal
2026-02-23 17:15:00,P-102,65.97,5.209,228.58,31.83,1449.8,1.948,2577.36,Normal
2026-02-23 17:30:00,P-102,66.39,4.889,206.31,28.05,1433.6,2.236,2577.37,Normal
2026-02-23 17:45:00,P-104,65.22,4.725,195.76,24.82,1452.8,1.962,2577.39,Normal
2026-02-23 18:00:00,P-104,68.63,4.745,203.55,27.71,1447.5,2.072,2577.4,Normal
2026-02-23 18:15:00,P-103,62.58,4.935,201.17,29.52,1454.5,1.938,2577.42,Normal
2026-02-23 18:30:00,P-104,70.49,5.089,222.27,30.7,1442.8,1.971,2577.43,Normal
2026-02-23 18:45:00,P-102,66.22,4.717,208.97,29.1,1462.7,1.897,2577.45,Normal
2026-02-23 19:00:00,P-101,63.97,4.963,197.59,27.56,1476.3,1.705,2577.46,Normal
2026-02-23 19:15:00,P-104,63.96,4.78,195.64,27.02,1472.8,1.809,2577.48,Normal
2026-02-23 19:30:00,P-103,61.74,4.671,199.67,24.76,1443.5,1.849,2577.49,Normal
2026-02-23 19:45:00,P-104,60.68,4.57,192.42,25.66,1434.4,1.799,2577.5,Normal
2026-02-23 20:00:00,P-103,67.75,4.986,209.74,29.48,1453.5,2.097,2577.52,Normal
2026-02-23 20:15:00,P-102,71.56,5.081,211.21,29.35,1485.6,2.061,2577.54,Normal
2026-02-23 20:30:00,P-103,62.13,4.865,207.6,27.39,1449.0,1.948,2577.55,Normal
2026-02-23 20:45:00,P-104,62.69,4.734,194.55,23.65,1465.1,1.7,2577.56,Normal
2026-02-23 21:00:00,P-102,65.95,5.055,193.41,23.44,1464.1,1.606,2577.58,Normal
2026-02-23 21:15:00,P-104,63.55,4.537,190.26,23.13,1463.9,1.585,2577.59,Normal
2026-02-23 21:30:00,P-102,68.02,4.855,209.09,30.19,1472.9,2.157,2577.61,Normal
2026-02-23 21:45:00,P-102,63.75,4.814,186.73,25.15,1426.3,1.508,2577.62,Normal
2026-02-23 22:00:00,P-102,64.59,4.805,196.63,29.74,1432.7,1.985,2577.64,Normal
2026-02-23 22:15:00,P-102,64.53,4.723,199.61,28.07,1450.9,1.936,2577.66,Normal
2026-02-23 22:30:00,P-104,56.78,4.7,171.61,23.09,1472.1,1.586,2577.67,Normal
2026-02-23 22:45:00,P-101,60.28,4.727,177.6,23.11,1472.1,1.763,2577.68,Normal
2026-02-23 23:00:00,P-101,64.7,4.707,190.09,24.25,1449.2,1.797,2577.7,Normal
2026-02-23 23:15:00,P-101,65.58,4.72,192.23,25.27,1468.0,1.591,2577.72,Normal
2026-02-23 23:30:00,P-103,65.89,4.614,178.06,27.59,1442.4,1.656,2577.73,Normal
2026-02-23 23:45:00,P-101,66.34,4.94,213.04,29.27,1435.1,1.956,2577.74,Normal
2026-02-24 00:00:00,P-104,56.57,4.594,174.53,24.29,1426.1,1.717,2577.76,Normal
2026-02-24 00:15:00,P-102,61.14,4.823,191.28,25.21,1447.5,1.558,2577.78,Normal
2026-02-24 00:30:00,P-102,65.64,4.809,188.8,25.13,1443.8,1.839,2577.79,Normal
2026-02-24 00:45:00,P-104,65.59,4.594,185.27,26.13,1468.1,1.811,2577.8,Normal
2026-02-24 01:00:00,P-103,64.97,4.814,194.07,27.59,1460.1,1.978,2577.82,Normal
2026-02-24 01:15:00,P-102,60.27,4.419,184.29,24.0,1451.0,1.728,2577.84,Normal
2026-02-24 01:30:00,P-104,58.82,4.692,197.81,24.68,1451.0,1.732,2577.85,Normal
2026-02-24 01:45:00,P-103,61.85,4.637,193.19,26.81,1442.5,1.972,2577.86,Normal
2026-02-24 02:00:00,P-101,61.69,4.663,186.24,26.44,1418.0,2.029,2577.88,Normal
2026-02-24 02:15:00,P-104,65.22,5.028,200.98,29.3,1428.7,1.6,2577.9,Normal
2026-02-24 02:30:00,P-101,62.94,4.706,208.9,29.02,1464.2,1.812,2577.91,Normal
2026-02-24 02:45:00,P-103,61.96,4.753,204.51,26.46,1447.5,1.505,2577.93,Normal
2026-02-24 03:00:00,P-101,61.24,4.847,191.62,27.97,1426.4,1.668,2577.94,Normal
2026-02-24 03:15:00,P-104,60.78,4.63,180.91,25.71,1474.6,2.042,2577.96,Normal
2026-02-24 03:30:00,P-104,61.75,4.77,194.91,26.99,1480.6,1.625,2577.97,Normal
2026-02-24 03:45:00,P-102,59.08,4.972,192.26,27.23,1471.7,1.934,2577.98,Normal
2026-02-24 04:00:00,P-102,58.75,4.936,200.42,28.9,1457.6,1.963,2578.0,Normal
2026-02-24 04:15:00,P-102,63.42,4.751,211.89,27.35,1455.2,1.75,2578.02,Normal
2026-02-24 04:30:00,P-104,56.39,4.766,205.7,26.09,1449.6,1.757,2578.03,Normal
2026-02-24 04:45:00,P-104,63.39,4.84,198.46,26.45,1452.9,2.085,2578.04,Normal
2026-02-24 05:00:00,P-101,55.19,4.828,188.91,25.73,1461.3,1.988,2578.06,Normal
2026-02-24 05:15:00,P-103,59.42,4.899,201.87,28.77,1462.7,2.317,2578.07,Normal
2026-02-24 05:30:00,P-104,61.78,4.846,200.47,26.83,1458.2,1.392,2578.09,Normal
2026-02-24 05:45:00,P-103,60.13,4.906,209.86,27.39,1391.0,1.988,2578.1,Normal
2026-02-24 06:00:00,P-102,57.85,4.923,206.44,28.83,1470.7,1.511,2578.12,Normal
2026-02-24 06:15:00,P-102,60.92,4.795,200.56,27.86,1453.6,1.888,2578.14,Normal
2026-02-24 06:30:00,P-104,61.77,5.129,219.05,41.74,1425.6,5.256,2578.15,Normal
2026-02-24 06:45:00,P-102,61.58,5.124,216.24,33.09,1453.6,1.836,2578.16,Normal
2026-02-24 07:00:00,P-102,59.63,4.741,207.33,30.47,1455.4,1.867,2578.18,Normal
2026-02-24 07:15:00,P-102,61.16,4.918,210.72,29.81,1421.7,1.94,2578.2,Normal
2026-02-24 07:30:00,P-102,60.96,5.064,228.89,33.18,1438.4,2.142,2578.21,Normal
2026-02-24 07:45:00,P-104,66.61,5.001,218.67,30.07,1430.1,1.793,2578.22,Normal
2026-02-24 08:00:00,P-101,60.82,5.179,223.85,30.24,1432.5,1.873,2578.24,Normal
2026-02-24 08:15:00,P-104,62.46,5.612,227.19,34.93,1460.3,2.228,2578.26,Normal
2026-02-24 08:30:00,P-103,61.97,4.919,227.03,35.93,1438.8,2.254,2578.27,Normal
2026-02-24 08:45:00,P-101,66.99,5.239,235.81,34.33,1451.7,2.59,2578.28,Normal
2026-02-24 09:00:00,P-103,59.94,5.253,233.03,33.87,1463.3,2.175,2578.3,Normal
2026-02-24 09:15:00,P-103,61.9,4.973,210.55,29.71,1442.2,2.093,2578.32,Normal
2026-02-24 09:30:00,P-104,63.76,5.371,248.12,37.03,1464.0,2.146,2578.33,Normal
2026-02-24 09:45:00,P-102,60.48,5.248,233.3,35.01,1474.4,2.388,2578.34,Normal
2026-02-24 10:00:00,P-103,62.55,5.251,239.84,36.94,1465.2,2.011,2578.36,Normal
2026-02-24 10:15:00,P-103,64.67,5.251,236.39,35.33,1460.8,2.135,2578.38,Normal
2026-02-24 10:30:00,P-104,61.96,5.291,234.57,35.33,1465.4,2.177,2578.39,Normal
2026-02-24 10:45:00,P-102,64.32,5.256,236.84,36.38,1457.1,2.204,2578.41,Normal
2026-02-24 11:00:00,P-101,68.32,,233.14,33.56,1465.3,2.326,2578.42,Normal
2026-02-24 11:15:00,P-102,64.46,5.137,233.01,36.97,1428.9,2.083,2578.44,Normal
2026-02-24 11:30:00,P-102,62.13,5.654,249.76,37.32,1448.7,2.353,2578.45,Normal
2026-02-24 11:45:00,P-102,61.44,5.14,234.52,35.15,1457.1,1.792,2578.46,Normal
2026-02-24 12:00:00,P-104,63.78,5.283,225.75,32.6,1448.7,2.155,2578.48,Normal
2026-02-24 12:15:00,P-104,,5.363,255.47,38.81,1495.0,1.925,2578.5,Normal
2026-02-24 12:30:00,P-101,65.0,5.204,230.67,33.79,1446.6,2.062,2578.51,Normal
2026-02-24 12:45:00,P-102,65.86,5.235,234.06,35.27,1417.9,2.574,2578.52,Normal
2026-02-24 13:00:00,P-101,68.54,4.922,224.93,33.59,1451.0,2.131,2578.54,Normal
2026-02-24 13:15:00,P-104,65.97,5.17,242.24,35.46,1464.9,2.067,2578.55,Normal
2026-02-24 13:30:00,P-104,62.61,5.065,232.56,33.99,1434.3,2.177,2578.57,Normal
2026-02-24 13:45:00,P-101,68.3,5.123,245.53,33.74,1449.3,2.104,2578.58,Normal
2026-02-24 14:00:00,P-103,69.58,5.152,234.08,34.88,1448.7,1.966,2578.6,Normal
2026-02-24 14:15:00,P-101,66.02,5.137,218.32,33.2,1448.9,1.738,2578.61,Normal
2026-02-24 14:30:00,P-104,66.4,5.423,248.67,34.39,1439.2,2.15,2578.63,Normal
2026-02-24 14:45:00,P-101,68.42,5.263,237.38,34.7,1469.7,2.112,2578.64,Normal
2026-02-24 15:00:00,P-102,66.87,5.114,236.17,33.3,1489.0,2.107,2578.66,Normal
2026-02-24 15:15:00,P-102,62.05,5.037,230.67,40.46,1434.9,5.575,2578.68,Normal
2026-02-24 15:30:00,P-102,70.65,5.381,247.08,37.29,1426.5,2.517,2578.69,Normal
2026-02-24 15:45:00,P-103,69.44,5.045,236.58,34.2,1442.1,2.259,2578.7,Normal
2026-02-24 16:00:00,P-102,70.01,5.171,226.9,31.4,1475.3,2.015,2578.72,Normal
2026-02-24 16:15:00,P-102,64.16,5.173,221.34,30.39,1445.4,2.017,2578.74,Normal
2026-02-24 16:30:00,P-104,66.97,4.995,225.21,32.48,1456.6,2.229,2578.75,Normal
2026-02-24 16:45:00,P-102,68.37,5.194,236.67,32.95,1433.6,2.269,2578.76,Normal
2026-02-24 17:00:00,P-104,68.25,5.142,233.71,32.71,1482.1,2.221,2578.78,Normal
2026-02-24 17:15:00,P-104,68.07,5.08,237.3,34.05,1444.7,2.005,2578.8,Normal
2026-02-24 17:30:00,P-104,,5.099,224.84,32.71,1454.5,2.237,2578.81,Normal
2026-02-24 17:45:00,P-104,65.71,4.795,200.84,28.49,1435.7,2.159,2578.82,Normal
2026-02-24 18:00:00,P-101,68.37,4.917,212.22,29.92,1433.9,2.157,2578.84,Normal
2026-02-24 18:15:00,P-102,67.78,4.646,196.91,26.64,1449.9,2.424,2578.86,Normal
2026-02-24 18:30:00,P-102,63.12,4.809,199.69,26.31,1451.9,2.002,2578.87,Normal
2026-02-24 18:45:00,P-103,65.85,5.067,202.74,29.05,1465.5,2.166,2578.89,Normal
2026-02-24 19:00:00,P-101,65.44,5.032,210.94,27.2,1419.6,2.08,2578.9,Normal
2026-02-24 19:15:00,P-101,65.34,5.144,207.58,28.4,1432.9,1.953,2578.92,Normal
2026-02-24 19:30:00,P-103,62.53,4.83,200.61,30.14,1437.6,1.729,2578.93,Normal
2026-02-24 19:45:00,P-102,66.03,5.001,200.23,28.65,1452.2,1.794,2578.95,Normal
2026-02-24 20:00:00,P-104,65.52,4.614,191.63,27.25,1429.7,1.694,2578.96,Normal
2026-02-24 20:15:00,P-104,64.76,4.896,201.45,28.09,1448.3,1.656,2578.98,Normal
2026-02-24 20:30:00,P-101,63.65,4.867,181.37,24.13,1438.4,1.728,2578.99,Normal
2026-02-24 20:45:00,P-104,63.98,4.671,169.02,23.19,1447.6,1.742,2579.0,Normal
2026-02-24 21:00:00,P-103,68.46,5.045,216.63,28.64,1436.1,2.112,2579.02,Normal
2026-02-24 21:15:00,P-104,62.91,4.627,193.02,25.9,1431.8,1.583,2579.04,Normal
2026-02-24 21:30:00,P-104,62.54,4.818,204.47,28.47,1455.1,2.05,2579.05,Normal
2026-02-24 21:45:00,P-103,64.94,4.735,208.95,39.67,1470.0,7.577,2579.06,Normal
2026-02-24 22:00:00,P-103,67.55,4.685,186.17,24.85,1464.6,1.855,2579.08,Normal
2026-02-24 22:15:00,P-104,61.75,4.813,194.25,26.06,1470.0,1.837,2579.09,Normal
2026-02-24 22:30:00,P-101,64.42,4.664,190.71,24.29,1472.1,2.151,2579.11,Normal
2026-02-24 22:45:00,P-101,64.28,4.491,180.33,21.7,1447.1,1.557,2579.12,Normal
2026-02-24 23:00:00,P-102,58.12,4.661,192.44,25.25,1483.7,1.713,2579.14,Normal
2026-02-24 23:15:00,P-102,63.51,4.704,188.5,24.19,1463.6,1.796,2579.16,Normal
2026-02-24 23:30:00,P-103,63.78,4.644,177.89,23.83,1432.9,1.846,2579.17,Normal
2026-02-24 23:45:00,P-103,63.86,4.74,202.56,29.0,1438.0,1.959,2579.18,Normal
2026-02-25 00:00:00,P-104,59.7,4.335,183.43,21.07,1452.7,1.699,2579.2,Normal
2026-02-25 00:15:00,P-103,61.38,4.664,194.73,25.99,1465.8,1.918,2579.22,Normal
2026-02-25 00:30:00,P-102,60.55,4.447,172.19,22.46,1445.9,1.85,2579.23,Normal
2026-02-25 00:45:00,P-102,62.17,4.687,192.81,25.45,1432.5,1.851,2579.24,Normal
2026-02-25 01:00:00,P-104,61.06,4.685,198.51,24.69,1464.2,2.155,2579.26,Normal
2026-02-25 01:15:00,P-103,61.31,4.731,194.22,26.38,1429.9,1.912,2579.28,Normal
2026-02-25 01:30:00,P-102,63.37,4.556,182.5,21.23,1455.5,1.707,2579.29,Normal
2026-02-25 01:45:00,P-102,58.11,4.922,184.8,24.52,1450.8,1.996,2579.3,Normal
2026-02-25 02:00:00,P-103,58.35,4.668,198.05,27.08,1425.8,1.514,2579.32,Normal
2026-02-25 02:15:00,P-104,65.51,5.05,203.66,27.35,1482.0,1.734,2579.34,Normal
2026-02-25 02:30:00,P-101,61.18,4.78,192.41,26.89,1450.3,1.829,2579.35,Normal
2026-02-25 02:45:00,P-102,59.42,4.607,191.29,23.32,1428.7,1.579,2579.36,Normal
2026-02-25 03:00:00,P-104,61.07,4.88,198.73,26.8,1450.9,2.018,2579.38,Normal
2026-02-25 03:15:00,P-103,63.6,4.956,219.49,28.91,1418.9,2.145,2579.4,Normal
2026-02-25 03:30:00,P-101,59.85,4.718,200.76,29.41,1456.5,2.17,2579.41,Normal
2026-02-25 03:45:00,P-104,63.3,5.166,217.6,30.38,1465.5,1.864,2579.43,Normal
2026-02-25 04:00:00,P-102,58.07,4.505,196.04,26.45,1498.6,1.948,2579.44,Normal
2026-02-25 04:15:00,P-104,60.14,4.817,205.07,26.35,1451.8,2.128,2579.46,Normal
2026-02-25 04:30:00,P-101,56.53,4.945,208.73,28.5,1438.1,1.978,2579.47,Normal
2026-02-25 04:45:00,P-104,63.79,5.088,202.84,28.49,1453.7,2.123,2579.48,Normal
2026-02-25 05:00:00,P-102,59.8,4.783,198.39,27.52,1475.9,1.869,2579.5,Normal
2026-02-25 05:15:00,P-102,61.66,5.164,203.69,27.94,1459.0,2.133,2579.52,Normal
2026-02-25 05:30:00,P-102,62.91,5.115,220.56,30.92,1465.0,1.879,2579.53,Normal
2026-02-25 05:45:00,P-102,63.31,4.776,227.72,31.72,1463.7,1.76,2579.54,Normal
2026-02-25 06:00:00,P-104,62.45,4.932,222.43,31.97,1459.1,2.003,2579.56,Normal
2026-02-25 06:15:00,P-103,,5.178,229.88,33.41,1424.8,2.084,2579.57,Normal
2026-02-25 06:30:00,P-101,59.29,4.88,215.95,29.77,1423.8,2.09,2579.59,Normal
2026-02-25 06:45:00,P-104,58.53,5.06,222.63,28.85,1421.6,2.078,2579.6,Normal
2026-02-25 07:00:00,P-101,62.49,5.107,231.68,35.43,1428.4,1.98,2579.62,Normal
2026-02-25 07:15:00,P-103,60.77,4.977,228.07,32.95,1430.5,1.901,2579.64,Normal
2026-02-25 07:30:00,P-104,64.01,4.869,213.44,32.12,1483.5,2.283,2579.65,Normal
2026-02-25 07:45:00,P-102,61.8,5.099,213.54,29.83,1437.3,1.973,2579.66,Normal
2026-02-25 08:00:00,P-102,60.92,4.907,221.44,35.88,1451.8,2.014,2579.68,Normal
2026-02-25 08:15:00,P-102,61.45,5.229,218.23,32.23,1445.6,2.127,2579.7,Normal
2026-02-25 08:30:00,P-103,62.64,5.261,227.99,34.04,1453.5,1.913,2579.71,Normal
2026-02-25 08:45:00,P-103,63.35,5.205,237.69,34.85,1451.3,2.034,2579.72,Normal
2026-02-25 09:00:00,P-103,63.99,5.061,236.94,34.71,1427.4,2.295,2579.74,Normal
2026-02-25 09:15:00,P-101,64.24,5.359,246.54,35.61,1460.8,2.013,2579.76,Normal
2026-02-25 09:30:00,P-104,58.27,4.952,216.42,29.82,1437.8,1.768,2579.77,Normal
2026-02-25 09:45:00,P-101,58.75,5.035,233.18,35.46,1437.2,2.081,2579.78,Normal
2026-02-25 10:00:00,P-103,,5.495,238.37,35.22,1444.5,2.224,2579.8,Normal
2026-02-25 10:15:00,P-104,63.49,4.969,223.07,32.59,1464.6,2.297,2579.82,Normal
2026-02-25 10:30:00,P-103,62.43,4.984,227.81,34.28,1438.8,2.168,2579.83,Normal
2026-02-25 10:45:00,P-104,65.97,5.184,234.07,34.7,1451.7,2.193,2579.84,Normal
2026-02-25 11:00:00,P-101,64.1,5.225,236.28,35.09,1457.3,1.971,2579.86,Normal
2026-02-25 11:15:00,P-101,68.82,5.56,251.21,35.69,1454.6,2.288,2579.88,Normal
2026-02-25 11:30:00,P-101,68.91,5.374,249.39,37.89,1453.6,2.078,2579.89,Normal
2026-02-25 11:45:00,P-104,66.31,5.122,235.55,33.28,1424.7,2.276,2579.91,Normal
2026-02-25 12:00:00,P-104,62.73,5.328,248.54,35.66,1452.3,2.212,2579.92,Normal
2026-02-25 12:15:00,P-104,65.61,5.314,234.74,37.27,1433.5,2.184,2579.94,Normal
2026-02-25 12:30:00,P-103,68.27,5.3,241.99,36.72,1418.3,2.273,2579.95,Normal
2026-02-25 12:45:00,P-101,66.34,5.303,239.28,35.14,1441.7,2.092,2579.96,Normal
2026-02-25 13:00:00,P-102,67.02,5.278,240.08,37.99,1440.7,2.085,2579.98,Normal
2026-02-25 13:15:00,P-101,64.14,5.328,251.87,37.01,1503.3,2.081,2580.0,Normal
2026-02-25 13:30:00,P-101,71.02,5.419,233.04,35.93,1467.6,2.533,2580.01,Normal
2026-02-25 13:45:00,P-102,63.23,5.074,229.5,31.06,1464.1,2.037,2580.02,Normal
2026-02-25 14:00:00,P-104,62.37,5.372,245.81,33.54,1442.7,2.127,2580.04,Normal
2026-02-25 14:15:00,P-104,66.17,5.441,246.31,33.98,1446.7,2.308,2580.05,Normal
2026-02-25 14:30:00,P-103,61.13,5.131,229.76,35.41,1496.3,2.144,2580.07,Normal
2026-02-25 14:45:00,P-102,64.95,5.563,240.04,36.29,1438.6,1.765,2580.08,Normal
2026-02-25 15:00:00,P-104,72.18,5.092,228.61,32.47,1454.6,2.483,2580.1,Normal
2026-02-25 15:15:00,P-104,65.79,5.081,220.65,33.42,1483.1,2.024,2580.11,Normal
2026-02-25 15:30:00,P-104,63.46,5.21,225.21,33.88,1437.0,1.946,2580.13,Normal
2026-02-25 15:45:00,P-101,64.77,4.991,203.93,26.67,1452.7,1.93,2580.14,Normal
2026-02-25 16:00:00,P-101,64.5,5.106,225.63,34.15,1449.7,1.972,2580.16,Normal
2026-02-25 16:15:00,P-101,67.86,5.127,209.53,32.02,1434.0,1.93,2580.18,Normal
2026-02-25 16:30:00,P-104,63.53,4.997,207.04,30.59,1463.9,1.999,2580.19,Normal
2026-02-25 16:45:00,P-103,68.43,,229.44,35.12,1429.9,1.789,2580.2,Normal
2026-02-25 17:00:00,P-102,64.45,5.079,226.67,29.34,1464.0,2.189,2580.22,Normal
2026-02-25 17:15:00,P-103,72.17,4.917,230.72,30.32,1457.7,2.185,2580.24,Normal
2026-02-25 17:30:00,P-101,67.03,4.888,212.34,30.91,1466.2,1.665,2580.25,Normal
2026-02-25 17:45:00,P-102,66.32,5.071,211.15,30.47,1446.5,2.092,2580.26,Normal
2026-02-25 18:00:00,P-103,66.55,5.118,217.03,32.2,1457.0,1.885,2580.28,Normal
2026-02-25 18:15:00,P-104,64.25,4.903,207.1,29.78,1468.5,1.84,2580.3,Normal
2026-02-25 18:30:00,P-103,64.44,4.832,202.25,29.89,1424.6,2.02,2580.31,Normal
2026-02-25 18:45:00,P-101,65.06,5.128,220.07,29.83,1428.2,2.153,2580.32,Normal
2026-02-25 19:00:00,P-101,67.85,4.958,191.24,26.12,1460.5,1.877,2580.34,Normal
2026-02-25 19:15:00,P-102,64.51,4.882,203.19,26.04,1464.8,1.669,2580.36,Normal
2026-02-25 19:30:00,P-104,60.57,5.045,190.81,27.76,1452.4,1.897,2580.37,Normal
2026-02-25 19:45:00,P-104,62.81,4.942,204.8,28.26,1466.6,1.98,2580.39,Normal
2026-02-25 20:00:00,P-101,66.94,5.056,191.93,26.7,1443.5,1.721,2580.4,Normal
2026-02-25 20:15:00,P-104,64.76,4.889,200.4,28.64,1472.8,1.736,2580.42,Normal
2026-02-25 20:30:00,P-101,66.47,4.995,212.27,30.17,1448.7,1.973,2580.43,Normal
2026-02-25 20:45:00,P-102,67.14,4.864,185.34,26.23,1436.0,1.945,2580.45,Normal
2026-02-25 21:00:00,P-101,63.24,4.753,196.0,28.98,1475.6,1.768,2580.46,Normal
2026-02-25 21:15:00,P-102,67.7,4.995,204.05,28.11,1464.9,2.008,2580.48,Normal
2026-02-25 21:30:00,P-103,62.37,4.866,184.82,26.78,1441.9,1.577,2580.49,Normal
2026-02-25 21:45:00,P-101,67.05,5.007,208.81,30.16,1442.3,1.988,2580.5,Normal
2026-02-25 22:00:00,P-104,63.1,4.733,194.37,26.63,1460.8,1.497,2580.52,Normal
2026-02-25 22:15:00,P-101,64.85,4.912,204.66,27.74,1432.0,1.981,2580.54,Normal
2026-02-25 22:30:00,P-104,66.07,4.879,191.15,26.9,1455.8,2.017,2580.55,Normal
2026-02-25 22:45:00,P-101,65.32,4.829,188.11,24.74,1447.0,1.798,2580.56,Normal
2026-02-25 23:00:00,P-101,62.79,4.793,184.48,24.38,1453.9,1.903,2580.58,Normal
2026-02-25 23:15:00,P-103,61.43,4.69,172.14,24.31,1413.6,1.81,2580.59,Normal
2026-02-25 23:30:00,P-101,66.44,4.61,188.7,24.09,1433.7,1.558,2580.61,Normal
2026-02-25 23:45:00,P-104,64.78,4.702,186.63,26.09,1454.6,1.642,2580.62,Normal
2026-02-26 00:00:00,P-104,61.63,4.754,187.77,23.66,1468.9,1.734,2580.64,Normal
2026-02-26 00:15:00,P-101,60.61,4.772,177.64,25.32,1447.6,1.755,2580.66,Normal
2026-02-26 00:30:00,P-102,64.2,4.764,179.61,26.63,1463.0,1.646,2580.67,Normal
2026-02-26 00:45:00,P-104,63.16,4.713,199.51,29.23,1423.3,1.643,2580.68,Normal
2026-02-26 01:00:00,P-104,62.61,4.801,198.57,25.79,1441.9,1.366,2580.7,Normal
2026-02-26 01:15:00,P-102,61.38,4.513,173.89,23.21,1455.0,2.071,2580.72,Normal
2026-02-26 01:30:00,P-102,61.74,4.493,181.07,24.28,1448.9,2.08,2580.73,Normal
2026-02-26 01:45:00,P-101,61.69,4.772,194.49,27.03,1463.7,1.689,2580.74,Normal
2026-02-26 02:00:00,P-104,65.38,5.037,200.32,27.86,1445.4,1.656,2580.76,Normal
2026-02-26 02:15:00,P-101,65.06,4.861,199.41,28.82,1445.6,2.161,2580.78,Normal
2026-02-26 02:30:00,P-101,61.21,4.872,183.51,24.84,1461.8,1.381,2580.79,Normal
2026-02-26 02:45:00,P-102,63.87,4.724,191.69,23.74,1440.3,2.014,2580.8,Normal
2026-02-26 03:00:00,P-102,60.2,4.699,182.11,25.13,1433.7,1.912,2580.82,Normal
2026-02-26 03:15:00,P-101,62.23,4.649,193.84,24.79,1458.4,1.782,2580.84,Normal
2026-02-26 03:30:00,P-101,64.56,4.908,208.98,28.78,1432.7,2.217,2580.85,Normal
2026-02-26 03:45:00,P-103,61.83,4.549,195.38,24.51,1475.5,1.676,2580.86,Normal
2026-02-26 04:00:00,P-103,61.41,4.504,186.0,25.85,1416.8,1.944,2580.88,Normal
2026-02-26 04:15:00,P-101,61.48,4.635,195.14,26.38,1444.6,1.806,2580.9,Normal
2026-02-26 04:30:00,P-102,65.4,4.903,206.45,27.88,1479.3,1.709,2580.91,Normal
2026-02-26 04:45:00,P-104,60.23,4.851,207.8,31.78,1485.6,2.327,2580.93,Normal
2026-02-26 05:00:00,P-104,,4.88,205.85,28.2,1448.4,1.832,2580.94,Normal
2026-02-26 05:15:00,P-101,61.5,5.072,219.42,31.12,1469.9,1.938,2580.96,Normal
2026-02-26 05:30:00,P-101,58.57,4.59,196.81,27.22,1464.0,1.997,2580.97,Normal
2026-02-26 05:45:00,P-103,57.72,5.069,230.85,31.64,1441.2,2.263,2580.98,Normal
2026-02-26 06:00:00,P-102,63.85,5.044,213.39,28.23,1458.4,1.724,2581.0,Normal
2026-02-26 06:15:00,P-103,59.59,5.166,223.7,30.19,1434.5,2.295,2581.02,Normal
2026-02-26 06:30:00,P-102,60.46,4.948,208.15,29.07,1421.9,1.923,2581.03,Normal
2026-02-26 06:45:00,P-104,58.26,5.017,213.67,32.03,1459.1,2.0,2581.04,Normal
2026-02-26 07:00:00,P-101,63.08,4.986,214.32,31.41,1460.1,2.011,2581.06,Normal
2026-02-26 07:15:00,P-103,60.94,5.151,224.72,31.76,1428.7,2.104,2581.07,Normal
2026-02-26 07:30:00,P-104,57.83,5.129,212.08,29.12,1447.4,1.673,2581.09,Normal
2026-02-26 07:45:00,P-103,62.36,5.125,230.56,33.87,1428.6,2.135,2581.1,Normal
2026-02-26 08:00:00,P-101,59.53,4.995,219.34,29.28,1441.7,2.042,2581.12,Normal
2026-02-26 08:15:00,P-104,61.4,5.233,229.34,33.05,1442.1,2.044,2581.14,Normal
2026-02-26 08:30:00,P-101,63.45,5.21,242.11,34.24,1463.3,2.173,2581.15,Normal
2026-02-26 08:45:00,P-104,65.46,5.291,236.97,36.62,1441.0,2.139,2581.16,Normal
2026-02-26 09:00:00,P-103,60.43,5.083,219.6,31.8,1427.3,2.062,2581.18,Normal
2026-02-26 09:15:00,P-104,61.54,,239.77,35.75,1480.9,2.246,2581.2,Normal
2026-02-26 09:30:00,P-101,64.35,5.426,249.57,37.82,1458.9,2.164,2581.21,Normal
2026-02-26 09:45:00,P-101,62.96,4.813,215.05,29.43,1466.1,1.891,2581.22,Normal
2026-02-26 10:00:00,P-104,67.21,5.316,230.21,33.65,1460.9,2.309,2581.24,Normal
2026-02-26 10:15:00,P-103,62.13,5.241,242.54,35.88,1466.9,2.005,2581.26,Normal
2026-02-26 10:30:00,P-103,62.88,4.968,236.84,35.19,1457.9,2.32,2581.27,Normal
2026-02-26 10:45:00,P-103,65.5,5.0,210.87,47.94,1458.4,5.851,2581.28,Normal
2026-02-26 11:00:00,P-104,69.38,5.311,248.82,37.61,1452.3,2.368,2581.3,Normal
2026-02-26 11:15:00,P-104,61.11,5.139,219.79,30.65,1442.1,2.343,2581.32,Normal
2026-02-26 11:30:00,P-101,62.76,5.31,238.94,34.91,1466.0,2.137,2581.33,Normal
2026-02-26 11:45:00,P-103,65.53,5.333,226.63,31.36,1445.2,2.314,2581.34,Normal
2026-02-26 12:00:00,P-103,64.27,5.119,235.53,37.7,1452.1,2.316,2581.36,Normal
2026-02-26 12:15:00,P-101,62.83,5.228,234.87,35.19,1456.7,2.155,2581.38,Normal
2026-02-26 12:30:00,P-102,65.15,5.264,237.22,33.23,1458.2,2.226,2581.39,Normal
2026-02-26 12:45:00,P-102,68.88,5.27,237.29,32.15,1431.7,2.112,2581.41,Normal
2026-02-26 13:00:00,P-103,63.56,5.382,256.44,36.19,1453.6,2.51,2581.42,Normal
2026-02-26 13:15:00,P-102,71.03,5.2,249.45,39.99,1431.6,2.303,2581.44,Normal
2026-02-26 13:30:00,P-103,63.18,4.965,217.5,32.39,1453.2,1.924,2581.45,Normal
2026-02-26 13:45:00,P-103,66.97,5.404,235.54,37.08,1464.0,2.082,2581.46,Normal
2026-02-26 14:00:00,P-101,68.56,5.072,222.97,31.95,1482.4,2.23,2581.48,Normal
2026-02-26 14:15:00,P-102,67.77,5.553,242.65,38.19,1460.4,2.025,2581.5,Normal
2026-02-26 14:30:00,P-102,64.73,4.946,220.43,29.76,1465.6,2.407,2581.51,Normal
2026-02-26 14:45:00,P-104,67.29,5.3,228.13,31.51,1430.4,2.31,2581.52,Normal
2026-02-26 15:00:00,P-101,65.47,5.035,227.61,30.79,1459.7,1.85,2581.54,Normal
2026-02-26 15:15:00,P-104,67.52,5.245,236.01,33.85,1429.9,2.233,2581.55,Normal
2026-02-26 15:30:00,P-104,66.33,5.128,227.53,31.93,1471.6,1.935,2581.57,Normal
2026-02-26 15:45:00,P-103,68.86,5.177,231.68,34.6,1430.8,1.959,2581.58,Normal
2026-02-26 16:00:00,P-104,63.48,5.176,227.61,33.1,1432.4,1.985,2581.6,Normal
2026-02-26 16:15:00,P-102,63.13,4.896,212.19,30.02,1463.6,1.846,2581.61,Normal
2026-02-26 16:30:00,P-101,64.11,5.235,226.67,32.78,1480.2,2.223,2581.63,Normal
2026-02-26 16:45:00,P-104,66.37,5.02,209.45,30.04,1469.0,2.08,2581.64,Normal
2026-02-26 17:00:00,P-101,64.2,5.166,228.66,33.75,1443.6,2.172,2581.66,Normal
2026-02-26 17:15:00,P-104,64.32,4.642,214.22,29.0,1432.2,1.973,2581.68,Normal
2026-02-26 17:30:00,P-103,62.55,4.821,201.97,28.79,1442.3,1.812,2581.69,Normal
2026-02-26 17:45:00,P-103,69.6,5.136,209.68,31.86,1452.3,1.896,2581.7,Normal
2026-02-26 18:00:00,P-103,65.28,5.17,214.55,31.56,1448.6,2.257,2581.72,Normal
2026-02-26 18:15:00,P-103,63.53,5.073,214.22,31.33,1431.5,1.915,2581.74,Normal
2026-02-26 18:30:00,P-104,66.49,4.923,207.54,29.08,1473.2,2.196,2581.75,Normal
2026-02-26 18:45:00,P-101,68.94,5.04,207.19,28.2,1473.5,1.778,2581.76,Normal
2026-02-26 19:00:00,P-102,67.23,5.093,213.1,29.82,1483.9,2.047,2581.78,Normal
2026-02-26 19:15:00,P-102,64.76,4.711,193.45,25.83,1420.1,1.916,2581.8,Normal
2026-02-26 19:30:00,P-101,67.83,4.904,190.19,26.0,1435.4,2.08,2581.81,Normal
2026-02-26 19:45:00,P-103,67.94,5.013,211.13,30.2,1454.5,2.109,2581.82,Normal
2026-02-26 20:00:00,P-102,64.62,4.744,190.76,24.17,1450.1,1.834,2581.84,Normal
2026-02-26 20:15:00,P-104,65.06,4.886,218.63,29.92,1441.9,1.97,2581.86,Normal
2026-02-26 20:30:00,P-101,66.6,4.896,204.94,27.79,1434.6,1.744,2581.87,Normal
2026-02-26 20:45:00,P-103,62.68,5.04,207.3,27.65,1432.0,1.881,2581.89,Normal
2026-02-26 21:00:00,P-104,63.82,4.887,201.53,25.55,1486.5,2.293,2581.9,Normal
2026-02-26 21:15:00,P-102,67.52,4.575,195.18,23.71,1424.3,1.662,2581.92,Normal
2026-02-26 21:30:00,P-103,66.24,4.585,184.09,24.05,1422.0,1.672,2581.93,Normal
2026-02-26 21:45:00,P-104,64.98,4.652,193.61,25.34,1428.6,1.573,2581.95,Normal
2026-02-26 22:00:00,P-102,58.84,4.558,193.47,23.21,1453.5,1.631,2581.96,Normal
2026-02-26 22:15:00,P-102,61.55,4.518,195.16,26.5,1445.1,1.635,2581.98,Normal
2026-02-26 22:30:00,P-102,62.82,5.02,196.16,29.05,1457.4,1.641,2581.99,Normal
2026-02-26 22:45:00,P-102,64.35,4.742,201.99,29.42,1437.3,1.956,2582.0,Normal
2026-02-26 23:00:00,P-102,60.8,4.646,190.66,25.82,1451.6,1.96,2582.02,Normal
2026-02-26 23:15:00,P-102,63.32,4.555,196.84,26.64,1451.5,1.922,2582.04,Normal
2026-02-26 23:30:00,P-104,66.47,4.78,184.35,25.44,1478.3,1.6,2582.05,Normal
2026-02-26 23:45:00,P-104,63.12,4.647,189.33,24.67,1482.0,1.469,2582.06,Normal
2026-02-27 00:00:00,P-102,63.41,4.701,196.63,26.56,1447.3,1.46,2582.08,Normal
2026-02-27 00:15:00,P-104,59.75,4.63,195.19,24.84,1465.4,1.558,2582.09,Normal
2026-02-27 00:30:00,P-102,58.81,4.797,189.81,25.63,1452.9,1.633,2582.11,Normal
2026-02-27 00:45:00,P-102,58.36,4.552,180.66,22.8,1463.9,1.657,2582.12,Normal
2026-02-27 01:00:00,P-103,57.38,4.391,182.3,24.33,1456.9,1.8,2582.14,Normal
2026-02-27 01:15:00,P-101,62.47,4.617,195.05,23.55,1463.2,1.778,2582.16,Normal
2026-02-27 01:30:00,P-101,63.24,4.639,202.35,27.07,1465.4,2.152,2582.17,Normal
2026-02-27 01:45:00,P-103,58.46,4.672,173.8,21.57,1457.6,2.175,2582.18,Normal
2026-02-27 02:00:00,P-101,62.29,4.908,198.65,27.01,1452.5,1.845,2582.2,Normal
2026-02-27 02:15:00,P-104,64.01,4.873,197.25,23.84,1468.8,1.454,2582.22,Normal
2026-02-27 02:30:00,P-102,65.49,4.561,199.57,27.55,1447.6,1.742,2582.23,Normal
2026-02-27 02:45:00,P-101,64.05,4.969,211.57,28.5,1439.6,1.882,2582.24,Normal
2026-02-27 03:00:00,P-103,61.36,4.778,205.62,27.64,1422.0,2.025,2582.26,Normal
2026-02-27 03:15:00,P-102,63.3,5.214,199.52,28.34,1457.7,1.669,2582.28,Normal
2026-02-27 03:30:00,P-101,65.6,5.143,209.18,28.83,1462.5,1.693,2582.29,Normal
2026-02-27 03:45:00,P-101,55.82,4.961,188.98,27.36,1419.0,1.885,2582.3,Normal
2026-02-27 04:00:00,P-101,63.22,4.843,186.05,26.67,1439.0,1.732,2582.32,Normal
2026-02-27 04:15:00,P-103,58.99,4.831,200.08,25.84,1463.5,1.756,2582.34,Normal
2026-02-27 04:30:00,P-102,59.43,4.795,208.02,26.23,1447.4,1.737,2582.35,Normal
2026-02-27 04:45:00,P-102,57.95,4.599,187.04,24.08,1451.0,1.708,2582.36,Normal
2026-02-27 05:00:00,P-103,61.4,4.785,208.16,27.98,1466.4,1.957,2582.38,Normal
2026-02-27 05:15:00,P-102,57.98,4.942,204.4,26.57,1448.1,1.48,2582.4,Normal
2026-02-27 05:30:00,P-102,61.05,5.193,218.33,29.77,1456.9,2.006,2582.41,Normal
2026-02-27 05:45:00,P-102,62.5,4.941,202.95,29.22,1430.5,2.113,2582.43,Normal
2026-02-27 06:00:00,P-102,61.04,4.829,208.87,28.47,1456.3,2.024,2582.44,Normal
2026-02-27 06:15:00,P-102,62.55,4.863,216.61,30.73,1425.9,2.406,2582.46,Normal
2026-02-27 06:30:00,P-101,61.22,5.1,221.25,32.1,1426.7,1.968,2582.47,Normal
2026-02-27 06:45:00,P-103,62.22,5.101,211.87,29.42,1440.9,1.952,2582.48,Normal
2026-02-27 07:00:00,P-102,63.38,5.149,211.01,30.62,1459.9,2.226,2582.5,Normal
2026-02-27 07:15:00,P-101,61.81,5.022,196.47,27.97,1450.9,1.914,2582.52,Normal
2026-02-27 07:30:00,P-101,61.72,5.025,208.99,29.54,1435.8,2.254,2582.53,Normal
2026-02-27 07:45:00,P-103,,5.033,209.83,31.45,1465.8,2.162,2582.54,Normal
2026-02-27 08:00:00,P-103,64.03,5.266,219.46,28.99,1455.7,2.1,2582.56,Normal
2026-02-27 08:15:00,P-102,67.24,4.902,213.11,30.43,1468.8,2.021,2582.57,Normal
2026-02-27 08:30:00,P-103,64.59,5.035,215.91,31.16,1434.0,2.017,2582.59,Normal
2026-02-27 08:45:00,P-104,61.24,5.243,221.1,31.05,1475.8,2.019,2582.6,Normal
2026-02-27 09:00:00,P-103,60.86,5.047,226.66,32.74,1478.5,1.965,2582.62,Normal
2026-02-27 09:15:00,P-101,62.7,5.207,225.05,34.83,1466.4,2.263,2582.64,Normal
2026-02-27 09:30:00,P-103,62.7,5.296,233.2,35.21,1458.8,2.492,2582.65,Normal
2026-02-27 09:45:00,P-104,64.39,5.206,227.36,32.21,1458.9,1.804,2582.66,Normal
2026-02-27 10:00:00,P-101,60.51,5.203,228.27,31.68,1456.0,2.256,2582.68,Normal
2026-02-27 10:15:00,P-103,65.69,5.339,230.0,31.58,1425.3,2.148,2582.7,Normal
2026-02-27 10:30:00,P-102,60.39,5.24,224.4,34.2,1439.2,2.31,2582.71,Normal
2026-02-27 10:45:00,P-101,60.05,5.356,235.2,33.19,1448.1,2.021,2582.72,Normal
2026-02-27 11:00:00,P-104,63.96,5.126,237.2,33.71,1431.5,2.126,2582.74,Normal
2026-02-27 11:15:00,P-104,63.8,5.344,247.09,35.09,1475.8,2.47,2582.76,Normal
2026-02-27 11:30:00,P-104,62.51,5.599,251.36,35.99,1459.0,,2582.77,Normal
2026-02-27 11:45:00,P-101,62.44,5.384,223.92,31.62,1482.1,2.249,2582.78,Normal
2026-02-27 12:00:00,P-104,63.84,5.148,247.77,34.13,1464.2,2.095,2582.8,Normal
2026-02-27 12:15:00,P-101,65.67,5.296,240.18,36.05,1424.9,2.162,2582.82,Normal
2026-02-27 12:30:00,P-102,63.14,5.181,230.05,34.45,1473.5,2.202,2582.83,Normal
2026-02-27 12:45:00,P-101,64.96,5.361,239.78,36.58,1441.9,2.28,2582.84,Normal
2026-02-27 13:00:00,P-103,65.38,5.369,231.4,32.55,1474.6,2.293,2582.86,Normal
2026-02-27 13:15:00,P-101,66.63,5.319,221.87,31.87,1477.1,,2582.88,Normal
2026-02-27 13:30:00,P-102,69.45,5.265,229.37,35.93,1474.3,2.174,2582.89,Normal
2026-02-27 13:45:00,P-104,66.45,5.366,237.97,34.4,1469.3,2.329,2582.91,Normal
2026-02-27 14:00:00,P-103,66.33,5.261,232.38,34.02,1457.8,2.382,2582.92,Normal
2026-02-27 14:15:00,P-102,65.7,5.189,225.03,33.26,1449.8,1.976,2582.94,Normal
2026-02-27 14:30:00,P-102,66.65,4.916,229.25,31.96,1483.9,2.294,2582.95,Normal
2026-02-27 14:45:00,P-101,67.72,5.35,243.18,33.7,1454.9,2.014,2582.96,Normal
2026-02-27 15:00:00,P-104,69.26,5.23,226.07,33.87,1443.1,2.142,2582.98,Normal
2026-02-27 15:15:00,P-103,62.44,5.21,226.02,34.06,1458.0,2.159,2583.0,Normal
2026-02-27 15:30:00,P-104,66.3,5.049,235.83,32.65,1470.7,2.023,2583.01,Normal
2026-02-27 15:45:00,P-103,66.23,5.251,218.49,31.42,1470.0,1.979,2583.02,Normal
2026-02-27 16:00:00,P-101,65.69,5.043,216.57,28.96,1430.5,1.698,2583.04,Normal
2026-02-27 16:15:00,P-104,62.51,4.754,209.04,28.06,1469.4,2.057,2583.05,Normal
2026-02-27 16:30:00,P-104,64.21,4.968,227.75,30.89,1462.4,2.033,2583.07,Normal
2026-02-27 16:45:00,P-103,67.23,5.029,217.35,27.92,1443.8,1.958,2583.08,Normal
2026-02-27 17:00:00,P-103,64.97,5.137,219.67,29.53,1435.2,1.932,2583.1,Normal
2026-02-27 17:15:00,P-101,62.96,5.001,222.27,30.46,1475.7,2.168,2583.11,Normal
2026-02-27 17:30:00,P-103,68.86,5.115,225.94,32.05,1477.5,2.073,2583.13,Normal
2026-02-27 17:45:00,P-101,66.3,4.959,191.7,27.97,1478.3,1.713,2583.14,Normal
2026-02-27 18:00:00,P-103,65.98,4.981,217.38,28.87,1426.5,1.956,2583.16,Normal
2026-02-27 18:15:00,P-104,65.71,5.019,221.89,31.9,1446.2,1.882,2583.18,Normal
2026-02-27 18:30:00,P-102,67.41,5.204,225.66,29.39,1451.0,2.063,2583.19,Normal
2026-02-27 18:45:00,P-104,69.58,5.107,223.89,31.02,1477.0,2.127,2583.2,Normal
2026-02-27 19:00:00,P-103,62.65,4.999,207.1,26.28,1464.5,1.988,2583.22,Normal
2026-02-27 19:15:00,P-101,61.43,4.693,193.72,25.72,1446.0,1.94,2583.24,Normal
2026-02-27 19:30:00,P-102,64.91,4.772,208.43,28.89,1452.9,2.145,2583.25,Normal
2026-02-27 19:45:00,P-104,65.3,4.846,192.74,27.85,1462.8,1.744,2583.26,Normal
2026-02-27 20:00:00,P-104,64.76,4.997,215.49,28.46,1463.5,1.845,2583.28,Normal
2026-02-27 20:15:00,P-101,66.04,4.888,193.07,26.0,1480.2,1.518,2583.3,Normal
2026-02-27 20:30:00,P-103,67.27,4.86,203.98,28.27,1476.2,1.792,2583.31,Normal
2026-02-27 20:45:00,P-102,65.62,4.753,195.62,29.23,1472.4,1.761,2583.32,Normal
2026-02-27 21:00:00,P-101,66.14,4.705,196.95,26.72,1436.2,1.985,2583.34,Normal
2026-02-27 21:15:00,P-101,65.55,4.809,202.44,26.77,1437.3,1.957,2583.36,Normal
2026-02-27 21:30:00,P-102,63.83,4.703,182.33,24.87,1432.2,2.073,2583.37,Normal
2026-02-27 21:45:00,P-104,60.09,4.757,180.08,23.02,1457.6,1.659,2583.39,Normal
2026-02-27 22:00:00,P-104,63.16,4.825,208.75,39.22,1441.5,6.511,2583.4,Normal
2026-02-27 22:15:00,P-102,63.04,4.904,209.52,30.88,1460.7,2.101,2583.42,Normal
2026-02-27 22:30:00,P-104,63.66,5.007,190.66,23.03,1463.3,2.253,2583.43,Normal
2026-02-27 22:45:00,P-101,62.72,4.781,183.47,23.08,1454.4,1.809,2583.45,Normal
2026-02-27 23:00:00,P-103,59.33,4.534,188.97,25.79,1466.3,1.751,2583.46,Normal
2026-02-27 23:15:00,P-104,63.65,4.927,199.98,26.33,1438.9,1.857,2583.48,Normal
2026-02-27 23:30:00,P-102,62.13,4.688,195.4,27.58,1423.9,1.966,2583.49,Normal
2026-02-27 23:45:00,P-102,59.23,4.539,174.65,21.3,1437.8,1.975,2583.5,Normal
2026-02-28 00:00:00,P-102,61.01,4.65,184.12,25.66,1465.6,1.716,2583.52,Normal
2026-02-28 00:15:00,P-103,60.04,4.709,192.76,26.52,1483.7,1.684,2583.54,Normal
2026-02-28 00:30:00,P-103,64.28,4.854,188.86,26.59,1477.2,2.325,2583.55,Normal
2026-02-28 00:45:00,P-104,61.34,4.687,179.44,23.79,1447.0,1.58,2583.56,Normal
2026-02-28 01:00:00,P-102,62.25,4.642,171.87,23.38,1467.9,1.866,2583.58,Normal
2026-02-28 01:15:00,P-102,61.31,4.722,189.25,24.94,1425.7,1.922,2583.59,Normal
2026-02-28 01:30:00,P-103,61.72,4.867,203.09,25.66,1478.5,1.939,2583.61,Normal
2026-02-28 01:45:00,P-103,65.52,4.73,193.46,26.3,1460.1,1.593,2583.62,Normal
2026-02-28 02:00:00,P-103,58.16,4.606,191.75,27.54,1464.9,2.336,2583.64,Normal
2026-02-28 02:15:00,P-101,63.66,4.761,186.79,24.16,1416.3,1.834,2583.66,Normal
2026-02-28 02:30:00,P-102,64.05,4.691,172.94,23.26,1459.1,1.694,2583.67,Normal
2026-02-28 02:45:00,P-104,63.69,4.774,199.82,26.67,1484.0,1.667,2583.68,Normal
2026-02-28 03:00:00,P-101,60.64,4.763,204.17,27.17,1456.1,1.514,2583.7,Normal
2026-02-28 03:15:00,P-102,64.54,4.788,197.42,25.92,1449.2,2.017,2583.72,Normal
2026-02-28 03:30:00,P-103,61.55,4.911,204.11,30.7,1446.3,1.81,2583.73,Normal
2026-02-28 03:45:00,P-102,58.37,4.936,196.68,24.86,1437.9,1.768,2583.74,Normal
2026-02-28 04:00:00,P-103,59.5,5.036,189.75,26.88,1452.5,1.748,2583.76,Normal
2026-02-28 04:15:00,P-103,59.73,4.538,210.34,26.92,1429.0,2.007,2583.78,Normal
2026-02-28 04:30:00,P-103,58.25,4.874,212.56,27.67,1459.0,1.947,2583.79,Normal
2026-02-28 04:45:00,P-104,64.0,5.068,210.21,30.19,1470.9,2.105,2583.8,Normal
2026-02-28 05:00:00,P-103,59.01,4.857,210.52,26.12,1443.2,2.064,2583.82,Normal
2026-02-28 05:15:00,P-102,59.96,4.939,190.89,26.36,1457.8,1.756,2583.84,Normal
2026-02-28 05:30:00,P-103,57.85,5.139,201.0,28.97,1449.7,1.718,2583.85,Normal
2026-02-28 05:45:00,P-101,61.25,4.803,208.05,29.01,1458.0,1.952,2583.86,Normal
2026-02-28 06:00:00,P-104,59.4,5.07,224.07,32.26,1467.3,2.129,2583.88,Normal
2026-02-28 06:15:00,P-103,58.94,5.258,217.12,29.93,1458.4,2.035,2583.9,Normal
2026-02-28 06:30:00,P-103,61.46,4.898,218.35,31.93,1466.4,1.695,2583.91,Normal
2026-02-28 06:45:00,P-101,64.0,5.038,213.27,31.75,1460.3,2.045,2583.93,Normal
2026-02-28 07:00:00,P-101,62.3,4.969,216.47,30.51,1466.4,1.835,2583.94,Normal
2026-02-28 07:15:00,P-102,62.1,,211.08,30.99,1456.6,1.999,2583.96,Normal
2026-02-28 07:30:00,P-101,61.73,5.242,219.49,30.2,1456.9,2.24,2583.97,Normal
2026-02-28 07:45:00,P-102,60.86,5.079,215.41,31.24,1463.4,1.591,2583.98,Normal
2026-02-28 08:00:00,P-104,65.31,5.261,239.53,34.12,1449.6,2.443,2584.0,Normal
2026-02-28 08:15:00,P-102,62.18,5.035,233.47,34.61,1459.0,1.972,2584.02,Normal
2026-02-28 08:30:00,P-103,64.77,5.362,232.51,33.22,1434.9,2.307,2584.03,Normal
2026-02-28 08:45:00,P-102,65.6,5.14,222.85,33.68,1418.3,2.273,2584.04,Normal
2026-02-28 09:00:00,P-102,60.78,5.136,231.54,33.07,1452.6,2.048,2584.06,Normal
2026-02-28 09:15:00,P-103,60.23,5.176,221.66,31.48,1436.5,2.121,2584.07,Normal
2026-02-28 09:30:00,P-104,61.68,5.188,228.95,33.49,1485.6,1.984,2584.09,Normal
2026-02-28 09:45:00,P-101,60.12,5.324,234.47,34.71,1436.5,1.825,2584.1,Normal
2026-02-28 10:00:00,P-104,62.61,5.297,240.25,32.91,1464.6,2.354,2584.12,Normal
2026-02-28 10:15:00,P-103,66.91,5.279,231.08,35.61,1438.0,2.047,2584.14,Normal
2026-02-28 10:30:00,P-101,62.34,5.34,243.05,34.12,1450.4,2.526,2584.15,Normal
2026-02-28 10:45:00,P-102,66.29,5.029,223.45,29.9,1430.7,2.268,2584.16,Normal
2026-02-28 11:00:00,P-101,62.62,5.151,230.96,35.73,1429.0,1.961,2584.18,Normal
2026-02-28 11:15:00,P-103,70.33,5.495,247.2,36.06,1455.9,2.35,2584.2,Normal
2026-02-28 11:30:00,P-101,63.74,5.199,243.02,35.49,1443.6,2.3,2584.21,Normal
2026-02-28 11:45:00,P-102,64.06,5.118,237.97,31.8,1464.2,2.446,2584.22,Normal
2026-02-28 12:00:00,P-101,62.8,5.125,240.21,33.99,1473.2,2.066,2584.24,Normal
2026-02-28 12:15:00,P-101,63.46,5.249,241.53,42.72,1422.1,4.297,2584.26,Normal
2026-02-28 12:30:00,P-102,68.2,5.409,235.07,35.02,1469.7,2.238,2584.27,Normal
2026-02-28 12:45:00,P-103,66.85,5.343,243.94,34.0,1432.7,2.188,2584.28,Normal
2026-02-28 13:00:00,P-103,70.08,5.198,259.6,38.54,1444.0,2.056,2584.3,Normal
2026-02-28 13:15:00,P-101,62.95,5.321,235.4,35.22,1424.8,2.345,2584.32,Normal
2026-02-28 13:30:00,P-102,67.84,5.226,241.17,35.77,1425.3,2.474,2584.33,Normal
2026-02-28 13:45:00,P-102,62.27,5.121,219.87,31.48,1415.0,2.068,2584.34,Normal
2026-02-28 14:00:00,P-102,62.66,5.142,236.66,34.11,1442.7,1.878,2584.36,Normal
2026-02-28 14:15:00,P-102,67.77,5.202,247.02,35.86,1451.1,2.183,2584.38,Normal
2026-02-28 14:30:00,P-101,67.1,5.212,233.53,36.01,1443.3,1.983,2584.39,Normal
2026-02-28 14:45:00,P-104,62.48,4.725,192.62,25.96,1417.8,1.805,2584.41,Normal
2026-02-28 15:00:00,P-102,68.57,5.259,240.1,35.2,1414.8,2.181,2584.42,Normal
2026-02-28 15:15:00,P-103,70.09,5.214,251.09,37.17,1450.2,2.332,2584.44,Normal
2026-02-28 15:30:00,P-103,67.93,4.82,212.43,27.44,1464.2,2.223,2584.45,Normal
2026-02-28 15:45:00,P-103,65.28,5.345,241.83,35.57,1454.5,2.284,2584.46,Normal
2026-02-28 16:00:00,P-104,67.36,4.989,208.27,26.88,1483.6,1.713,2584.48,Normal
2026-02-28 16:15:00,P-101,71.55,5.243,230.06,32.24,1449.3,2.239,2584.5,Normal
2026-02-28 16:30:00,P-102,65.75,4.995,222.07,31.04,1455.7,1.997,2584.51,Normal
2026-02-28 16:45:00,P-102,60.76,4.756,203.25,27.67,1449.6,1.866,2584.52,Normal
2026-02-28 17:00:00,P-104,63.88,4.998,220.19,29.81,1435.9,2.051,2584.54,Normal
2026-02-28 17:15:00,P-101,66.5,5.233,235.07,32.59,1447.0,2.108,2584.55,Normal
2026-02-28 17:30:00,P-102,71.19,4.939,216.29,30.65,1465.1,2.208,2584.57,Normal
2026-02-28 17:45:00,P-103,66.93,5.146,219.0,32.2,1465.8,2.116,2584.58,Normal
2026-02-28 18:00:00,P-101,64.57,5.009,218.44,28.26,1456.4,1.742,2584.6,Normal
2026-02-28 18:15:00,P-101,63.03,4.933,185.97,27.86,1478.5,1.586,2584.61,Normal
2026-02-28 18:30:00,P-104,63.83,5.125,215.81,30.63,1458.2,2.115,2584.63,Normal
2026-02-28 18:45:00,P-101,69.51,5.14,218.55,31.55,1455.9,2.147,2584.64,Normal
2026-02-28 19:00:00,P-101,66.71,4.826,215.16,31.78,1477.0,2.228,2584.66,Normal
2026-02-28 19:15:00,P-102,68.61,4.778,181.86,27.38,1437.1,1.785,2584.68,Normal
2026-02-28 19:30:00,P-102,65.66,4.744,188.43,25.26,1475.7,1.871,2584.69,Normal
2026-02-28 19:45:00,P-103,66.56,4.73,194.45,25.37,1432.5,1.936,2584.7,Normal
2026-02-28 20:00:00,P-102,63.38,4.855,187.92,25.38,1445.2,1.515,2584.72,Normal
2026-02-28 20:15:00,P-102,62.83,4.806,203.34,25.4,1416.9,1.592,2584.74,Normal
2026-02-28 20:30:00,P-103,63.46,4.778,188.81,25.84,1454.5,2.026,2584.75,Normal
2026-02-28 20:45:00,P-101,60.56,4.798,183.5,25.96,1473.9,1.842,2584.76,Normal
2026-02-28 21:00:00,P-102,67.39,4.8,200.29,28.22,1433.1,2.142,2584.78,Normal
2026-02-28 21:15:00,P-103,64.21,4.752,198.28,26.02,1444.9,2.213,2584.8,Normal
2026-02-28 21:30:00,P-102,65.93,4.571,188.25,28.87,1446.0,1.75,2584.81,Normal
2026-02-28 21:45:00,P-102,64.29,4.632,186.1,23.84,1446.1,1.757,2584.82,Normal
2026-02-28 22:00:00,P-103,61.56,4.473,167.0,23.47,1431.1,1.463,2584.84,Normal
2026-02-28 22:15:00,P-104,60.9,4.772,188.4,24.01,1450.7,1.892,2584.86,Normal
2026-02-28 22:30:00,P-103,64.26,4.599,184.47,27.49,1478.3,1.444,2584.87,Normal
2026-02-28 22:45:00,P-101,63.07,4.507,192.22,24.86,1441.0,1.645,2584.89,Normal
2026-02-28 23:00:00,P-103,65.54,4.78,186.78,25.38,1454.1,1.884,2584.9,Normal
2026-02-28 23:15:00,P-103,61.68,4.651,193.45,23.28,1454.0,1.7,2584.92,Normal
2026-02-28 23:30:00,P-102,,4.677,185.26,27.14,1442.9,1.777,2584.93,Normal
2026-02-28 23:45:00,P-103,66.54,4.88,189.99,24.7,1455.0,1.78,2584.95,Normal
2026-03-01 00:00:00,P-101,64.0,4.799,194.54,27.1,1443.1,1.66,2584.96,Normal
2026-03-01 00:15:00,P-104,63.97,4.873,184.73,24.87,1457.5,1.423,2584.98,Normal
2026-03-01 00:30:00,P-101,63.72,4.723,189.17,24.86,1448.7,1.947,2584.99,Normal
2026-03-01 00:45:00,P-104,66.02,4.809,192.35,22.13,1424.7,1.76,2585.0,Normal
2026-03-01 01:00:00,P-102,62.1,4.585,175.34,23.92,1417.6,1.828,2585.02,Normal
2026-03-01 01:15:00,P-102,63.74,4.774,189.89,25.71,1411.5,1.83,2585.04,Normal
2026-03-01 01:30:00,P-102,61.02,4.559,190.09,24.89,1442.6,1.767,2585.05,Normal
2026-03-01 01:45:00,P-103,60.12,4.665,197.34,28.63,1465.0,1.871,2585.06,Normal
2026-03-01 02:00:00,P-103,58.73,4.712,197.77,26.42,1436.9,1.791,2585.08,Normal
2026-03-01 02:15:00,P-102,63.77,4.559,188.87,26.34,1445.6,1.751,2585.09,Normal
2026-03-01 02:30:00,P-104,58.65,4.745,183.32,25.07,1438.2,1.637,2585.11,Normal
2026-03-01 02:45:00,P-104,62.27,4.685,183.91,23.78,1435.0,2.261,2585.12,Normal
2026-03-01 03:00:00,P-102,60.45,4.659,179.68,23.53,1489.6,1.935,2585.14,Normal
2026-03-01 03:15:00,P-103,63.32,4.669,202.89,26.27,1435.6,2.153,2585.16,Normal
2026-03-01 03:30:00,P-104,59.98,4.911,197.82,27.09,1425.7,2.113,2585.17,Normal
2026-03-01 03:45:00,P-101,59.9,5.1,203.85,27.78,1433.9,1.881,2585.18,Normal
2026-03-01 04:00:00,P-102,61.2,4.966,197.48,24.46,1451.3,1.825,2585.2,Normal
2026-03-01 04:15:00,P-101,61.9,5.25,217.08,32.13,1439.7,2.015,2585.22,Normal
2026-03-01 04:30:00,P-103,57.79,4.838,197.44,27.08,1455.1,1.823,2585.23,Normal
2026-03-01 04:45:00,P-104,64.33,4.762,192.07,26.37,1436.9,2.028,2585.24,Normal
2026-03-01 05:00:00,P-104,58.24,4.869,202.38,25.55,1439.4,1.727,2585.26,Normal
2026-03-01 05:15:00,P-103,57.17,4.733,198.36,25.46,1437.3,1.649,2585.28,Normal
2026-03-01 05:30:00,P-104,61.81,4.864,216.38,30.52,1448.4,1.815,2585.29,Normal
2026-03-01 05:45:00,P-104,65.02,5.174,219.93,30.18,1462.8,1.992,2585.3,Normal
2026-03-01 06:00:00,P-104,56.88,4.996,220.54,30.86,1464.7,1.931,2585.32,Normal
2026-03-01 06:15:00,P-104,62.95,4.731,200.79,27.99,1475.3,1.827,2585.34,Normal
2026-03-01 06:30:00,P-104,60.91,5.107,232.25,38.18,1426.4,7.25,2585.35,Normal
2026-03-01 06:45:00,P-101,61.65,4.966,212.54,29.63,1431.3,1.784,2585.36,Normal
2026-03-01 07:00:00,P-103,59.77,5.017,210.35,30.64,1433.5,2.144,2585.38,Normal
2026-03-01 07:15:00,P-101,67.3,5.189,240.95,33.79,1449.9,1.927,2585.4,Normal
2026-03-01 07:30:00,P-101,62.63,5.297,225.45,33.13,1430.6,1.877,2585.41,Normal
2026-03-01 07:45:00,P-104,62.32,5.133,243.98,34.63,1437.6,2.076,2585.43,Normal
2026-03-01 08:00:00,P-103,61.61,5.109,221.07,33.65,1462.3,2.06,2585.44,Normal
2026-03-01 08:15:00,P-103,62.05,4.979,230.49,30.35,1469.3,2.211,2585.46,Normal
2026-03-01 08:30:00,P-104,62.21,5.23,232.01,31.73,1462.5,2.039,2585.47,Normal
2026-03-01 08:45:00,P-103,61.84,4.914,205.82,28.45,1455.8,1.699,2585.48,Normal
2026-03-01 09:00:00,P-103,62.46,5.095,226.63,32.59,1438.1,2.178,2585.5,Normal
2026-03-01 09:15:00,P-102,60.89,5.402,246.94,36.49,1450.4,2.268,2585.52,Normal
2026-03-01 09:30:00,P-102,62.86,5.397,234.48,35.35,1470.5,2.054,2585.53,Normal
2026-03-01 09:45:00,P-101,64.61,5.373,235.04,35.15,1461.9,2.162,2585.54,Normal
2026-03-01 10:00:00,P-102,61.07,4.917,217.07,31.96,1465.9,2.334,2585.56,Normal
2026-03-01 10:15:00,P-101,65.31,5.291,232.38,35.67,1467.1,1.999,2585.57,Normal
2026-03-01 10:30:00,P-101,64.8,5.343,245.0,35.27,1444.1,2.38,2585.59,Normal
2026-03-01 10:45:00,P-101,63.91,5.258,236.29,34.64,1461.4,2.404,2585.6,Normal
2026-03-01 11:00:00,P-102,66.96,5.254,235.73,34.99,1443.2,2.196,2585.62,Normal
2026-03-01 11:15:00,P-101,59.83,5.317,222.37,34.27,1460.7,1.888,2585.64,Normal
2026-03-01 11:30:00,P-102,63.85,5.44,247.21,35.54,1472.1,2.446,2585.65,Normal
2026-03-01 11:45:00,P-104,64.62,5.065,204.41,30.29,1478.0,2.137,2585.66,Normal
2026-03-01 12:00:00,P-103,69.27,5.299,247.86,35.67,1460.7,2.282,2585.68,Normal
2026-03-01 12:15:00,P-104,72.41,5.743,254.74,39.72,1457.1,2.304,2585.7,Normal
2026-03-01 12:30:00,P-101,63.98,5.054,228.35,31.07,1475.0,2.276,2585.71,Normal
2026-03-01 12:45:00,P-104,66.17,5.019,238.04,33.74,1434.4,1.989,2585.72,Normal
2026-03-01 13:00:00,P-101,67.32,5.198,231.17,34.42,1476.0,2.308,2585.74,Normal
2026-03-01 13:15:00,P-101,68.06,5.191,228.99,34.05,1452.4,2.065,2585.76,Normal
2026-03-01 13:30:00,P-101,67.42,5.469,241.38,35.17,1452.5,1.907,2585.77,Normal
2026-03-01 13:45:00,P-103,68.39,5.193,236.4,33.45,1441.9,1.989,2585.78,Normal
2026-03-01 14:00:00,P-101,67.19,5.276,228.45,31.73,1428.9,2.218,2585.8,Normal
2026-03-01 14:15:00,P-101,68.01,5.089,242.08,36.12,1476.5,2.217,2585.82,Normal
2026-03-01 14:30:00,P-103,64.23,5.315,228.58,34.81,1457.3,2.204,2585.83,Normal
2026-03-01 14:45:00,P-101,68.45,5.467,256.52,36.66,1443.4,2.24,2585.84,Normal
2026-03-01 15:00:00,P-104,65.37,5.141,236.03,33.56,1456.3,2.154,2585.86,Normal
2026-03-01 15:15:00,P-101,64.0,5.421,233.04,32.84,1443.9,2.223,2585.88,Normal
2026-03-01 15:30:00,P-104,61.32,5.109,210.1,31.33,1419.3,2.412,2585.89,Normal
2026-03-01 15:45:00,P-103,65.11,4.946,226.72,31.27,1446.8,1.977,2585.91,Normal
2026-03-01 16:00:00,P-104,67.0,5.195,237.42,34.76,1424.7,2.323,2585.92,Normal
2026-03-01 16:15:00,P-102,65.59,5.298,208.65,29.16,1454.3,2.096,2585.94,Normal
2026-03-01 16:30:00,P-101,65.84,5.117,201.35,36.47,1478.5,6.665,2585.95,Normal
2026-03-01 16:45:00,P-103,66.99,5.17,225.47,32.24,1438.5,1.806,2585.96,Normal
2026-03-01 17:00:00,P-104,67.19,4.942,233.86,34.54,1464.2,2.359,2585.98,Normal
2026-03-01 17:15:00,P-104,64.51,5.186,209.92,29.18,1438.5,2.062,2586.0,Normal
2026-03-01 17:30:00,P-103,68.06,4.899,207.68,31.14,1449.6,1.877,2586.01,Normal
2026-03-01 17:45:00,P-102,64.47,4.979,202.01,25.87,1434.2,1.721,2586.02,Normal
2026-03-01 18:00:00,P-101,65.75,4.924,210.11,27.62,1461.1,2.054,2586.04,Normal
2026-03-01 18:15:00,P-101,66.4,5.071,220.11,30.45,1474.2,1.839,2586.05,Normal
2026-03-01 18:30:00,P-101,62.9,4.698,204.0,26.86,1453.5,1.747,2586.07,Normal
2026-03-01 18:45:00,P-104,65.87,4.976,218.65,28.76,1459.6,1.907,2586.08,Normal
2026-03-01 19:00:00,P-104,65.35,5.044,207.55,27.28,1459.6,1.988,2586.1,Normal
2026-03-01 19:15:00,P-103,66.16,4.827,214.52,29.36,1445.5,2.098,2586.11,Normal
2026-03-01 19:30:00,P-102,67.61,5.204,212.77,28.02,1473.5,1.889,2586.13,Normal
2026-03-01 19:45:00,P-101,66.98,4.786,207.19,30.24,1440.7,1.901,2586.14,Normal
2026-03-01 20:00:00,P-104,69.22,4.752,206.59,28.13,1421.7,1.941,2586.16,Normal
2026-03-01 20:15:00,P-103,68.64,4.973,201.67,29.28,1433.4,1.797,2586.18,Normal
2026-03-01 20:30:00,P-101,67.7,4.797,178.56,24.29,1461.1,1.656,2586.19,Normal
2026-03-01 20:45:00,P-102,64.74,4.618,188.08,26.17,1443.0,1.687,2586.2,Normal
2026-03-01 21:00:00,P-102,65.22,4.584,185.12,24.14,1451.7,1.86,2586.22,Normal
2026-03-01 21:15:00,P-104,63.32,4.645,179.64,25.82,1445.7,2.126,2586.24,Normal
2026-03-01 21:30:00,P-103,66.5,4.667,194.28,24.65,1453.3,1.636,2586.25,Normal
2026-03-01 21:45:00,P-103,62.99,4.812,195.92,27.23,1469.7,1.893,2586.26,Normal
2026-03-01 22:00:00,P-104,61.73,4.828,205.32,28.66,1477.5,1.85,2586.28,Normal
2026-03-01 22:15:00,P-102,68.16,4.882,207.76,28.28,1432.6,1.857,2586.3,Normal
2026-03-01 22:30:00,P-102,60.05,4.686,182.61,23.89,1466.8,1.674,2586.31,Normal
2026-03-01 22:45:00,P-103,64.58,4.835,194.07,23.81,1453.5,2.029,2586.32,Normal
2026-03-01 23:00:00,P-102,60.51,4.584,181.95,23.79,1428.0,1.319,2586.34,Normal
2026-03-01 23:15:00,P-103,65.34,4.6,188.19,23.99,1458.9,1.588,2586.36,Normal
2026-03-01 23:30:00,P-104,65.92,4.75,189.43,26.63,1483.3,2.017,2586.37,Normal
2026-03-01 23:45:00,P-103,61.13,4.423,164.68,20.17,1436.7,1.83,2586.39,Normal
2026-03-02 00:00:00,P-102,67.41,4.947,203.74,28.2,1445.9,2.261,2586.4,Normal
2026-03-02 00:15:00,P-102,62.86,4.666,202.13,28.47,1421.1,1.89,2586.42,Normal
2026-03-02 00:30:00,P-103,66.55,4.726,170.84,25.11,1447.9,1.853,2586.43,Normal
2026-03-02 00:45:00,P-101,65.39,4.737,206.73,29.35,1452.9,1.584,2586.45,Normal
2026-03-02 01:00:00,P-104,59.57,4.625,187.07,24.02,1485.5,1.786,2586.46,Normal
2026-03-02 01:15:00,P-101,62.0,4.862,191.76,24.12,1433.2,1.918,2586.48,Normal
2026-03-02 01:30:00,P-104,60.82,4.541,179.45,25.89,1467.4,1.697,2586.49,Normal
2026-03-02 01:45:00,P-104,62.41,5.003,195.29,29.81,1455.4,,2586.5,Normal
2026-03-02 02:00:00,P-103,57.62,4.558,192.98,23.9,1490.2,2.04,2586.52,Normal
2026-03-02 02:15:00,P-102,62.24,4.569,199.61,25.37,1453.2,2.102,2586.54,Normal
2026-03-02 02:30:00,P-102,59.2,4.685,203.65,26.7,1449.1,1.954,2586.55,Normal
2026-03-02 02:45:00,P-103,56.06,4.834,202.5,27.61,1465.2,1.871,2586.56,Normal
2026-03-02 03:00:00,P-104,60.21,4.862,192.01,27.55,1458.8,1.981,2586.58,Normal
2026-03-02 03:15:00,P-104,60.29,5.047,206.75,27.85,1466.8,1.861,2586.59,Normal
2026-03-02 03:30:00,P-101,61.3,5.18,224.25,30.4,1460.1,2.211,2586.61,Normal
2026-03-02 03:45:00,P-104,54.33,4.952,199.55,25.18,1423.4,1.805,2586.62,Normal
2026-03-02 04:00:00,P-103,59.08,4.746,206.77,26.33,1459.4,2.032,2586.64,Normal
2026-03-02 04:15:00,P-104,,4.765,194.54,29.64,1459.0,1.907,2586.66,Normal
2026-03-02 04:30:00,P-102,60.62,5.079,210.52,30.53,1436.7,1.878,2586.67,Normal
2026-03-02 04:45:00,P-104,61.17,5.0,202.08,28.31,1455.2,1.951,2586.68,Normal
2026-03-02 05:00:00,P-101,63.69,4.751,213.06,27.56,1417.0,1.846,2586.7,Normal
2026-03-02 05:15:00,P-103,60.67,4.934,194.81,26.0,1454.6,2.032,2586.72,Normal
2026-03-02 05:30:00,P-102,62.16,4.598,194.08,27.2,1462.3,1.706,2586.73,Normal
2026-03-02 05:45:00,P-102,63.0,4.953,215.76,28.92,1467.3,1.978,2586.74,Normal
2026-03-02 06:00:00,P-102,58.81,4.953,211.16,31.24,1462.6,1.845,2586.76,Normal
2026-03-02 06:15:00,P-101,63.74,5.122,231.79,32.13,1434.0,2.314,2586.78,Normal
2026-03-02 06:30:00,P-103,63.95,5.057,218.23,31.03,1423.6,2.164,2586.79,Normal
2026-03-02 06:45:00,P-101,59.61,4.838,210.27,28.2,1466.9,1.952,2586.8,Normal
2026-03-02 07:00:00,P-101,59.11,5.028,209.84,27.4,1457.3,1.98,2586.82,Normal
2026-03-02 07:15:00,P-101,64.03,5.188,242.84,34.68,1458.9,2.424,2586.84,Normal
2026-03-02 07:30:00,P-104,59.51,5.287,236.97,35.57,1480.3,2.253,2586.85,Normal
2026-03-02 07:45:00,P-103,59.53,5.283,232.27,32.83,1421.1,1.925,2586.86,Normal
2026-03-02 08:00:00,P-101,60.18,5.08,217.03,31.69,1482.5,2.212,2586.88,Normal
2026-03-02 08:15:00,P-103,64.21,5.123,226.16,36.58,1439.9,2.046,2586.9,Normal
2026-03-02 08:30:00,P-101,61.96,4.908,217.66,31.59,1464.8,2.058,2586.91,Normal
2026-03-02 08:45:00,P-104,65.16,5.387,244.39,34.6,1449.8,1.745,2586.93,Normal
2026-03-02 09:00:00,P-101,62.73,5.554,246.89,37.35,1443.8,2.39,2586.94,Normal
2026-03-02 09:15:00,P-102,60.93,5.298,237.81,34.14,1422.8,2.007,2586.96,Normal
2026-03-02 09:30:00,P-103,63.52,5.122,220.36,32.17,1437.9,2.039,2586.97,Normal
2026-03-02 09:45:00,P-104,61.87,5.329,232.07,35.55,1458.4,1.904,2586.98,Normal
2026-03-02 10:00:00,P-101,61.69,5.318,229.41,31.91,1456.4,2.14,2587.0,Normal
2026-03-02 10:15:00,P-104,58.29,5.013,233.49,32.32,1467.1,2.07,2587.02,Normal
2026-03-02 10:30:00,P-102,65.09,5.286,246.4,34.52,1437.6,1.959,2587.03,Normal
2026-03-02 10:45:00,P-103,68.4,5.194,234.64,37.02,1463.4,2.223,2587.04,Normal
2026-03-02 11:00:00,P-101,61.64,5.187,236.93,36.88,1451.2,2.087,2587.06,Normal
2026-03-02 11:15:00,P-101,66.28,5.386,227.67,34.81,1461.4,2.354,2587.07,Normal
2026-03-02 11:30:00,P-104,63.55,5.281,225.45,34.43,1459.2,1.973,2587.09,Normal
2026-03-02 11:45:00,P-103,60.71,5.242,238.26,35.53,1441.5,2.237,2587.1,Normal
2026-03-02 12:00:00,P-101,62.43,4.866,239.35,30.96,1454.5,1.862,2587.12,Normal
2026-03-02 12:15:00,P-103,62.05,5.07,235.35,32.81,1458.3,2.113,2587.14,Normal
2026-03-02 12:30:00,P-103,66.24,5.42,254.06,38.57,1464.2,2.336,2587.15,Normal
2026-03-02 12:45:00,P-104,66.73,5.251,242.1,32.93,1477.1,,2587.16,Normal
2026-03-02 13:00:00,P-102,70.11,5.286,247.61,35.2,1438.6,2.167,2587.18,Normal
2026-03-02 13:15:00,P-103,63.32,5.334,235.1,35.9,1429.0,2.515,2587.2,Normal
2026-03-02 13:30:00,P-101,65.43,5.225,250.61,34.19,1473.2,2.128,2587.21,Normal
2026-03-02 13:45:00,P-104,63.58,5.174,227.36,32.31,1426.8,2.203,2587.22,Normal
2026-03-02 14:00:00,P-101,63.49,5.21,237.24,46.02,1468.6,5.496,2587.24,Normal
2026-03-02 14:15:00,P-101,66.11,5.086,228.13,29.09,1433.6,1.963,2587.26,Normal
2026-03-02 14:30:00,P-103,66.63,5.445,229.72,34.73,1438.7,1.935,2587.27,Normal
2026-03-02 14:45:00,P-101,62.63,5.147,235.98,35.42,1448.6,1.971,2587.28,Normal
2026-03-02 15:00:00,P-101,66.08,4.856,227.78,32.52,1423.9,2.193,2587.3,Normal
2026-03-02 15:15:00,P-103,62.6,5.242,217.08,32.43,1432.5,2.258,2587.32,Normal
2026-03-02 15:30:00,P-101,66.65,5.046,227.76,32.44,1419.9,2.207,2587.33,Normal
2026-03-02 15:45:00,P-104,69.14,5.21,231.94,31.01,1462.0,2.007,2587.34,Normal
2026-03-02 16:00:00,P-104,65.87,4.853,219.99,29.04,1449.8,1.843,2587.36,Normal
2026-03-02 16:15:00,P-101,67.41,5.203,233.65,32.26,1450.3,2.12,2587.38,Normal
2026-03-02 16:30:00,P-101,66.27,5.154,231.07,32.51,1448.9,1.919,2587.39,Normal
2026-03-02 16:45:00,P-101,68.97,5.404,232.88,35.37,1449.7,2.349,2587.41,Normal
2026-03-02 17:00:00,P-103,67.41,4.979,218.56,29.36,1441.3,2.07,2587.42,Normal
2026-03-02 17:15:00,P-103,67.02,4.896,215.99,28.75,1467.2,1.809,2587.44,Normal
2026-03-02 17:30:00,P-102,65.22,4.936,210.18,27.18,1418.3,2.205,2587.45,Normal
2026-03-02 17:45:00,P-103,67.04,4.961,209.89,30.84,1424.0,1.787,2587.46,Normal
2026-03-02 18:00:00,P-103,63.58,4.757,218.17,28.81,1474.4,2.001,2587.48,Normal
2026-03-02 18:15:00,P-103,63.87,4.807,211.75,26.58,1454.8,2.07,2587.5,Normal
2026-03-02 18:30:00,P-101,67.52,5.263,202.66,27.48,1413.6,2.078,2587.51,Normal
2026-03-02 18:45:00,P-101,66.09,4.521,194.52,25.9,1455.7,1.714,2587.52,Normal
2026-03-02 19:00:00,P-102,66.94,5.012,209.43,30.73,1421.4,1.915,2587.54,Normal
2026-03-02 19:15:00,P-102,68.33,4.785,197.41,27.83,1473.4,1.704,2587.55,Normal
2026-03-02 19:30:00,P-101,66.73,5.084,197.75,28.05,1466.6,1.948,2587.57,Normal
2026-03-02 19:45:00,P-102,63.7,4.589,187.78,26.01,1487.8,1.962,2587.58,Normal
2026-03-02 20:00:00,P-101,62.14,4.795,193.36,26.33,1444.6,1.511,2587.6,Normal
2026-03-02 20:15:00,P-101,68.11,4.877,198.25,27.15,1428.1,1.963,2587.61,Normal
2026-03-02 20:30:00,P-104,66.72,4.783,201.54,27.3,1440.3,1.781,2587.63,Normal
2026-03-02 20:45:00,P-103,69.25,,205.97,26.42,1440.7,1.873,2587.64,Normal
2026-03-02 21:00:00,P-104,70.75,4.906,203.36,27.29,1456.9,1.747,2587.66,Normal
2026-03-02 21:15:00,P-101,62.34,4.796,201.49,28.88,1417.0,1.777,2587.68,Normal
2026-03-02 21:30:00,P-102,62.37,4.805,195.06,27.57,1449.9,2.254,2587.69,Normal
2026-03-02 21:45:00,P-103,,4.987,203.05,29.27,1431.7,1.856,2587.7,Normal
2026-03-02 22:00:00,P-104,66.49,4.836,195.73,25.16,1440.8,1.856,2587.72,Normal
2026-03-02 22:15:00,P-104,65.18,4.791,185.14,24.92,1474.9,1.652,2587.74,Normal
2026-03-02 22:30:00,P-102,64.71,4.851,200.5,25.23,1468.0,2.339,2587.75,Normal
2026-03-02 22:45:00,P-104,61.67,4.926,196.89,27.65,1463.1,1.958,2587.76,Normal
2026-03-02 23:00:00,P-101,63.6,4.924,194.47,25.4,1461.5,1.841,2587.78,Normal
2026-03-02 23:15:00,P-104,62.13,4.54,182.1,22.28,1445.2,1.882,2587.8,Normal
2026-03-02 23:30:00,P-104,63.81,4.725,178.63,26.14,1449.1,1.815,2587.81,Normal
2026-03-02 23:45:00,P-102,63.03,4.52,189.54,25.4,1421.7,1.753,2587.82,Normal
2026-03-03 00:00:00,P-104,64.66,4.5,201.15,39.11,1427.8,4.354,2587.84,Normal
2026-03-03 00:15:00,P-102,62.04,4.918,194.28,23.54,1452.3,1.522,2587.86,Normal
2026-03-03 00:30:00,P-104,65.79,4.765,196.15,24.54,1429.8,1.804,2587.87,Normal
2026-03-03 00:45:00,P-102,64.59,4.854,193.96,28.26,1462.4,1.791,2587.89,Normal
2026-03-03 01:00:00,P-102,60.34,4.67,194.69,24.3,1449.1,1.936,2587.9,Normal
2026-03-03 01:15:00,P-103,65.87,4.67,190.83,26.48,1444.6,1.844,2587.92,Normal
2026-03-03 01:30:00,P-101,63.36,4.542,184.26,22.83,1439.1,1.875,2587.93,Normal
2026-03-03 01:45:00,P-101,62.93,4.848,197.77,25.09,1458.1,1.865,2587.95,Normal
2026-03-03 02:00:00,P-104,61.43,4.62,186.39,24.16,1462.2,1.636,2587.96,Normal
2026-03-03 02:15:00,P-104,63.42,4.557,171.19,22.04,1434.2,1.999,2587.98,Normal
2026-03-03 02:30:00,P-101,57.31,4.641,188.42,24.04,1440.6,1.75,2587.99,Normal
2026-03-03 02:45:00,P-103,65.01,5.026,211.47,28.5,1446.6,2.024,2588.0,Normal
2026-03-03 03:00:00,P-101,60.38,4.925,201.6,28.32,1455.8,1.644,2588.02,Normal
2026-03-03 03:15:00,P-104,65.18,4.915,216.49,27.66,1455.5,2.121,2588.04,Normal
2026-03-03 03:30:00,P-101,61.33,4.904,215.19,27.3,1448.2,1.587,2588.05,Normal
2026-03-03 03:45:00,P-103,60.34,5.011,220.33,31.61,1462.7,2.376,2588.06,Normal
2026-03-03 04:00:00,P-101,59.92,4.81,190.55,28.11,1447.6,2.024,2588.08,Normal
2026-03-03 04:15:00,P-104,63.11,4.847,195.98,27.34,1424.9,1.863,2588.09,Normal
2026-03-03 04:30:00,P-102,59.23,4.829,193.75,25.15,1474.1,1.937,2588.11,Normal
2026-03-03 04:45:00,P-104,60.49,4.876,213.55,30.83,1467.6,1.761,2588.12,Normal
2026-03-03 05:00:00,P-104,59.05,4.915,200.84,28.04,1425.2,1.867,2588.14,Normal
2026-03-03 05:15:00,P-102,61.75,5.159,201.31,25.44,1453.2,2.04,2588.16,Normal
2026-03-03 05:30:00,P-101,65.97,5.072,215.67,30.87,1473.4,2.137,2588.17,Normal
2026-03-03 05:45:00,P-103,57.36,5.061,222.06,31.32,1444.5,2.036,2588.18,Normal
2026-03-03 06:00:00,P-101,68.28,5.062,228.56,30.23,1463.9,2.105,2588.2,Normal
2026-03-03 06:15:00,P-104,61.31,5.012,219.54,29.12,1470.0,2.165,2588.22,Normal
2026-03-03 06:30:00,P-102,62.51,4.807,223.58,30.82,1454.8,2.131,2588.23,Normal
2026-03-03 06:45:00,P-104,60.37,5.221,211.8,29.54,1488.6,1.673,2588.24,Normal
2026-03-03 07:00:00,P-101,62.2,5.228,225.01,32.53,1461.7,2.072,2588.26,Normal
2026-03-03 07:15:00,P-104,63.45,5.119,231.45,32.7,1451.8,2.134,2588.28,Normal
2026-03-03 07:30:00,P-101,59.78,5.11,227.72,30.7,1447.0,1.846,2588.29,Normal
2026-03-03 07:45:00,P-104,61.91,5.2,239.08,35.99,1449.1,1.988,2588.3,Normal
2026-03-03 08:00:00,P-102,65.46,5.222,230.9,35.09,1439.8,2.393,2588.32,Normal
2026-03-03 08:15:00,P-103,58.58,5.106,231.34,30.62,1430.0,1.935,2588.34,Normal
2026-03-03 08:30:00,P-101,64.09,5.236,234.65,35.27,1433.8,2.063,2588.35,Normal
2026-03-03 08:45:00,P-103,63.26,5.178,243.26,35.9,1447.4,2.057,2588.36,Normal
2026-03-03 09:00:00,P-103,62.4,5.283,248.3,34.04,1464.5,2.302,2588.38,Normal
2026-03-03 09:15:00,P-101,68.3,5.417,244.03,33.77,1455.9,2.237,2588.4,Normal
2026-03-03 09:30:00,P-103,60.99,5.122,235.51,34.42,1453.0,2.473,2588.41,Normal
2026-03-03 09:45:00,P-102,60.57,4.858,238.8,31.52,1488.2,2.02,2588.43,Normal
2026-03-03 10:00:00,P-102,63.55,5.238,232.01,34.28,1480.3,2.265,2588.44,Normal
2026-03-03 10:15:00,P-101,63.44,5.652,249.88,37.03,1433.6,1.902,2588.46,Normal
2026-03-03 10:30:00,P-101,64.22,5.36,238.18,35.62,1462.7,1.917,2588.47,Normal
2026-03-03 10:45:00,P-101,64.75,5.196,237.93,35.46,1428.6,2.417,2588.48,Normal
2026-03-03 11:00:00,P-103,64.75,5.229,240.37,36.51,1454.8,2.356,2588.5,Normal
2026-03-03 11:15:00,P-101,63.8,5.287,240.3,33.07,1425.3,,2588.52,Normal
2026-03-03 11:30:00,P-101,62.86,5.012,232.49,34.51,1439.1,2.352,2588.53,Normal
2026-03-03 11:45:00,P-102,66.26,5.149,246.5,35.49,1461.2,1.974,2588.54,Normal
2026-03-03 12:00:00,P-104,66.2,5.442,244.02,38.62,1441.8,2.561,2588.56,Normal
2026-03-03 12:15:00,P-101,63.76,5.409,237.92,35.55,1430.6,1.959,2588.57,Normal
2026-03-03 12:30:00,P-103,68.53,5.19,232.77,34.25,1437.6,2.22,2588.59,Normal
2026-03-03 12:45:00,P-104,64.34,5.345,226.18,33.91,1433.0,2.604,2588.6,Normal
2026-03-03 13:00:00,P-104,,5.205,242.37,34.69,1457.4,2.038,2588.62,Normal
2026-03-03 13:15:00,P-104,69.6,4.942,244.97,36.76,1471.6,2.475,2588.64,Normal
2026-03-03 13:30:00,P-104,70.1,5.455,234.2,37.79,1446.5,2.418,2588.65,Normal
2026-03-03 13:45:00,P-103,67.63,5.295,239.18,35.71,1468.5,2.058,2588.66,Normal
2026-03-03 14:00:00,P-104,66.55,5.344,242.32,35.7,1439.7,2.547,2588.68,Normal
2026-03-03 14:15:00,P-103,65.86,5.264,230.76,33.69,1448.2,1.956,2588.7,Normal
2026-03-03 14:30:00,P-103,66.17,5.255,235.04,34.46,1482.1,2.148,2588.71,Normal
2026-03-03 14:45:00,P-104,61.83,5.17,231.58,34.63,1446.8,2.25,2588.72,Normal
2026-03-03 15:00:00,P-101,68.02,5.14,221.67,35.93,1469.3,2.094,2588.74,Normal
2026-03-03 15:15:00,P-102,67.11,5.105,220.62,34.22,1437.0,2.666,2588.76,Normal
2026-03-03 15:30:00,P-103,68.71,5.127,235.06,33.93,1449.6,1.89,2588.77,Normal
2026-03-03 15:45:00,P-103,66.0,4.876,228.9,30.3,1434.6,2.354,2588.78,Normal
2026-03-03 16:00:00,P-104,67.79,4.937,225.61,30.74,1451.2,1.648,2588.8,Normal
2026-03-03 16:15:00,P-104,65.07,5.223,239.18,34.39,1454.3,1.642,2588.82,Normal
2026-03-03 16:30:00,P-102,66.43,5.048,248.0,37.32,1463.6,2.221,2588.83,Normal
2026-03-03 16:45:00,P-103,60.01,4.707,213.85,28.17,1439.6,2.098,2588.84,Normal
2026-03-03 17:00:00,P-101,65.09,4.886,204.34,29.67,1447.0,2.219,2588.86,Normal
2026-03-03 17:15:00,P-104,63.92,4.921,210.29,29.22,1471.4,2.247,2588.88,Normal
2026-03-03 17:30:00,P-102,64.35,4.958,213.15,30.57,1428.2,2.033,2588.89,Normal
2026-03-03 17:45:00,P-101,67.91,4.783,219.84,31.21,1405.4,2.135,2588.91,Normal
2026-03-03 18:00:00,P-102,65.89,5.21,222.83,29.93,1438.2,2.059,2588.92,Normal
2026-03-03 18:15:00,P-104,63.22,4.795,219.92,28.47,1461.0,2.253,2588.94,Normal
2026-03-03 18:30:00,P-104,72.19,4.884,201.65,30.64,1451.5,1.766,2588.95,Normal
2026-03-03 18:45:00,P-101,65.31,4.704,200.44,27.55,1432.8,1.784,2588.96,Normal
2026-03-03 19:00:00,P-104,63.3,5.034,202.29,26.75,1451.3,2.073,2588.98,Normal
2026-03-03 19:15:00,P-103,64.28,4.932,209.94,28.37,1443.4,2.11,2589.0,Normal
2026-03-03 19:30:00,P-101,63.83,4.667,182.46,29.51,1421.8,2.058,2589.01,Normal
2026-03-03 19:45:00,P-101,64.07,4.681,176.77,25.53,1443.9,1.818,2589.02,Normal
2026-03-03 20:00:00,P-102,67.21,4.756,194.73,27.56,1463.4,1.733,2589.04,Normal
2026-03-03 20:15:00,P-102,65.71,4.739,209.62,25.13,1445.0,2.053,2589.05,Normal
2026-03-03 20:30:00,P-104,69.33,4.873,190.29,26.84,1422.8,1.688,2589.07,Normal
2026-03-03 20:45:00,P-103,64.46,4.781,200.35,28.65,1481.1,2.198,2589.08,Normal
2026-03-03 21:00:00,P-104,63.97,4.676,187.22,23.6,1432.1,1.652,2589.1,Normal
2026-03-03 21:15:00,P-103,65.42,4.692,176.01,23.13,1456.7,1.706,2589.11,Normal
2026-03-03 21:30:00,P-102,67.56,4.744,198.59,26.93,1465.0,2.012,2589.13,Normal
2026-03-03 21:45:00,P-102,64.53,4.249,171.29,22.88,1457.6,1.533,2589.14,Normal
2026-03-03 22:00:00,P-104,64.46,4.817,193.78,30.06,1445.8,1.691,2589.16,Normal
2026-03-03 22:15:00,P-104,62.12,4.39,172.19,24.05,1417.3,1.917,2589.18,Normal
2026-03-03 22:30:00,P-102,58.89,4.806,187.89,26.02,1471.1,1.677,2589.19,Normal
2026-03-03 22:45:00,P-103,62.17,4.604,180.66,23.64,1429.0,1.803,2589.2,Normal
2026-03-03 23:00:00,P-102,66.56,4.733,193.04,26.48,1467.5,1.873,2589.22,Normal
2026-03-03 23:15:00,P-101,67.89,4.838,215.48,29.07,1470.0,1.654,2589.24,Normal
2026-03-03 23:30:00,P-102,60.61,4.64,172.13,21.54,1428.0,1.477,2589.25,Normal
2026-03-03 23:45:00,P-101,67.04,4.709,200.23,25.73,1427.7,1.906,2589.26,Normal
2026-03-04 00:00:00,P-103,60.03,4.82,184.24,20.91,1442.9,1.913,2589.28,Normal
2026-03-04 00:15:00,P-104,61.14,4.743,192.11,26.66,1466.6,1.689,2589.3,Normal
2026-03-04 00:30:00,P-103,60.96,4.726,184.42,25.23,1439.2,1.63,2589.31,Normal
2026-03-04 00:45:00,P-104,59.66,4.722,187.17,24.51,1451.7,1.925,2589.32,Normal
2026-03-04 01:00:00,P-102,62.42,4.668,176.0,23.98,1441.0,1.896,2589.34,Normal
2026-03-04 01:15:00,P-103,63.07,4.916,197.49,25.27,1464.1,2.025,2589.36,Normal
2026-03-04 01:30:00,P-101,61.64,4.723,174.96,22.54,1438.6,1.767,2589.37,Normal
2026-03-04 01:45:00,P-103,61.68,4.628,202.89,28.2,1437.0,1.798,2589.39,Normal
2026-03-04 02:00:00,P-102,60.87,4.802,182.77,25.55,1431.4,1.941,2589.4,Normal
2026-03-04 02:15:00,P-103,55.2,4.679,177.77,23.05,1430.9,1.731,2589.42,Normal
2026-03-04 02:30:00,P-101,63.43,4.904,207.93,28.79,1469.2,2.054,2589.43,Normal
2026-03-04 02:45:00,P-103,61.24,4.966,192.46,25.94,1443.6,1.747,2589.45,Normal
2026-03-04 03:00:00,P-103,60.31,5.161,200.89,43.14,1432.9,5.401,2589.46,Normal
2026-03-04 03:15:00,P-104,61.82,5.01,205.93,28.26,1419.9,2.031,2589.48,Normal
2026-03-04 03:30:00,P-101,59.62,4.669,186.59,26.08,1445.1,1.452,2589.49,Normal
2026-03-04 03:45:00,P-102,64.68,4.669,203.71,27.27,1435.2,2.116,2589.5,Normal
2026-03-04 04:00:00,P-103,58.62,4.936,205.73,25.45,1431.8,1.888,2589.52,Normal
2026-03-04 04:15:00,P-103,62.94,5.151,202.48,30.2,1436.1,1.485,2589.54,Normal
2026-03-04 04:30:00,P-101,58.83,4.663,210.4,28.57,1452.2,1.968,2589.55,Normal
2026-03-04 04:45:00,P-103,59.79,5.029,207.7,26.14,1429.1,1.855,2589.56,Normal
2026-03-04 05:00:00,P-101,61.31,4.852,196.78,27.15,1444.5,1.734,2589.58,Normal
2026-03-04 05:15:00,P-102,60.41,4.696,211.4,29.25,1465.9,2.294,2589.59,Normal
2026-03-04 05:30:00,P-101,62.13,5.108,213.38,32.84,1440.0,2.185,2589.61,Normal
2026-03-04 05:45:00,P-102,61.76,5.062,216.39,27.4,1430.8,1.94,2589.62,Normal
2026-03-04 06:00:00,P-102,59.66,4.892,205.76,30.22,1469.0,1.966,2589.64,Normal
2026-03-04 06:15:00,P-102,62.62,4.81,201.62,26.83,1448.4,2.006,2589.66,Normal
2026-03-04 06:30:00,P-104,60.11,5.161,221.52,31.09,1446.9,1.677,2589.67,Normal
2026-03-04 06:45:00,P-104,59.91,4.816,197.78,28.08,1459.4,2.404,2589.68,Normal
2026-03-04 07:00:00,P-104,61.62,5.111,208.44,28.86,1448.4,1.99,2589.7,Normal
2026-03-04 07:15:00,P-101,63.47,5.01,229.52,34.22,1451.3,2.453,2589.72,Normal
2026-03-04 07:30:00,P-103,62.99,5.105,217.74,30.07,1421.7,1.884,2589.73,Normal
2026-03-04 07:45:00,P-102,63.23,5.199,232.5,33.67,1434.9,2.207,2589.74,Normal
2026-03-04 08:00:00,P-104,60.85,4.987,204.46,27.96,1483.5,1.708,2589.76,Normal
2026-03-04 08:15:00,P-104,62.0,5.35,235.71,28.83,1431.3,1.595,2589.78,Normal
2026-03-04 08:30:00,P-104,59.87,5.022,227.85,31.46,1451.2,2.243,2589.79,Normal
2026-03-04 08:45:00,P-102,58.96,5.167,216.23,32.38,1481.4,2.105,2589.8,Normal
2026-03-04 09:00:00,P-101,59.2,5.013,233.99,34.8,1462.4,2.023,2589.82,Normal
2026-03-04 09:15:00,P-103,66.32,4.963,227.94,32.99,1455.2,1.478,2589.84,Normal
2026-03-04 09:30:00,P-103,56.29,4.924,211.24,31.36,1435.6,1.911,2589.85,Normal
2026-03-04 09:45:00,P-103,66.71,5.327,250.81,34.38,1438.8,2.234,2589.86,Normal
2026-03-04 10:00:00,P-102,61.85,5.427,238.73,35.32,1444.4,1.957,2589.88,Normal
2026-03-04 10:15:00,P-103,65.95,5.407,236.57,34.54,1456.1,2.146,2589.9,Normal
2026-03-04 10:30:00,P-101,58.1,5.09,232.03,30.71,1472.9,1.974,2589.91,Normal
2026-03-04 10:45:00,P-102,62.16,5.13,221.46,33.26,1452.1,1.846,2589.93,Normal
2026-03-04 11:00:00,P-103,67.59,5.364,241.17,35.32,1439.7,2.142,2589.94,Normal
2026-03-04 11:15:00,P-103,67.39,5.472,251.42,37.14,1448.3,1.863,2589.96,Normal
2026-03-04 11:30:00,P-102,63.99,5.236,235.68,34.67,1459.4,2.261,2589.97,Normal
2026-03-04 11:45:00,P-101,59.21,5.124,219.43,31.1,1456.1,2.094,2589.98,Normal
2026-03-04 12:00:00,P-102,62.19,5.247,238.98,35.87,1445.5,2.282,2590.0,Normal
2026-03-04 12:15:00,P-103,68.08,5.21,239.44,49.12,1429.8,5.606,2590.02,Normal
2026-03-04 12:30:00,P-101,65.24,5.274,244.0,36.89,1469.4,2.165,2590.03,Normal
2026-03-04 12:45:00,P-103,65.77,5.275,240.62,35.78,1445.3,1.709,2590.04,Normal
2026-03-04 13:00:00,P-104,63.47,4.913,211.66,29.78,1454.4,1.929,2590.06,Normal
2026-03-04 13:15:00,P-104,63.3,5.138,238.75,35.04,1437.8,1.977,2590.07,Normal
2026-03-04 13:30:00,P-101,65.8,5.233,234.58,33.9,1437.4,2.344,2590.09,Normal
2026-03-04 13:45:00,P-103,63.72,5.146,224.07,32.5,1459.0,1.989,2590.1,Normal
2026-03-04 14:00:00,P-102,66.51,5.412,229.7,33.91,1427.2,2.276,2590.12,Normal
2026-03-04 14:15:00,P-103,65.24,5.276,227.18,34.39,1429.1,2.417,2590.14,Normal
2026-03-04 14:30:00,P-103,61.3,4.987,217.36,28.77,1477.2,1.89,2590.15,Normal
2026-03-04 14:45:00,P-104,66.01,5.161,233.79,32.27,1464.9,2.171,2590.16,Normal
2026-03-04 15:00:00,P-102,68.48,5.235,232.98,34.08,1457.5,2.16,2590.18,Normal
2026-03-04 15:15:00,P-101,67.35,5.219,233.67,34.56,1430.7,2.499,2590.2,Normal
2026-03-04 15:30:00,P-104,65.78,5.027,220.56,30.41,1454.0,2.265,2590.21,Normal
2026-03-04 15:45:00,P-102,67.62,4.855,209.51,30.0,1448.7,1.83,2590.22,Normal
2026-03-04 16:00:00,P-102,67.03,5.109,236.18,32.73,1442.0,2.022,2590.24,Normal
2026-03-04 16:15:00,P-103,65.32,4.956,202.82,42.17,1448.4,5.913,2590.26,Normal
2026-03-04 16:30:00,P-101,66.46,5.258,233.97,32.27,1424.2,1.967,2590.27,Normal
2026-03-04 16:45:00,P-104,68.5,4.864,216.47,31.32,1412.8,1.971,2590.28,Normal
2026-03-04 17:00:00,P-104,67.08,5.063,218.3,30.2,1455.3,1.925,2590.3,Normal
2026-03-04 17:15:00,P-101,63.72,4.895,202.86,27.24,1452.9,1.919,2590.32,Normal
2026-03-04 17:30:00,P-103,63.02,4.938,213.53,29.33,1454.5,1.974,2590.33,Normal
2026-03-04 17:45:00,P-103,69.35,4.972,219.98,31.29,1463.9,2.236,2590.34,Normal
2026-03-04 18:00:00,P-102,63.46,4.761,201.63,28.02,1459.2,1.763,2590.36,Normal
2026-03-04 18:15:00,P-102,,5.014,224.09,27.93,1476.7,1.698,2590.38,Normal
2026-03-04 18:30:00,P-102,,5.078,210.87,28.28,1471.2,1.873,2590.39,Normal
2026-03-04 18:45:00,P-101,67.2,5.003,203.35,27.61,1451.1,1.796,2590.41,Normal
2026-03-04 19:00:00,P-102,70.21,4.842,209.35,30.33,1452.8,2.25,2590.42,Normal
2026-03-04 19:15:00,P-102,62.61,4.663,188.03,24.9,1454.0,1.942,2590.44,Normal
2026-03-04 19:30:00,P-102,68.31,4.635,200.52,29.38,1422.4,2.166,2590.45,Normal
2026-03-04 19:45:00,P-101,67.02,5.009,220.41,28.46,1466.6,2.171,2590.46,Normal
2026-03-04 20:00:00,P-104,67.45,5.036,204.33,30.08,1460.5,1.621,2590.48,Normal
2026-03-04 20:15:00,P-102,69.99,5.044,197.5,30.11,1420.2,1.75,2590.5,Normal
2026-03-04 20:30:00,P-103,64.15,4.564,186.55,26.38,1477.9,1.583,2590.51,Normal
2026-03-04 20:45:00,P-103,64.33,4.604,192.78,25.69,1442.3,2.105,2590.52,Normal
2026-03-04 21:00:00,P-102,62.43,4.769,190.13,26.49,1447.8,1.986,2590.54,Normal
2026-03-04 21:15:00,P-102,66.95,4.622,201.56,26.31,1447.4,1.949,2590.55,Normal
2026-03-04 21:30:00,P-101,62.37,4.704,181.08,23.58,1446.9,1.686,2590.57,Normal
2026-03-04 21:45:00,P-104,67.08,,200.58,27.0,1493.1,1.794,2590.58,Normal
2026-03-04 22:00:00,P-104,62.25,4.774,211.31,26.95,1445.3,1.797,2590.6,Normal
2026-03-04 22:15:00,P-103,64.92,4.738,190.6,25.85,1444.2,1.932,2590.61,Normal
2026-03-04 22:30:00,P-103,60.96,4.454,178.45,24.03,1450.4,1.752,2590.63,Normal
2026-03-04 22:45:00,P-102,63.8,4.758,178.41,21.33,1434.7,1.854,2590.64,Normal
2026-03-04 23:00:00,P-103,63.88,4.804,190.2,26.53,1455.3,1.928,2590.66,Normal
2026-03-04 23:15:00,P-104,61.8,4.623,182.11,24.74,1435.2,1.948,2590.68,Normal
2026-03-04 23:30:00,P-101,62.79,4.633,197.66,28.14,1459.0,1.947,2590.69,Normal
2026-03-04 23:45:00,P-102,60.32,4.699,181.31,25.79,1431.2,1.967,2590.7,Normal
2026-03-05 00:00:00,P-101,65.09,4.938,196.62,27.27,1439.4,1.983,2590.72,Normal
2026-03-05 00:15:00,P-103,59.88,4.594,194.0,26.23,1431.9,1.698,2590.74,Normal
2026-03-05 00:30:00,P-102,60.92,4.584,179.38,23.51,1440.4,1.846,2590.75,Normal
2026-03-05 00:45:00,P-102,62.41,4.579,181.67,24.8,1417.8,1.835,2590.76,Normal
2026-03-05 01:00:00,P-101,64.34,4.788,176.85,23.08,1406.0,1.7,2590.78,Normal
2026-03-05 01:15:00,P-104,63.5,4.664,205.42,27.12,1444.2,1.926,2590.8,Normal
2026-03-05 01:30:00,P-104,60.98,4.866,191.66,25.3,1422.4,1.989,2590.81,Normal
2026-03-05 01:45:00,P-102,62.66,4.741,195.23,26.35,1481.2,1.955,2590.82,Normal
2026-03-05 02:00:00,P-103,56.32,4.679,196.78,24.56,1443.5,1.959,2590.84,Normal
2026-03-05 02:15:00,P-101,57.68,4.61,185.1,24.12,1462.8,1.774,2590.86,Normal
2026-03-05 02:30:00,P-104,60.13,4.763,194.59,25.66,1455.6,2.03,2590.87,Normal
2026-03-05 02:45:00,P-102,60.51,4.779,202.54,28.9,1430.9,2.05,2590.89,Normal
2026-03-05 03:00:00,P-102,57.02,4.859,195.51,24.84,1442.4,1.676,2590.9,Normal
2026-03-05 03:15:00,P-102,62.06,4.846,187.72,23.69,1463.3,1.745,2590.92,Normal
2026-03-05 03:30:00,P-103,61.62,4.702,195.24,27.84,1462.2,1.727,2590.93,Normal
2026-03-05 03:45:00,P-102,61.63,4.945,207.14,28.84,1465.6,1.716,2590.95,Normal
2026-03-05 04:00:00,P-104,60.8,4.94,213.14,30.34,1438.2,2.471,2590.96,Normal
2026-03-05 04:15:00,P-103,61.33,4.889,205.45,26.76,1460.5,2.222,2590.98,Normal
2026-03-05 04:30:00,P-102,62.55,5.108,213.0,28.71,1439.1,2.158,2590.99,Normal
2026-03-05 04:45:00,P-103,60.92,4.867,210.92,29.63,1468.2,2.046,2591.0,Normal
2026-03-05 05:00:00,P-104,60.82,4.908,195.59,25.35,1467.6,1.767,2591.02,Normal
2026-03-05 05:15:00,P-101,58.3,4.885,196.8,26.3,1425.3,1.688,2591.04,Normal
2026-03-05 05:30:00,P-101,60.21,4.814,205.39,27.16,1455.0,1.854,2591.05,Normal
2026-03-05 05:45:00,P-101,62.34,4.877,197.93,28.67,1430.3,1.759,2591.06,Normal
2026-03-05 06:00:00,P-104,64.53,5.071,218.56,31.25,1464.9,2.156,2591.08,Normal
2026-03-05 06:15:00,P-101,64.37,4.875,217.7,29.79,1429.7,2.037,2591.09,Normal
2026-03-05 06:30:00,P-104,,4.94,217.55,30.21,1455.8,2.162,2591.11,Normal
2026-03-05 06:45:00,P-102,59.12,4.664,200.76,25.71,1463.3,1.903,2591.12,Normal
2026-03-05 07:00:00,P-102,62.36,5.192,235.26,33.93,1451.2,1.846,2591.14,Normal
2026-03-05 07:15:00,P-103,56.84,5.138,219.71,30.66,1465.5,1.953,2591.16,Normal
2026-03-05 07:30:00,P-104,60.65,5.328,237.41,32.76,1455.3,2.242,2591.17,Normal
2026-03-05 07:45:00,P-102,60.23,4.787,213.09,31.06,1478.2,2.022,2591.18,Normal
2026-03-05 08:00:00,P-101,61.08,4.999,217.0,33.43,1430.2,1.921,2591.2,Normal
2026-03-05 08:15:00,P-104,,4.95,218.29,29.01,1443.1,1.86,2591.22,Normal
2026-03-05 08:30:00,P-103,65.59,5.256,228.55,32.32,1415.4,1.992,2591.23,Normal
2026-03-05 08:45:00,P-103,60.04,4.971,218.18,32.51,1444.7,1.732,2591.24,Normal
2026-03-05 09:00:00,P-102,63.55,4.916,221.47,31.73,1428.6,2.038,2591.26,Normal
2026-03-05 09:15:00,P-103,60.6,5.043,218.2,30.49,1425.0,,2591.28,Normal
2026-03-05 09:30:00,P-104,65.27,5.322,239.87,33.83,1422.0,2.084,2591.29,Normal
2026-03-05 09:45:00,P-104,65.67,5.287,244.84,34.59,1441.5,1.949,2591.3,Normal
2026-03-05 10:00:00,P-102,67.8,5.261,249.37,37.44,1454.6,2.424,2591.32,Normal
2026-03-05 10:15:00,P-103,61.93,5.361,229.71,34.08,1458.6,2.346,2591.34,Normal
2026-03-05 10:30:00,P-103,66.24,5.227,235.78,35.04,1468.0,2.08,2591.35,Normal
2026-03-05 10:45:00,P-103,58.72,5.133,222.52,32.79,1467.0,1.904,2591.36,Normal
2026-03-05 11:00:00,P-101,66.74,5.121,233.88,33.56,1429.7,2.108,2591.38,Normal
2026-03-05 11:15:00,P-104,63.85,5.321,232.28,34.75,1436.6,2.176,2591.4,Normal
2026-03-05 11:30:00,P-103,64.96,5.348,246.49,35.24,1453.5,2.105,2591.41,Normal
2026-03-05 11:45:00,P-103,61.16,5.369,240.54,38.7,1453.8,1.938,2591.43,Normal
2026-03-05 12:00:00,P-102,64.94,5.191,252.45,35.68,1474.8,2.392,2591.44,Normal
2026-03-05 12:15:00,P-104,67.29,5.295,229.26,33.73,1444.8,2.153,2591.46,Normal
2026-03-05 12:30:00,P-104,65.19,5.418,245.77,39.06,1463.8,2.497,2591.47,Normal
2026-03-05 12:45:00,P-103,66.91,5.353,230.84,35.79,1447.4,2.162,2591.48,Normal
2026-03-05 13:00:00,P-103,72.94,4.735,236.29,34.88,1456.4,3.946,2591.5,Warning
2026-03-05 13:15:00,P-104,74.79,4.508,225.04,33.58,1457.0,4.094,2591.52,Warning
2026-03-05 13:30:00,P-103,76.11,4.615,232.36,33.42,1449.6,3.576,2591.53,Warning
2026-03-05 13:45:00,P-102,81.21,4.909,250.2,37.05,1432.4,3.75,2591.54,Warning
2026-03-05 14:00:00,P-102,73.63,4.584,234.59,33.88,1455.0,4.922,2591.56,Warning
2026-03-05 14:15:00,P-101,81.45,4.619,223.94,32.3,1461.6,4.352,2591.57,Warning
2026-03-05 14:30:00,P-103,77.23,4.397,240.53,33.97,1451.9,3.664,2591.59,Warning
2026-03-05 14:45:00,P-104,79.06,4.822,245.77,35.89,1400.3,4.457,2591.6,Warning
2026-03-05 15:00:00,P-101,84.81,5.016,241.88,36.25,1446.8,4.291,2591.62,Warning
2026-03-05 15:15:00,P-101,76.98,4.183,218.97,31.38,1462.2,3.939,2591.64,Warning
2026-03-05 15:30:00,P-102,77.53,4.411,230.3,31.1,1432.4,3.628,2591.65,Warning
2026-03-05 15:45:00,P-104,75.65,4.673,222.34,33.76,1469.2,3.267,2591.66,Warning
2026-03-05 16:00:00,P-103,81.09,4.729,222.07,30.66,1439.0,3.452,2591.68,Warning
2026-03-05 16:15:00,P-104,80.15,4.574,220.39,29.9,1444.2,3.82,2591.7,Warning
2026-03-05 16:30:00,P-102,69.9,4.86,218.98,31.61,1453.7,4.015,2591.71,Warning
2026-03-05 16:45:00,P-102,79.48,4.778,230.12,33.89,1433.4,3.858,2591.72,Warning
2026-03-05 17:00:00,P-102,77.08,4.355,211.27,28.08,1466.4,3.902,2591.74,Warning
2026-03-05 17:15:00,P-104,71.19,4.352,215.31,30.56,1472.8,4.313,2591.76,Warning
2026-03-05 17:30:00,P-104,78.34,4.144,206.68,27.89,1430.2,3.672,2591.77,Warning
2026-03-05 17:45:00,P-104,,4.255,207.21,34.19,1446.7,3.648,2591.78,Warning
2026-03-05 18:00:00,P-102,73.22,4.613,230.5,31.73,1484.1,3.789,2591.8,Warning
2026-03-05 18:15:00,P-102,82.65,4.335,208.91,34.54,1469.8,3.914,2591.82,Warning
2026-03-05 18:30:00,P-104,,4.685,223.6,31.89,1421.0,4.377,2591.83,Warning
2026-03-05 18:45:00,P-104,67.73,4.149,200.24,28.19,1471.0,3.772,2591.84,Warning
2026-03-05 19:00:00,P-103,75.82,4.473,201.3,28.25,1388.4,3.804,2591.86,Warning
2026-03-05 19:15:00,P-103,77.77,4.312,193.62,25.43,1461.1,4.713,2591.88,Warning
2026-03-05 19:30:00,P-101,71.37,4.377,209.48,29.51,1434.6,4.244,2591.89,Warning
2026-03-05 19:45:00,P-102,79.8,4.268,200.54,27.46,1458.3,3.796,2591.91,Warning
2026-03-05 20:00:00,P-104,77.99,4.59,219.09,30.19,1454.4,3.842,2591.92,Warning
2026-03-05 20:15:00,P-102,74.28,4.144,183.88,26.93,1452.4,3.414,2591.94,Warning
2026-03-05 20:30:00,P-104,72.88,4.237,190.4,25.38,1460.5,3.914,2591.95,Warning
2026-03-05 20:45:00,P-104,74.27,4.291,194.15,27.33,1441.1,2.933,2591.96,Warning
2026-03-05 21:00:00,P-104,71.36,4.277,197.36,28.16,1439.2,4.483,2591.98,Warning
2026-03-05 21:15:00,P-103,68.72,3.995,187.61,23.06,1466.7,3.257,2592.0,Warning
2026-03-05 21:30:00,P-104,68.84,4.077,190.4,26.56,1450.1,3.584,2592.01,Warning
2026-03-05 21:45:00,P-103,74.85,4.604,199.29,26.35,1439.7,3.448,2592.02,Warning
2026-03-05 22:00:00,P-102,75.95,4.147,180.69,25.33,1446.8,3.163,2592.04,Warning
2026-03-05 22:15:00,P-103,74.34,3.981,166.05,22.23,1445.2,4.021,2592.05,Warning
2026-03-05 22:30:00,P-102,,4.243,177.75,26.25,1443.8,4.007,2592.07,Warning
2026-03-05 22:45:00,P-103,74.89,4.376,199.68,28.86,1458.0,3.419,2592.08,Warning
2026-03-05 23:00:00,P-102,76.28,4.239,198.65,29.29,1434.3,3.762,2592.1,Warning
2026-03-05 23:15:00,P-102,75.17,3.992,192.09,26.12,1477.4,3.471,2592.11,Warning
2026-03-05 23:30:00,P-102,74.41,4.508,201.65,26.98,1454.0,3.578,2592.13,Warning
2026-03-05 23:45:00,P-104,74.61,4.073,191.98,26.01,1416.9,3.319,2592.14,Warning
2026-03-06 00:00:00,P-102,74.93,4.039,194.65,26.22,1455.0,3.712,2592.16,Warning
2026-03-06 00:15:00,P-103,62.92,3.912,181.71,24.94,1433.3,3.677,2592.18,Warning
2026-03-06 00:30:00,P-104,68.48,4.526,188.33,23.52,1449.5,3.04,2592.19,Warning
2026-03-06 00:45:00,P-104,71.83,4.15,183.53,23.36,1447.3,3.847,2592.2,Warning
2026-03-06 01:00:00,P-104,67.16,3.918,175.22,21.3,1462.2,2.849,2592.22,Warning
2026-03-06 01:15:00,P-103,70.07,4.306,205.18,25.62,1462.0,4.201,2592.24,Warning
2026-03-06 01:30:00,P-102,69.43,4.164,182.62,23.68,1454.0,3.237,2592.25,Warning
2026-03-06 01:45:00,P-101,70.48,4.3,183.63,23.03,1484.4,3.087,2592.26,Warning
2026-03-06 02:00:00,P-103,70.06,4.325,185.3,24.52,1437.0,3.415,2592.28,Warning
2026-03-06 02:15:00,P-101,72.92,4.05,177.73,24.18,1474.6,3.558,2592.3,Warning
2026-03-06 02:30:00,P-104,76.96,4.284,206.65,27.89,1475.1,3.922,2592.31,Warning
2026-03-06 02:45:00,P-103,71.69,4.364,209.79,29.42,1456.1,4.181,2592.32,Warning
2026-03-06 03:00:00,P-103,68.33,4.089,182.92,26.01,1458.3,3.319,2592.34,Warning
2026-03-06 03:15:00,P-103,66.49,4.119,189.0,25.18,1467.1,3.423,2592.36,Warning
2026-03-06 03:30:00,P-104,73.85,4.171,194.13,23.55,1444.3,3.933,2592.37,Warning
2026-03-06 03:45:00,P-104,71.64,4.536,202.96,27.02,1440.9,4.323,2592.39,Warning
2026-03-06 04:00:00,P-104,70.46,4.524,199.94,26.71,1441.8,3.457,2592.4,Warning
2026-03-06 04:15:00,P-104,70.15,4.153,192.73,25.79,1455.3,4.464,2592.42,Warning
2026-03-06 04:30:00,P-103,69.5,4.345,209.53,30.73,1441.6,4.51,2592.43,Warning
2026-03-06 04:45:00,P-102,69.43,4.362,189.93,28.55,1437.0,3.213,2592.45,Warning
2026-03-06 05:00:00,P-104,75.32,4.728,228.1,30.67,1431.4,4.2,2592.46,Warning
2026-03-06 05:15:00,P-104,70.2,4.507,219.3,31.84,1432.3,3.999,2592.48,Warning
2026-03-06 05:30:00,P-104,69.28,4.332,211.72,29.4,1438.5,3.587,2592.49,Warning
2026-03-06 05:45:00,P-104,69.12,3.885,193.76,24.71,1438.9,2.997,2592.5,Warning
2026-03-06 06:00:00,P-103,68.23,4.371,212.35,29.01,1451.9,3.78,2592.52,Warning
2026-03-06 06:15:00,P-101,71.38,4.625,239.32,34.71,1436.0,4.599,2592.54,Warning
2026-03-06 06:30:00,P-104,75.7,4.44,231.17,32.44,1458.9,3.728,2592.55,Warning
2026-03-06 06:45:00,P-102,70.2,4.059,212.81,29.48,1485.4,4.158,2592.56,Warning
2026-03-06 07:00:00,P-103,72.97,4.612,208.26,30.96,1472.5,3.635,2592.58,Warning
2026-03-06 07:15:00,P-103,69.38,4.398,211.25,30.39,1430.9,3.599,2592.59,Warning
2026-03-06 07:30:00,P-104,71.62,4.805,227.22,32.3,1444.6,4.444,2592.61,Warning
2026-03-06 07:45:00,P-101,73.75,4.587,222.62,30.24,1427.1,3.851,2592.62,Warning
2026-03-06 08:00:00,P-101,73.07,4.544,229.54,28.88,1453.5,4.326,2592.64,Warning
2026-03-06 08:15:00,P-102,74.47,4.712,228.62,31.98,1454.6,3.867,2592.66,Warning
2026-03-06 08:30:00,P-102,67.8,4.555,210.73,26.58,1453.1,4.292,2592.67,Warning
2026-03-06 08:45:00,P-103,73.03,4.484,222.19,32.63,1431.1,3.709,2592.68,Warning
2026-03-06 09:00:00,P-101,58.95,5.177,232.3,33.03,1438.3,2.056,2592.7,Normal
2026-03-06 09:15:00,P-104,63.39,5.187,235.22,35.63,1467.2,2.169,2592.72,Normal
2026-03-06 09:30:00,P-104,60.72,4.901,212.33,29.8,1457.1,2.08,2592.73,Normal
2026-03-06 09:45:00,P-104,66.1,5.351,226.94,34.18,1434.4,2.109,2592.74,Normal
2026-03-06 10:00:00,P-102,64.0,5.347,228.36,33.43,1426.9,2.246,2592.76,Normal
2026-03-06 10:15:00,P-101,63.66,5.181,222.06,31.66,1448.7,2.04,2592.78,Normal
2026-03-06 10:30:00,P-103,60.14,,238.21,35.32,1447.8,1.991,2592.79,Normal
2026-03-06 10:45:00,P-104,63.29,5.349,233.13,35.26,1426.8,2.303,2592.8,Normal
2026-03-06 11:00:00,P-101,63.87,5.278,249.65,37.2,1444.5,2.442,2592.82,Normal
2026-03-06 11:15:00,P-101,69.61,5.224,237.25,32.17,1441.3,2.319,2592.84,Normal
2026-03-06 11:30:00,P-102,62.93,5.283,239.8,35.59,1439.4,2.27,2592.85,Normal
2026-03-06 11:45:00,P-104,65.66,5.471,238.01,35.74,1442.3,2.071,2592.86,Normal
2026-03-06 12:00:00,P-101,63.98,5.441,222.08,32.08,1454.9,1.909,2592.88,Normal
2026-03-06 12:15:00,P-103,61.37,5.268,238.89,36.99,1451.6,2.311,2592.9,Normal
2026-03-06 12:30:00,P-104,63.66,5.117,235.97,34.0,1472.6,1.914,2592.91,Normal
2026-03-06 12:45:00,P-101,66.15,5.079,242.1,33.76,1453.6,2.025,2592.93,Normal
2026-03-06 13:00:00,P-104,66.48,5.199,249.67,35.33,1464.5,2.591,2592.94,Normal
2026-03-06 13:15:00,P-104,61.11,5.183,252.33,36.18,1426.2,2.275,2592.96,Normal
2026-03-06 13:30:00,P-102,63.88,,227.48,32.05,1452.7,2.13,2592.97,Normal
2026-03-06 13:45:00,P-101,68.29,5.143,243.47,35.03,1443.3,1.816,2592.98,Normal
2026-03-06 14:00:00,P-104,68.67,5.424,241.38,37.96,1463.0,2.105,2593.0,Normal
2026-03-06 14:15:00,P-101,68.07,5.129,237.94,32.32,1454.6,2.23,2593.02,Normal
2026-03-06 14:30:00,P-102,64.2,5.166,235.36,35.08,1478.4,1.865,2593.03,Normal
2026-03-06 14:45:00,P-101,68.96,4.961,231.97,33.02,1433.2,2.176,2593.04,Normal
2026-03-06 15:00:00,P-102,66.23,5.281,234.18,32.27,1437.2,1.855,2593.06,Normal
2026-03-06 15:15:00,P-102,68.48,5.063,208.34,28.25,1456.1,1.889,2593.07,Normal
2026-03-06 15:30:00,P-102,67.77,5.26,233.58,35.46,1447.7,1.891,2593.09,Normal
2026-03-06 15:45:00,P-101,61.33,4.786,220.19,31.5,1433.0,2.051,2593.1,Normal
2026-03-06 16:00:00,P-101,69.34,5.138,234.82,35.08,1456.7,1.825,2593.12,Normal
2026-03-06 16:15:00,P-104,65.03,5.086,228.48,31.89,1441.1,2.007,2593.14,Normal
2026-03-06 16:30:00,P-104,65.17,5.014,211.82,33.01,1458.1,2.126,2593.15,Normal
2026-03-06 16:45:00,P-103,64.44,5.189,237.91,32.61,1419.4,2.147,2593.16,Normal
2026-03-06 17:00:00,P-102,70.98,5.212,225.53,33.04,1444.7,2.17,2593.18,Normal
2026-03-06 17:15:00,P-104,65.52,5.06,217.4,30.15,1452.8,2.068,2593.2,Normal
2026-03-06 17:30:00,P-104,70.58,5.152,220.94,32.69,1453.0,2.033,2593.21,Normal
2026-03-06 17:45:00,P-102,65.16,4.86,209.96,28.42,1462.6,1.962,2593.22,Normal
2026-03-06 18:00:00,P-102,64.25,,214.61,30.76,1445.6,2.032,2593.24,Normal
2026-03-06 18:15:00,P-102,68.52,4.95,203.2,27.42,1458.1,1.732,2593.26,Normal
2026-03-06 18:30:00,P-101,66.77,5.098,209.43,31.44,1448.7,1.939,2593.27,Normal
2026-03-06 18:45:00,P-102,65.25,4.917,200.36,29.09,1463.2,2.269,2593.28,Normal
2026-03-06 19:00:00,P-104,64.42,5.05,220.38,28.97,1422.3,2.11,2593.3,Normal
2026-03-06 19:15:00,P-104,64.48,4.816,194.68,26.02,1403.1,2.128,2593.32,Normal
2026-03-06 19:30:00,P-103,66.6,4.894,205.86,28.16,1472.6,1.974,2593.33,Normal
2026-03-06 19:45:00,P-103,63.32,4.964,213.47,28.92,1439.8,1.814,2593.34,Normal
2026-03-06 20:00:00,P-104,64.19,4.89,207.47,26.98,1419.3,1.837,2593.36,Normal
2026-03-06 20:15:00,P-102,64.0,5.106,197.73,26.0,1447.1,1.549,2593.38,Normal
2026-03-06 20:30:00,P-104,65.15,,187.91,25.72,1440.7,2.116,2593.39,Normal
2026-03-06 20:45:00,P-101,68.92,5.26,206.54,28.34,1456.6,2.076,2593.41,Normal
2026-03-06 21:00:00,P-103,63.43,4.569,194.12,24.17,1458.9,1.662,2593.42,Normal
2026-03-06 21:15:00,P-102,62.88,4.802,189.12,26.37,1442.5,1.975,2593.44,Normal
2026-03-06 21:30:00,P-101,70.38,4.613,192.34,25.26,1466.7,1.959,2593.45,Normal
2026-03-06 21:45:00,P-103,63.97,4.86,201.22,26.59,1428.2,1.896,2593.46,Normal
2026-03-06 22:00:00,P-102,63.45,4.845,198.93,26.91,1407.7,1.904,2593.48,Normal
2026-03-06 22:15:00,P-101,64.61,4.895,203.69,29.41,1452.7,2.03,2593.5,Normal
2026-03-06 22:30:00,P-102,62.84,4.823,192.55,23.91,1445.4,1.874,2593.51,Normal
2026-03-06 22:45:00,P-103,63.36,4.642,188.43,23.83,1415.9,1.822,2593.52,Normal
2026-03-06 23:00:00,P-101,65.09,4.448,187.93,25.83,1461.0,1.811,2593.54,Normal
2026-03-06 23:15:00,P-104,62.73,4.662,183.77,21.42,1419.4,1.622,2593.55,Normal
2026-03-06 23:30:00,P-101,64.29,4.613,175.0,25.25,1448.0,1.903,2593.57,Normal
2026-03-06 23:45:00,P-101,64.49,4.595,184.33,24.38,1463.8,2.125,2593.58,Normal
2026-03-07 00:00:00,P-101,63.98,4.753,197.01,26.04,1454.6,1.667,2593.6,Normal
2026-03-07 00:15:00,P-101,63.13,4.746,179.75,24.97,1453.6,1.805,2593.61,Normal
2026-03-07 00:30:00,P-101,64.17,4.561,189.88,25.95,1441.5,1.655,2593.63,Normal
2026-03-07 00:45:00,P-102,60.68,4.861,202.24,24.4,1453.0,1.976,2593.64,Normal
2026-03-07 01:00:00,P-104,68.76,4.991,201.31,28.77,1459.2,1.976,2593.66,Normal
2026-03-07 01:15:00,P-103,61.73,5.075,197.86,28.6,1438.4,1.909,2593.68,Normal
2026-03-07 01:30:00,P-104,60.06,4.812,182.35,23.69,1429.6,1.656,2593.69,Normal
2026-03-07 01:45:00,P-102,58.36,4.703,189.5,24.64,1464.2,1.704,2593.7,Normal
2026-03-07 02:00:00,P-101,60.39,4.93,206.04,28.59,1483.3,1.796,2593.72,Normal
2026-03-07 02:15:00,P-101,63.62,4.719,190.32,27.01,1476.9,1.535,2593.74,Normal
2026-03-07 02:30:00,P-102,65.92,4.676,187.82,24.66,1402.7,2.042,2593.75,Normal
2026-03-07 02:45:00,P-103,60.48,4.936,199.51,27.22,1472.5,2.008,2593.76,Normal
2026-03-07 03:00:00,P-101,62.69,4.833,198.4,27.78,1438.6,2.145,2593.78,Normal
2026-03-07 03:15:00,P-103,60.93,4.784,192.88,26.49,1482.4,1.764,2593.8,Normal
2026-03-07 03:30:00,P-104,63.31,4.71,195.03,30.34,1431.3,1.972,2593.81,Normal
2026-03-07 03:45:00,P-104,66.59,5.068,201.37,27.61,1429.7,1.783,2593.82,Normal
2026-03-07 04:00:00,P-103,63.15,4.692,206.27,25.61,1449.1,1.718,2593.84,Normal
2026-03-07 04:15:00,P-102,60.33,4.982,211.1,26.67,1442.8,2.27,2593.86,Normal
2026-03-07 04:30:00,P-102,61.0,4.682,194.3,25.53,1443.7,1.777,2593.87,Normal
2026-03-07 04:45:00,P-104,61.35,4.704,200.43,25.31,1467.0,2.034,2593.89,Normal
2026-03-07 05:00:00,P-102,60.33,5.009,206.3,25.71,1472.3,1.945,2593.9,Normal
2026-03-07 05:15:00,P-101,58.94,4.885,210.98,30.92,1433.0,1.722,2593.92,Normal
2026-03-07 05:30:00,P-102,58.92,4.718,207.78,28.96,1479.5,,2593.93,Normal
2026-03-07 05:45:00,P-104,62.97,4.769,203.97,28.44,1427.8,1.997,2593.95,Normal
2026-03-07 06:00:00,P-102,63.9,5.077,218.95,28.71,1439.1,2.111,2593.96,Normal
2026-03-07 06:15:00,P-101,59.7,4.976,210.75,28.07,1495.6,1.601,2593.98,Normal
2026-03-07 06:30:00,P-104,62.24,4.952,226.83,29.63,1456.7,1.855,2593.99,Normal
2026-03-07 06:45:00,P-102,65.04,5.049,227.74,32.49,1438.2,2.139,2594.0,Normal
2026-03-07 07:00:00,P-103,57.68,5.114,228.84,31.22,1454.8,1.852,2594.02,Normal
2026-03-07 07:15:00,P-101,60.46,5.196,218.15,30.27,1462.7,2.245,2594.04,Normal
2026-03-07 07:30:00,P-102,66.53,5.099,235.04,31.28,1456.1,2.06,2594.05,Normal
2026-03-07 07:45:00,P-104,60.73,4.973,204.15,27.96,1473.0,2.025,2594.06,Normal
2026-03-07 08:00:00,P-101,60.05,5.258,222.57,34.04,1434.4,2.335,2594.08,Normal
2026-03-07 08:15:00,P-103,65.26,5.658,261.73,38.1,1438.2,2.047,2594.09,Normal
2026-03-07 08:30:00,P-101,64.51,4.985,229.61,30.57,1434.0,2.165,2594.11,Normal
2026-03-07 08:45:00,P-103,56.83,5.057,230.18,33.63,1435.0,2.116,2594.12,Normal
2026-03-07 09:00:00,P-104,63.77,5.167,234.08,35.14,1450.8,2.182,2594.14,Normal
2026-03-07 09:15:00,P-104,63.55,5.42,240.21,36.53,1430.9,2.174,2594.16,Normal
2026-03-07 09:30:00,P-102,60.34,5.242,236.18,37.32,1455.2,2.21,2594.17,Normal
2026-03-07 09:45:00,P-101,61.49,5.038,215.74,30.26,1461.4,1.474,2594.18,Normal
2026-03-07 10:00:00,P-102,63.65,5.269,237.58,35.52,1428.0,2.394,2594.2,Normal
2026-03-07 10:15:00,P-102,65.89,5.444,245.96,39.32,1438.7,2.055,2594.22,Normal
2026-03-07 10:30:00,P-102,63.61,5.288,248.72,36.46,1440.8,2.503,2594.23,Normal
2026-03-07 10:45:00,P-101,60.72,5.245,224.06,32.2,1446.1,1.91,2594.24,Normal
2026-03-07 11:00:00,P-102,61.24,5.14,244.67,34.26,1447.0,1.992,2594.26,Normal
2026-03-07 11:15:00,P-102,61.7,5.102,222.43,33.59,1466.3,2.153,2594.28,Normal
2026-03-07 11:30:00,P-101,67.55,5.203,247.73,37.96,1467.6,2.281,2594.29,Normal
2026-03-07 11:45:00,P-101,64.38,5.181,233.92,34.59,1435.4,2.183,2594.3,Normal
2026-03-07 12:00:00,P-101,64.81,5.223,241.78,35.35,1462.5,2.23,2594.32,Normal
2026-03-07 12:15:00,P-101,62.01,5.291,228.53,31.25,1474.7,2.083,2594.34,Normal
2026-03-07 12:30:00,P-102,63.91,5.188,234.83,33.93,1471.8,2.06,2594.35,Normal
2026-03-07 12:45:00,P-101,68.34,5.315,252.16,37.29,1453.7,2.351,2594.36,Normal
2026-03-07 13:00:00,P-104,66.74,5.211,236.27,36.2,1449.0,2.036,2594.38,Normal
2026-03-07 13:15:00,P-103,64.12,5.382,225.5,34.75,1424.7,2.138,2594.4,Normal
2026-03-07 13:30:00,P-104,59.03,4.928,222.55,33.1,1442.6,1.773,2594.41,Normal
2026-03-07 13:45:00,P-102,62.76,4.968,217.11,28.53,1423.1,2.075,2594.43,Normal
2026-03-07 14:00:00,P-102,63.85,5.096,223.49,30.91,1470.5,2.079,2594.44,Normal
2026-03-07 14:15:00,P-101,64.25,5.128,241.71,33.6,1445.3,2.129,2594.46,Normal
2026-03-07 14:30:00,P-102,66.21,5.331,244.51,34.94,1448.4,2.489,2594.47,Normal
2026-03-07 14:45:00,P-103,67.61,5.116,222.15,32.68,1438.9,2.351,2594.48,Normal
2026-03-07 15:00:00,P-101,67.72,5.333,251.89,37.71,1424.6,2.366,2594.5,Normal
2026-03-07 15:15:00,P-101,67.98,5.098,222.26,32.69,1462.8,2.216,2594.52,Normal
2026-03-07 15:30:00,P-101,62.96,5.101,228.71,31.2,1459.0,2.094,2594.53,Normal
2026-03-07 15:45:00,P-101,64.88,4.868,212.4,29.64,1466.8,2.071,2594.54,Normal
2026-03-07 16:00:00,P-101,63.18,5.215,230.54,32.74,1418.5,2.207,2594.56,Normal
2026-03-07 16:15:00,P-103,67.51,5.067,245.69,35.32,1473.7,2.294,2594.57,Normal
2026-03-07 16:30:00,P-101,62.67,4.834,202.79,29.66,1447.7,1.956,2594.59,Normal
2026-03-07 16:45:00,P-104,69.05,5.084,217.63,31.85,1464.0,2.115,2594.6,Normal
2026-03-07 17:00:00,P-104,68.56,5.296,231.44,32.62,1402.6,2.114,2594.62,Normal
2026-03-07 17:15:00,P-104,67.41,5.174,200.03,28.26,1457.4,2.004,2594.64,Normal
2026-03-07 17:30:00,P-102,66.0,5.005,211.27,33.26,1448.7,2.203,2594.65,Normal
2026-03-07 17:45:00,P-104,65.23,4.994,228.48,30.24,1446.0,1.947,2594.66,Normal
2026-03-07 18:00:00,P-103,64.06,5.04,227.21,30.57,1448.2,2.009,2594.68,Normal
2026-03-07 18:15:00,P-103,67.29,5.226,217.47,30.89,1439.3,2.015,2594.7,Normal
2026-03-07 18:30:00,P-104,71.69,5.277,226.8,31.58,1424.6,1.879,2594.71,Normal
2026-03-07 18:45:00,P-102,68.67,4.968,219.08,31.9,1427.2,2.312,2594.72,Normal
2026-03-07 19:00:00,P-103,65.02,4.878,212.68,28.84,1450.5,1.781,2594.74,Normal
2026-03-07 19:15:00,P-103,64.88,4.937,198.02,26.95,1473.6,2.148,2594.76,Normal
2026-03-07 19:30:00,P-104,64.74,4.894,201.01,25.65,1469.9,1.614,2594.77,Normal
2026-03-07 19:45:00,P-104,70.84,5.01,212.4,28.26,1454.1,1.69,2594.78,Normal
2026-03-07 20:00:00,P-101,66.83,4.658,191.72,27.43,1441.2,1.747,2594.8,Normal
2026-03-07 20:15:00,P-101,65.54,4.867,199.38,26.12,1487.1,1.936,2594.82,Normal
2026-03-07 20:30:00,P-101,65.36,4.926,200.84,27.19,1462.3,1.947,2594.83,Normal
2026-03-07 20:45:00,P-104,65.07,4.635,193.2,26.73,1460.7,2.064,2594.84,Normal
2026-03-07 21:00:00,P-103,66.03,4.964,201.9,26.51,1426.0,1.731,2594.86,Normal
2026-03-07 21:15:00,P-104,65.91,5.117,211.17,30.23,1454.6,2.165,2594.88,Normal
2026-03-07 21:30:00,P-103,62.36,4.656,190.42,26.36,1427.7,1.531,2594.89,Normal
2026-03-07 21:45:00,P-103,66.02,4.817,195.42,24.09,1487.5,1.63,2594.91,Normal
2026-03-07 22:00:00,P-101,64.92,4.925,200.06,25.32,1434.9,1.838,2594.92,Normal
2026-03-07 22:15:00,P-102,66.08,4.852,190.4,24.95,1439.1,1.635,2594.94,Normal
2026-03-07 22:30:00,P-103,68.5,5.039,206.43,29.63,1438.3,1.999,2594.95,Normal
2026-03-07 22:45:00,P-103,64.69,4.728,194.36,24.8,1443.3,1.702,2594.96,Normal
2026-03-07 23:00:00,P-102,63.78,4.727,179.79,24.94,1462.1,1.972,2594.98,Normal
2026-03-07 23:15:00,P-104,68.47,4.228,176.91,20.88,1450.1,1.853,2595.0,Normal
2026-03-07 23:30:00,P-101,61.85,4.69,175.04,24.27,1450.8,1.583,2595.01,Normal
2026-03-07 23:45:00,P-102,58.62,4.658,175.97,21.96,1462.9,1.627,2595.02,Normal
2026-03-08 00:00:00,P-103,62.22,4.897,190.68,25.03,1422.7,1.807,2595.04,Normal
2026-03-08 00:15:00,P-101,64.52,4.466,178.64,22.84,1463.5,1.962,2595.05,Normal
2026-03-08 00:30:00,P-103,60.45,4.931,188.92,41.3,1452.4,4.497,2595.07,Normal
2026-03-08 00:45:00,P-103,60.39,4.83,183.75,25.66,1437.3,1.378,2595.08,Normal
2026-03-08 01:00:00,P-102,64.08,4.609,190.03,24.6,1452.4,1.715,2595.1,Normal
2026-03-08 01:15:00,P-102,60.37,4.765,194.96,20.52,1452.0,1.593,2595.11,Normal
2026-03-08 01:30:00,P-102,61.91,4.832,196.35,27.91,1402.8,1.575,2595.13,Normal
2026-03-08 01:45:00,P-102,63.11,4.452,179.95,23.43,1474.7,1.764,2595.14,Normal
2026-03-08 02:00:00,P-104,58.9,4.718,183.36,23.11,1471.8,1.554,2595.16,Normal
2026-03-08 02:15:00,P-102,59.1,4.76,197.01,26.68,1426.5,1.962,2595.18,Normal
2026-03-08 02:30:00,P-101,58.43,4.587,201.79,28.24,1436.4,1.642,2595.19,Normal
2026-03-08 02:45:00,P-103,62.15,4.79,191.94,25.72,1474.4,2.362,2595.2,Normal
2026-03-08 03:00:00,P-103,62.16,4.829,205.31,25.5,1462.0,2.082,2595.22,Normal
2026-03-08 03:15:00,P-101,59.44,4.961,195.24,26.32,1457.0,1.73,2595.24,Normal
2026-03-08 03:30:00,P-101,58.7,4.862,206.05,26.39,1457.8,1.755,2595.25,Normal
2026-03-08 03:45:00,P-102,59.54,4.84,183.64,26.21,1456.7,1.797,2595.26,Normal
2026-03-08 04:00:00,P-104,65.17,5.082,217.08,30.15,1430.8,2.147,2595.28,Normal
2026-03-08 04:15:00,P-102,58.48,4.921,199.22,24.78,1439.8,1.785,2595.3,Normal
2026-03-08 04:30:00,P-102,60.78,4.9,214.27,30.25,1468.0,1.795,2595.31,Normal
2026-03-08 04:45:00,P-101,58.06,4.89,204.53,27.77,1461.8,1.65,2595.32,Normal
2026-03-08 05:00:00,P-104,60.8,4.956,214.22,28.23,1455.1,1.978,2595.34,Normal
2026-03-08 05:15:00,P-101,62.32,5.062,218.72,27.57,1438.3,1.859,2595.36,Normal
2026-03-08 05:30:00,P-103,66.65,5.069,221.59,31.25,1467.8,,2595.37,Normal
2026-03-08 05:45:00,P-101,60.75,4.803,205.66,27.69,1432.6,1.535,2595.39,Normal
2026-03-08 06:00:00,P-101,61.95,5.026,225.52,31.19,1476.7,2.13,2595.4,Normal
2026-03-08 06:15:00,P-101,64.75,5.352,222.34,33.97,1436.9,2.045,2595.42,Normal
2026-03-08 06:30:00,P-102,62.58,4.779,209.58,27.57,1434.3,1.672,2595.43,Normal
2026-03-08 06:45:00,P-101,60.15,5.111,210.44,30.76,1450.5,2.082,2595.45,Normal
2026-03-08 07:00:00,P-104,66.09,5.142,217.08,30.89,1453.8,2.085,2595.46,Normal
2026-03-08 07:15:00,P-103,61.26,5.095,219.42,30.47,1451.7,1.872,2595.48,Normal
2026-03-08 07:30:00,P-102,63.82,5.464,242.77,32.78,1426.2,2.268,2595.49,Normal
2026-03-08 07:45:00,P-104,62.21,5.112,216.67,29.41,1457.6,1.753,2595.5,Normal
2026-03-08 08:00:00,P-104,61.96,5.066,213.69,30.05,1467.6,1.6,2595.52,Normal
2026-03-08 08:15:00,P-102,67.01,5.209,239.96,33.31,1448.5,2.146,2595.54,Normal
2026-03-08 08:30:00,P-104,61.63,5.239,223.09,34.22,1422.2,1.967,2595.55,Normal
2026-03-08 08:45:00,P-104,66.17,5.421,244.02,36.66,1446.2,2.002,2595.56,Normal
2026-03-08 09:00:00,P-101,62.67,5.121,214.3,31.67,1429.6,2.183,2595.58,Normal
2026-03-08 09:15:00,P-102,,5.095,233.54,34.83,1415.2,2.162,2595.59,Normal
2026-03-08 09:30:00,P-104,62.0,4.98,225.04,31.9,1440.1,2.378,2595.61,Normal
2026-03-08 09:45:00,P-103,62.61,5.23,233.35,35.87,1479.2,2.213,2595.62,Normal
2026-03-08 10:00:00,P-104,63.45,4.867,214.39,30.71,1448.5,2.129,2595.64,Normal
2026-03-08 10:15:00,P-102,65.03,5.217,236.75,34.23,1445.1,2.025,2595.66,Normal
2026-03-08 10:30:00,P-101,62.3,4.957,241.25,33.78,1462.8,1.78,2595.67,Normal
2026-03-08 10:45:00,P-104,66.91,5.32,228.03,34.45,1461.0,2.503,2595.68,Normal
2026-03-08 11:00:00,P-102,65.45,5.334,235.46,32.58,1423.6,2.219,2595.7,Normal
2026-03-08 11:15:00,P-103,63.4,5.164,225.09,33.25,1483.6,2.392,2595.72,Normal
2026-03-08 11:30:00,P-102,64.18,5.523,234.39,35.47,1453.6,1.989,2595.73,Normal
2026-03-08 11:45:00,P-103,64.47,5.296,233.42,32.19,1466.3,2.271,2595.74,Normal
2026-03-08 12:00:00,P-104,66.81,5.344,247.87,35.57,1439.3,2.243,2595.76,Normal
2026-03-08 12:15:00,P-102,63.43,5.413,251.36,39.61,1414.8,2.475,2595.78,Normal
2026-03-08 12:30:00,P-104,67.39,5.329,246.3,36.65,1447.9,2.352,2595.79,Normal
2026-03-08 12:45:00,P-104,65.46,5.167,222.85,32.27,1430.2,2.025,2595.8,Normal
2026-03-08 13:00:00,P-101,59.87,5.166,227.68,34.15,1471.1,2.172,2595.82,Normal
2026-03-08 13:15:00,P-104,66.48,5.329,235.99,33.73,1424.5,2.112,2595.84,Normal
2026-03-08 13:30:00,P-103,67.27,5.288,236.79,34.83,1450.5,2.293,2595.85,Normal
2026-03-08 13:45:00,P-102,65.94,5.059,233.27,32.78,1460.8,1.914,2595.86,Normal
2026-03-08 14:00:00,P-103,68.15,5.37,235.09,35.85,1457.7,2.033,2595.88,Normal
2026-03-08 14:15:00,P-101,65.41,5.166,237.86,32.5,1441.0,2.1,2595.9,Normal
2026-03-08 14:30:00,P-104,65.67,5.359,249.44,35.76,1418.0,2.348,2595.91,Normal
2026-03-08 14:45:00,P-104,62.13,5.033,220.41,32.94,1422.9,2.11,2595.93,Normal
2026-03-08 15:00:00,P-104,69.84,5.234,239.26,35.09,1436.4,2.118,2595.94,Normal
2026-03-08 15:15:00,P-103,66.85,5.293,217.37,30.87,1424.6,2.213,2595.96,Normal
2026-03-08 15:30:00,P-104,68.14,4.934,226.16,30.56,1448.6,2.134,2595.97,Normal
2026-03-08 15:45:00,P-101,65.58,5.237,239.48,33.89,1436.3,2.041,2595.98,Normal
2026-03-08 16:00:00,P-104,69.29,5.148,235.45,30.93,1426.7,1.947,2596.0,Normal
2026-03-08 16:15:00,P-101,62.39,4.738,221.37,31.07,1424.4,1.971,2596.02,Normal
2026-03-08 16:30:00,P-104,64.67,5.143,221.19,33.37,1421.3,1.938,2596.03,Normal
2026-03-08 16:45:00,P-104,65.58,4.866,214.4,28.34,1449.0,1.816,2596.04,Normal
2026-03-08 17:00:00,P-103,67.82,5.062,217.66,30.89,1436.8,2.151,2596.06,Normal
2026-03-08 17:15:00,P-104,70.93,5.217,229.47,34.04,1450.5,2.268,2596.07,Normal
2026-03-08 17:30:00,P-101,65.51,4.994,217.89,29.65,1448.6,1.967,2596.09,Normal
2026-03-08 17:45:00,P-101,64.24,5.005,215.4,29.96,1446.3,1.976,2596.1,Normal
2026-03-08 18:00:00,P-101,63.26,4.764,199.22,30.09,1461.7,1.779,2596.12,Normal
2026-03-08 18:15:00,P-101,64.12,4.979,203.18,30.77,1423.5,1.738,2596.14,Normal
2026-03-08 18:30:00,P-101,72.59,5.07,227.29,30.66,1461.7,2.205,2596.15,Normal
2026-03-08 18:45:00,P-101,67.74,4.684,212.49,28.36,1457.1,1.721,2596.16,Normal
2026-03-08 19:00:00,P-103,67.44,4.909,198.37,27.93,1446.4,1.762,2596.18,Normal
2026-03-08 19:15:00,P-104,64.97,4.991,200.14,28.24,1435.5,1.786,2596.2,Normal
2026-03-08 19:30:00,P-101,64.2,4.901,190.56,26.23,1450.7,1.892,2596.21,Normal
2026-03-08 19:45:00,P-104,66.13,5.02,191.54,22.85,1458.1,1.804,2596.22,Normal
2026-03-08 20:00:00,P-101,65.46,5.05,209.73,27.11,1424.8,1.869,2596.24,Normal
2026-03-08 20:15:00,P-103,64.42,4.869,207.12,28.96,1461.0,2.116,2596.26,Normal
2026-03-08 20:30:00,P-102,65.25,5.107,210.4,30.71,1481.3,2.277,2596.27,Normal
2026-03-08 20:45:00,P-102,63.79,4.677,197.68,26.83,1448.8,1.926,2596.28,Normal
2026-03-08 21:00:00,P-102,64.76,4.575,195.22,24.79,1473.5,1.876,2596.3,Normal
2026-03-08 21:15:00,P-103,63.28,4.767,192.8,26.62,1458.5,1.793,2596.32,Normal
2026-03-08 21:30:00,P-102,62.55,4.669,164.26,22.69,1454.7,1.674,2596.33,Normal
2026-03-08 21:45:00,P-103,64.96,4.685,192.96,24.42,1437.4,1.626,2596.34,Normal
2026-03-08 22:00:00,P-103,63.52,4.788,180.65,24.69,1443.9,1.999,2596.36,Normal
2026-03-08 22:15:00,P-104,63.29,4.93,211.46,28.21,1432.3,1.884,2596.38,Normal
2026-03-08 22:30:00,P-103,64.68,4.837,195.53,27.53,1467.0,1.748,2596.39,Normal
2026-03-08 22:45:00,P-103,61.27,4.459,177.24,22.93,1436.6,1.682,2596.41,Normal
2026-03-08 23:00:00,P-101,64.43,4.862,204.71,28.23,1481.7,2.008,2596.42,Normal
2026-03-08 23:15:00,P-103,65.21,4.631,185.11,25.83,1457.9,1.742,2596.44,Normal
2026-03-08 23:30:00,P-103,59.28,4.825,183.51,21.55,1457.1,1.606,2596.45,Normal
2026-03-08 23:45:00,P-104,67.63,4.855,186.32,27.27,1426.2,1.436,2596.46,Normal
2026-03-09 00:00:00,P-103,62.16,4.635,186.05,26.1,1462.0,1.774,2596.48,Normal
2026-03-09 00:15:00,P-101,64.62,5.051,205.09,27.61,1446.0,1.96,2596.5,Normal
2026-03-09 00:30:00,P-103,60.82,4.774,186.21,25.39,1439.8,1.734,2596.51,Normal
2026-03-09 00:45:00,P-104,64.71,4.523,192.31,26.34,1438.2,1.673,2596.52,Normal
2026-03-09 01:00:00,P-103,62.4,4.781,183.69,27.16,1427.7,1.658,2596.54,Normal
2026-03-09 01:15:00,P-104,61.85,5.009,204.16,26.58,1450.2,1.807,2596.55,Normal
2026-03-09 01:30:00,P-103,61.04,4.693,193.07,28.47,1447.0,1.66,2596.57,Normal
2026-03-09 01:45:00,P-101,62.16,4.847,201.33,25.13,1426.4,1.702,2596.58,Normal
2026-03-09 02:00:00,P-101,62.83,4.628,195.35,25.74,1459.3,1.774,2596.6,Normal
2026-03-09 02:15:00,P-102,,4.616,188.18,26.56,1488.3,2.179,2596.61,Normal
2026-03-09 02:30:00,P-101,62.19,4.767,197.58,27.8,1424.4,2.332,2596.63,Normal
2026-03-09 02:45:00,P-102,59.44,4.612,195.5,26.83,1448.0,2.051,2596.64,Normal
2026-03-09 03:00:00,P-102,59.35,4.708,197.87,24.71,1479.8,1.971,2596.66,Normal
2026-03-09 03:15:00,P-104,61.49,5.156,205.71,28.96,1436.0,1.616,2596.68,Normal
2026-03-09 03:30:00,P-102,63.38,4.947,213.27,30.73,1457.9,2.449,2596.69,Normal
2026-03-09 03:45:00,P-103,62.32,4.914,201.22,25.23,1457.1,1.95,2596.7,Normal
2026-03-09 04:00:00,P-103,62.2,4.925,194.24,26.3,1461.8,1.665,2596.72,Normal
2026-03-09 04:15:00,P-103,62.15,4.849,206.91,29.26,1483.0,2.472,2596.74,Normal
2026-03-09 04:30:00,P-103,62.4,4.839,209.19,29.56,1417.8,1.941,2596.75,Normal
2026-03-09 04:45:00,P-103,60.77,5.004,208.72,29.11,1453.4,2.091,2596.76,Normal
2026-03-09 05:00:00,P-104,56.76,4.795,202.89,28.04,1441.0,1.857,2596.78,Normal
2026-03-09 05:15:00,P-102,60.74,5.031,207.2,28.92,1449.3,2.067,2596.8,Normal
2026-03-09 05:30:00,P-102,60.12,5.134,211.18,29.09,1450.8,2.079,2596.81,Normal
2026-03-09 05:45:00,P-101,58.15,4.718,211.48,28.1,1444.7,2.083,2596.82,Normal
2026-03-09 06:00:00,P-101,59.97,4.939,209.46,29.85,1430.4,2.219,2596.84,Normal
2026-03-09 06:15:00,P-101,61.72,4.988,214.57,32.18,1431.7,2.036,2596.86,Normal
2026-03-09 06:30:00,P-101,58.45,4.908,226.1,28.26,1488.3,2.019,2596.87,Normal
2026-03-09 06:45:00,P-102,60.64,5.031,225.99,44.26,1425.1,6.105,2596.89,Normal
2026-03-09 07:00:00,P-102,66.07,5.097,222.95,31.98,1472.1,1.916,2596.9,Normal
2026-03-09 07:15:00,P-104,58.97,5.142,225.82,35.23,1431.4,1.933,2596.92,Normal
2026-03-09 07:30:00,P-102,61.11,5.068,215.66,31.21,1451.7,1.977,2596.93,Normal
2026-03-09 07:45:00,P-104,60.01,5.272,231.33,31.62,1485.4,2.332,2596.95,Normal
2026-03-09 08:00:00,P-103,60.47,5.109,226.81,32.01,1464.3,2.159,2596.96,Normal
2026-03-09 08:15:00,P-101,60.66,5.143,212.62,28.63,1424.1,1.989,2596.98,Normal
2026-03-09 08:30:00,P-102,60.8,5.124,242.15,33.09,1443.9,2.082,2596.99,Normal
2026-03-09 08:45:00,P-102,63.93,5.017,230.2,33.95,1449.5,1.897,2597.0,Normal
2026-03-09 09:00:00,P-103,68.02,5.358,248.87,39.4,1468.6,2.101,2597.02,Normal
2026-03-09 09:15:00,P-103,66.05,5.36,236.77,37.27,1450.9,2.231,2597.04,Normal
2026-03-09 09:30:00,P-101,65.96,5.351,233.28,34.75,1447.1,2.167,2597.05,Normal
2026-03-09 09:45:00,P-103,60.44,5.392,228.65,34.96,1481.0,2.285,2597.06,Normal
2026-03-09 10:00:00,P-103,63.05,5.253,234.08,35.28,1478.4,2.107,2597.08,Normal
2026-03-09 10:15:00,P-101,63.75,5.212,221.74,35.17,1462.6,2.183,2597.09,Normal
2026-03-09 10:30:00,P-103,64.17,5.227,224.69,30.65,1438.7,1.766,2597.11,Normal
2026-03-09 10:45:00,P-101,67.07,5.054,225.57,34.76,1402.3,1.927,2597.12,Normal
2026-03-09 11:00:00,P-102,66.5,5.201,239.96,33.15,1427.0,2.198,2597.14,Normal
2026-03-09 11:15:00,P-103,64.45,5.378,221.61,32.47,1422.2,2.033,2597.16,Normal
2026-03-09 11:30:00,P-103,69.85,5.291,235.53,32.99,1448.9,2.259,2597.17,Normal
2026-03-09 11:45:00,P-103,64.72,5.278,239.39,33.46,1466.9,2.356,2597.18,Normal
2026-03-09 12:00:00,P-103,64.07,5.328,245.19,34.0,1485.6,2.367,2597.2,Normal
2026-03-09 12:15:00,P-103,64.86,5.02,227.24,32.64,1472.9,2.405,2597.22,Normal
2026-03-09 12:30:00,P-102,62.91,5.129,238.2,34.6,1437.2,2.466,2597.23,Normal
2026-03-09 12:45:00,P-102,67.08,5.268,252.74,39.15,1454.6,2.196,2597.24,Normal
2026-03-09 13:00:00,P-104,62.33,5.341,246.94,33.17,1457.2,2.608,2597.26,Normal
2026-03-09 13:15:00,P-102,64.0,5.131,231.62,33.27,1421.9,2.637,2597.28,Normal
2026-03-09 13:30:00,P-103,65.49,5.225,240.43,32.9,1434.3,1.908,2597.29,Normal
2026-03-09 13:45:00,P-103,67.99,5.172,227.76,35.22,1442.2,2.034,2597.3,Normal
2026-03-09 14:00:00,P-103,67.79,4.94,222.33,34.42,1488.3,2.155,2597.32,Normal
2026-03-09 14:15:00,P-101,63.33,5.231,223.64,32.32,1457.0,2.125,2597.34,Normal
2026-03-09 14:30:00,P-103,71.71,5.064,239.85,34.56,1426.3,1.88,2597.35,Normal
2026-03-09 14:45:00,P-101,66.26,5.048,227.63,30.78,1442.4,1.919,2597.36,Normal
2026-03-09 15:00:00,P-103,65.93,4.905,217.02,33.7,1458.1,2.081,2597.38,Normal
2026-03-09 15:15:00,P-102,62.85,5.039,223.26,34.47,1445.5,2.057,2597.4,Normal
2026-03-09 15:30:00,P-102,65.23,5.169,225.01,30.53,1443.6,2.208,2597.41,Normal
2026-03-09 15:45:00,P-103,67.06,5.091,201.18,29.97,1463.2,2.314,2597.43,Normal
2026-03-09 16:00:00,P-103,,4.914,222.85,30.75,1475.2,1.844,2597.44,Normal
2026-03-09 16:15:00,P-101,67.58,5.101,230.07,32.72,1471.9,2.528,2597.46,Normal
2026-03-09 16:30:00,P-103,67.47,4.904,227.65,30.82,1444.6,2.415,2597.47,Normal
2026-03-09 16:45:00,P-102,65.38,5.185,239.44,32.66,1447.0,1.861,2597.48,Normal
2026-03-09 17:00:00,P-103,67.43,5.161,237.94,32.99,1444.4,1.887,2597.5,Normal
2026-03-09 17:15:00,P-102,70.88,5.245,233.09,35.33,1469.0,2.029,2597.52,Normal
2026-03-09 17:30:00,P-102,71.34,5.003,242.27,33.94,1443.0,2.0,2597.53,Normal
2026-03-09 17:45:00,P-104,66.78,5.122,221.95,32.31,1415.4,2.142,2597.54,Normal
2026-03-09 18:00:00,P-101,69.88,4.868,216.27,31.2,1458.7,2.104,2597.56,Normal
2026-03-09 18:15:00,P-104,64.32,4.894,217.56,31.82,1459.5,2.052,2597.57,Normal
2026-03-09 18:30:00,P-104,63.48,4.893,204.9,30.55,1442.7,1.99,2597.59,Normal
2026-03-09 18:45:00,P-103,70.21,5.002,217.92,30.06,1483.4,1.927,2597.6,Normal
2026-03-09 19:00:00,P-104,66.59,4.83,200.15,29.58,1440.2,1.966,2597.62,Normal
2026-03-09 19:15:00,P-102,65.5,4.788,200.92,27.39,1475.5,2.29,2597.64,Normal
2026-03-09 19:30:00,P-104,64.93,4.796,200.88,27.72,1425.9,1.442,2597.65,Normal
2026-03-09 19:45:00,P-103,63.11,4.702,200.01,28.31,1455.0,1.862,2597.66,Normal
2026-03-09 20:00:00,P-103,66.33,4.945,204.06,27.02,1435.4,1.998,2597.68,Normal
2026-03-09 20:15:00,P-104,65.5,4.937,187.97,22.64,1448.7,1.854,2597.7,Normal
2026-03-09 20:30:00,P-103,63.34,4.754,187.71,22.36,1463.7,1.811,2597.71,Normal
2026-03-09 20:45:00,P-103,61.0,4.659,185.07,23.48,1439.7,1.99,2597.72,Normal
2026-03-09 21:00:00,P-104,64.24,4.811,183.73,25.27,1437.4,1.691,2597.74,Normal
2026-03-09 21:15:00,P-101,,4.565,192.3,24.11,1446.0,2.189,2597.76,Normal
2026-03-09 21:30:00,P-101,62.53,5.007,185.91,26.58,1517.7,1.595,2597.77,Normal
2026-03-09 21:45:00,P-102,67.13,4.642,194.04,25.37,1453.6,1.955,2597.78,Normal
2026-03-09 22:00:00,P-101,69.69,4.588,196.9,27.09,1452.6,1.886,2597.8,Normal
2026-03-09 22:15:00,P-101,68.72,4.959,203.72,26.54,1457.8,1.911,2597.82,Normal
2026-03-09 22:30:00,P-103,65.98,4.732,199.44,26.23,1419.1,2.015,2597.83,Normal
2026-03-09 22:45:00,P-101,63.36,4.783,189.51,27.15,1466.6,1.735,2597.84,Normal
2026-03-09 23:00:00,P-104,63.25,4.604,195.76,27.13,1462.8,2.017,2597.86,Normal
2026-03-09 23:15:00,P-103,64.91,5.088,184.75,25.38,1417.9,2.225,2597.88,Normal
2026-03-09 23:30:00,P-102,62.75,,197.84,26.7,1493.3,1.805,2597.89,Normal
2026-03-09 23:45:00,P-103,65.91,4.92,184.34,23.86,1450.1,1.73,2597.91,Normal
2026-03-10 00:00:00,P-101,59.17,4.825,195.67,24.84,1429.9,2.104,2597.92,Normal
2026-03-10 00:15:00,P-102,59.57,4.607,167.0,22.84,1455.6,1.836,2597.94,Normal
2026-03-10 00:30:00,P-104,63.67,4.67,189.87,27.01,1433.6,1.502,2597.95,Normal
2026-03-10 00:45:00,P-102,59.88,4.812,196.47,24.23,1421.0,1.885,2597.96,Normal
2026-03-10 01:00:00,P-103,62.38,4.764,188.96,29.11,1445.1,2.015,2597.98,Normal
2026-03-10 01:15:00,P-102,64.45,5.046,204.01,26.88,1445.9,1.894,2598.0,Normal
2026-03-10 01:30:00,P-104,63.63,4.535,188.43,22.92,1421.7,1.997,2598.01,Normal
2026-03-10 01:45:00,P-104,59.9,4.813,198.83,29.64,1436.0,1.614,2598.02,Normal
2026-03-10 02:00:00,P-102,57.3,4.575,177.98,22.76,1431.4,1.367,2598.04,Normal
2026-03-10 02:15:00,P-102,58.15,4.666,183.44,35.04,1443.6,6.584,2598.05,Normal
2026-03-10 02:30:00,P-102,57.57,4.688,194.83,25.16,1461.7,1.677,2598.07,Normal
2026-03-10 02:45:00,P-101,57.57,4.797,194.3,24.78,1452.5,1.819,2598.08,Normal
2026-03-10 03:00:00,P-103,57.47,4.581,180.1,23.38,1449.4,1.555,2598.1,Normal
2026-03-10 03:15:00,P-104,64.25,4.945,197.28,24.96,1417.1,2.054,2598.11,Normal
2026-03-10 03:30:00,P-104,60.83,5.049,209.37,29.36,1449.5,1.973,2598.13,Normal
2026-03-10 03:45:00,P-103,61.89,4.924,203.32,28.97,1430.4,1.919,2598.14,Normal
2026-03-10 04:00:00,P-103,58.36,5.062,186.72,26.44,1419.1,1.642,2598.16,Normal
2026-03-10 04:15:00,P-101,62.2,4.982,193.71,26.67,1465.8,1.869,2598.18,Normal
2026-03-10 04:30:00,P-102,64.94,5.121,199.65,28.17,1426.0,1.969,2598.19,Normal
2026-03-10 04:45:00,P-104,60.42,5.028,225.68,31.92,1451.7,1.928,2598.2,Normal
2026-03-10 05:00:00,P-103,62.12,4.446,176.52,23.76,1441.2,1.674,2598.22,Normal
2026-03-10 05:15:00,P-103,60.86,4.746,207.14,28.39,1432.8,1.889,2598.24,Normal
2026-03-10 05:30:00,P-103,61.01,4.863,215.6,29.39,1472.0,2.078,2598.25,Normal
2026-03-10 05:45:00,P-104,60.93,4.74,202.8,27.52,1439.2,1.979,2598.26,Normal
2026-03-10 06:00:00,P-103,61.73,4.683,197.37,30.36,1440.4,2.176,2598.28,Normal
2026-03-10 06:15:00,P-103,65.16,5.099,206.91,29.18,1436.8,1.968,2598.3,Normal
2026-03-10 06:30:00,P-101,61.83,4.723,206.89,27.75,1453.2,2.146,2598.31,Normal
2026-03-10 06:45:00,P-104,62.63,5.14,226.26,30.68,1447.1,1.809,2598.32,Normal
2026-03-10 07:00:00,P-103,61.14,5.359,220.99,32.04,1437.4,2.136,2598.34,Normal
2026-03-10 07:15:00,P-103,63.26,4.942,214.39,30.6,1433.4,2.086,2598.36,Normal
2026-03-10 07:30:00,P-103,59.25,5.079,218.92,32.24,1449.3,2.446,2598.37,Normal
2026-03-10 07:45:00,P-103,61.99,5.027,214.78,32.19,1438.3,1.929,2598.39,Normal
2026-03-10 08:00:00,P-102,68.39,5.204,224.44,32.0,1481.0,1.853,2598.4,Normal
2026-03-10 08:15:00,P-104,55.13,4.82,207.65,29.55,1440.5,1.837,2598.42,Normal
2026-03-10 08:30:00,P-101,63.3,5.16,244.56,33.59,1456.0,2.003,2598.43,Normal
2026-03-10 08:45:00,P-102,62.73,5.242,220.26,32.83,1448.4,2.145,2598.45,Normal
2026-03-10 09:00:00,P-101,63.34,5.269,249.81,35.45,1444.8,1.956,2598.46,Normal
2026-03-10 09:15:00,P-101,62.97,5.031,230.03,34.27,1466.2,2.213,2598.48,Normal
2026-03-10 09:30:00,P-102,64.32,5.439,242.85,34.08,1460.4,2.199,2598.49,Normal
2026-03-10 09:45:00,P-101,61.79,4.948,226.99,31.28,1460.1,2.234,2598.5,Normal
2026-03-10 10:00:00,P-102,63.59,5.18,231.33,33.72,1459.9,2.225,2598.52,Normal
2026-03-10 10:15:00,P-101,61.44,5.17,224.6,32.29,1420.9,2.216,2598.54,Normal
2026-03-10 10:30:00,P-102,67.63,5.17,233.61,31.33,1457.9,2.192,2598.55,Normal
2026-03-10 10:45:00,P-102,64.57,5.643,248.1,35.97,1445.5,2.436,2598.56,Normal
2026-03-10 11:00:00,P-103,66.78,5.453,247.56,36.05,1440.8,1.975,2598.58,Normal
2026-03-10 11:15:00,P-101,61.86,5.107,223.68,34.29,1512.3,1.826,2598.59,Normal
2026-03-10 11:30:00,P-101,66.19,5.269,232.18,34.18,1423.5,2.127,2598.61,Normal
2026-03-10 11:45:00,P-103,66.27,5.258,235.43,35.09,1448.4,2.17,2598.62,Normal
2026-03-10 12:00:00,P-101,66.35,5.298,240.84,35.67,1446.9,2.011,2598.64,Normal
2026-03-10 12:15:00,P-104,61.22,5.11,222.81,30.96,1448.5,2.155,2598.66,Normal
2026-03-10 12:30:00,P-104,62.13,5.041,216.52,31.4,1431.7,1.827,2598.67,Normal
2026-03-10 12:45:00,P-102,69.53,5.304,235.43,36.07,1454.1,2.138,2598.68,Normal
2026-03-10 13:00:00,P-103,62.1,4.995,224.24,30.92,1429.8,2.034,2598.7,Normal
2026-03-10 13:15:00,P-103,66.68,4.958,220.75,34.28,1455.1,2.227,2598.72,Normal
2026-03-10 13:30:00,P-103,63.87,5.371,242.44,34.78,1452.8,2.065,2598.73,Normal
2026-03-10 13:45:00,P-104,68.52,5.182,235.08,35.26,1445.6,2.385,2598.74,Normal
2026-03-10 14:00:00,P-104,64.4,5.208,240.86,34.2,1448.7,2.43,2598.76,Normal
2026-03-10 14:15:00,P-101,63.69,5.07,235.94,32.59,1478.5,2.385,2598.78,Normal
2026-03-10 14:30:00,P-102,65.43,5.173,237.22,34.74,1460.4,2.499,2598.79,Normal
2026-03-10 14:45:00,P-102,65.35,5.074,232.09,35.02,1453.1,2.324,2598.8,Normal
2026-03-10 15:00:00,P-102,66.69,5.216,232.38,34.3,1457.6,2.179,2598.82,Normal
2026-03-10 15:15:00,P-104,66.63,5.294,235.25,34.13,1450.7,1.966,2598.84,Normal
2026-03-10 15:30:00,P-104,64.43,5.172,235.34,30.01,1459.9,2.011,2598.85,Normal
2026-03-10 15:45:00,P-101,68.01,5.21,245.9,34.48,1439.1,2.354,2598.86,Normal
2026-03-10 16:00:00,P-103,64.74,4.973,225.67,33.63,1489.8,1.797,2598.88,Normal
2026-03-10 16:15:00,P-104,69.07,5.294,234.24,32.61,1453.4,2.371,2598.9,Normal
2026-03-10 16:30:00,P-101,67.83,4.937,212.83,29.18,1500.9,1.903,2598.91,Normal
2026-03-10 16:45:00,P-102,66.02,4.876,210.31,29.89,1489.9,1.91,2598.93,Normal
2026-03-10 17:00:00,P-103,66.91,5.022,217.53,30.98,1440.9,2.152,2598.94,Normal
2026-03-10 17:15:00,P-103,70.21,4.97,213.82,31.14,1454.3,2.057,2598.96,Normal
2026-03-10 17:30:00,P-104,65.18,4.732,206.33,28.25,1456.6,1.867,2598.97,Normal
2026-03-10 17:45:00,P-104,65.43,4.936,221.81,31.56,1466.8,1.904,2598.98,Normal
2026-03-10 18:00:00,P-102,68.37,5.09,213.27,30.11,1452.4,1.763,2599.0,Normal
2026-03-10 18:15:00,P-104,63.45,4.846,216.59,29.48,1471.7,1.561,2599.02,Normal
2026-03-10 18:30:00,P-102,66.23,5.054,215.09,30.61,1418.3,2.258,2599.03,Normal
2026-03-10 18:45:00,P-101,64.9,4.955,202.05,30.18,1439.0,1.919,2599.04,Normal
2026-03-10 19:00:00,P-101,65.0,5.091,212.69,29.74,1446.6,1.817,2599.06,Normal
2026-03-10 19:15:00,P-102,64.01,4.662,200.81,24.47,1438.0,1.977,2599.07,Normal
2026-03-10 19:30:00,P-102,67.49,4.881,206.37,40.7,1418.8,4.347,2599.09,Normal
2026-03-10 19:45:00,P-102,67.88,4.922,198.23,28.5,1465.9,1.76,2599.1,Normal
2026-03-10 20:00:00,P-102,67.95,4.816,202.55,26.19,1430.1,2.142,2599.12,Normal
2026-03-10 20:15:00,P-102,65.37,4.899,188.53,25.97,1437.9,1.976,2599.14,Normal
2026-03-10 20:30:00,P-101,62.21,4.381,172.85,23.39,1463.6,1.753,2599.15,Normal
2026-03-10 20:45:00,P-101,58.7,4.595,183.7,27.31,1472.0,1.697,2599.16,Normal
2026-03-10 21:00:00,P-101,65.44,4.569,186.9,25.52,1439.8,1.891,2599.18,Normal
2026-03-10 21:15:00,P-102,59.55,4.684,191.95,26.08,1431.3,1.953,2599.2,Normal
2026-03-10 21:30:00,P-103,61.61,4.889,208.23,30.59,1435.4,1.985,2599.21,Normal
2026-03-10 21:45:00,P-103,64.31,4.898,194.41,25.95,1470.1,2.084,2599.22,Normal
2026-03-10 22:00:00,P-101,64.62,4.725,192.58,27.02,1471.1,1.649,2599.24,Normal
2026-03-10 22:15:00,P-104,62.75,4.653,197.89,25.89,1456.1,1.77,2599.26,Normal
2026-03-10 22:30:00,P-104,67.96,4.634,207.67,26.77,1454.4,1.98,2599.27,Normal
2026-03-10 22:45:00,P-104,63.88,4.516,183.61,24.9,1426.3,1.671,2599.28,Normal
2026-03-10 23:00:00,P-102,62.54,4.734,191.59,24.77,1458.4,1.969,2599.3,Normal
2026-03-10 23:15:00,P-102,65.1,4.713,178.16,26.18,1464.1,1.98,2599.32,Normal
2026-03-10 23:30:00,P-102,67.57,4.78,196.98,24.73,1453.0,1.897,2599.33,Normal
2026-03-10 23:45:00,P-104,64.15,4.881,185.21,25.26,1453.6,1.893,2599.34,Normal
2026-03-11 00:00:00,P-103,60.16,4.522,182.1,23.64,1431.4,1.72,2599.36,Normal
2026-03-11 00:15:00,P-102,61.02,4.643,192.03,24.68,1471.0,1.741,2599.38,Normal
2026-03-11 00:30:00,P-102,59.45,4.711,185.54,27.11,1425.5,2.063,2599.39,Normal
2026-03-11 00:45:00,P-104,61.7,4.866,184.47,24.17,1449.7,1.638,2599.41,Normal
2026-03-11 01:00:00,P-102,59.08,4.677,182.26,24.95,1458.2,1.923,2599.42,Normal
2026-03-11 01:15:00,P-103,60.42,4.44,184.65,24.54,1470.5,1.682,2599.44,Normal
2026-03-11 01:30:00,P-102,62.48,4.865,193.49,26.86,1469.0,1.682,2599.45,Normal
2026-03-11 01:45:00,P-102,56.79,4.917,189.78,24.76,1470.5,1.979,2599.46,Normal
2026-03-11 02:00:00,P-101,58.17,4.665,196.56,25.31,1444.6,1.922,2599.48,Normal
2026-03-11 02:15:00,P-104,58.94,4.518,176.3,23.62,1491.8,1.633,2599.5,Normal
2026-03-11 02:30:00,P-102,61.12,4.866,188.63,24.87,1469.6,1.812,2599.51,Normal
2026-03-11 02:45:00,P-101,59.84,4.986,193.38,27.77,1443.6,1.811,2599.52,Normal
2026-03-11 03:00:00,P-103,60.13,4.852,199.36,24.93,1444.8,1.876,2599.54,Normal
2026-03-11 03:15:00,P-104,59.58,4.615,190.26,26.29,1463.7,1.785,2599.55,Normal
2026-03-11 03:30:00,P-104,58.39,4.964,205.01,26.93,1441.6,2.228,2599.57,Normal
2026-03-11 03:45:00,P-103,60.33,4.932,203.28,28.62,1427.0,1.723,2599.58,Normal
2026-03-11 04:00:00,P-101,60.88,4.77,208.71,27.59,1451.5,1.65,2599.6,Normal
2026-03-11 04:15:00,P-101,59.94,4.984,202.46,29.01,1409.1,1.865,2599.61,Normal
2026-03-11 04:30:00,P-101,60.58,4.868,198.34,27.6,1456.5,1.519,2599.63,Normal
2026-03-11 04:45:00,P-102,60.84,4.947,198.12,26.18,1461.5,1.72,2599.64,Normal
2026-03-11 05:00:00,P-103,61.85,4.719,197.66,26.41,1445.2,1.784,2599.66,Normal
2026-03-11 05:15:00,P-102,59.54,4.967,211.58,28.64,1470.7,1.949,2599.68,Normal
2026-03-11 05:30:00,P-101,56.79,4.757,209.47,28.42,1465.3,1.874,2599.69,Normal
2026-03-11 05:45:00,P-101,63.91,4.991,211.92,29.46,1431.7,2.016,2599.7,Normal
2026-03-11 06:00:00,P-103,61.08,5.06,202.25,27.97,1450.8,1.782,2599.72,Normal
2026-03-11 06:15:00,P-104,57.59,4.667,199.44,26.13,1440.7,1.824,2599.74,Normal
2026-03-11 06:30:00,P-102,62.63,4.915,226.19,34.36,1444.2,2.157,2599.75,Normal
2026-03-11 06:45:00,P-101,63.31,5.095,212.96,29.62,1470.6,1.578,2599.76,Normal
2026-03-11 07:00:00,P-101,64.55,4.963,205.75,27.93,1461.3,2.052,2599.78,Normal
2026-03-11 07:15:00,P-103,61.19,5.099,215.94,28.18,1437.1,1.586,2599.8,Normal
2026-03-11 07:30:00,P-104,64.47,5.015,220.3,31.86,1454.0,2.076,2599.81,Normal
2026-03-11 07:45:00,P-103,60.48,5.219,236.66,36.54,1436.4,2.236,2599.82,Normal
2026-03-11 08:00:00,P-104,61.61,5.151,211.97,31.28,1441.3,2.101,2599.84,Normal
2026-03-11 08:15:00,P-103,61.28,5.126,224.76,31.62,1477.7,1.955,2599.86,Normal
2026-03-11 08:30:00,P-102,64.09,5.016,235.82,35.56,1495.8,2.2,2599.87,Normal
2026-03-11 08:45:00,P-101,64.45,5.324,203.8,31.05,1482.0,1.82,2599.89,Normal
2026-03-11 09:00:00,P-101,65.03,5.363,247.64,37.43,1455.0,2.474,2599.9,Normal
2026-03-11 09:15:00,P-102,63.03,5.232,245.52,37.97,1453.3,2.412,2599.92,Normal
2026-03-11 09:30:00,P-103,57.86,4.978,209.98,27.83,1468.3,1.79,2599.93,Normal
2026-03-11 09:45:00,P-104,66.79,5.237,229.97,32.78,1451.8,2.372,2599.95,Normal
2026-03-11 10:00:00,P-101,63.92,5.258,220.35,30.89,1424.3,2.128,2599.96,Normal
2026-03-11 10:15:00,P-101,64.37,5.3,227.03,33.46,1482.7,1.922,2599.98,Normal
2026-03-11 10:30:00,P-101,62.68,5.156,226.84,33.09,1428.6,2.331,2599.99,Normal
2026-03-11 10:45:00,P-101,65.32,5.092,247.3,35.23,1471.7,2.495,2600.0,Normal
2026-03-11 11:00:00,P-101,61.91,5.276,239.41,34.68,1463.7,2.101,2600.02,Normal
2026-03-11 11:15:00,P-104,64.4,4.956,239.98,32.26,1483.5,2.168,2600.04,Normal
2026-03-11 11:30:00,P-101,61.81,5.368,232.81,33.97,1465.5,2.146,2600.05,Normal
2026-03-11 11:45:00,P-104,64.4,5.198,238.47,35.03,1439.4,2.295,2600.06,Normal
2026-03-11 12:00:00,P-103,62.42,5.21,227.91,32.65,1469.5,2.232,2600.08,Normal
2026-03-11 12:15:00,P-103,56.42,5.013,221.59,32.34,1443.5,2.238,2600.09,Normal
2026-03-11 12:30:00,P-101,66.26,5.358,250.32,36.61,1432.4,1.945,2600.11,Normal
2026-03-11 12:45:00,P-104,62.83,5.081,231.5,34.06,1417.0,2.025,2600.12,Normal
2026-03-11 13:00:00,P-104,64.95,5.304,238.54,34.62,1447.8,2.319,2600.14,Normal
2026-03-11 13:15:00,P-104,65.32,5.115,221.84,34.26,1419.6,2.001,2600.16,Normal
2026-03-11 13:30:00,P-102,70.19,5.361,236.78,35.44,1475.9,2.242,2600.17,Normal
2026-03-11 13:45:00,P-101,68.19,5.3,242.06,37.74,1421.7,2.083,2600.18,Normal
2026-03-11 14:00:00,P-102,67.3,5.228,237.7,34.53,1443.2,,2600.2,Normal
2026-03-11 14:15:00,P-101,65.86,5.062,222.47,31.81,1443.9,2.045,2600.22,Normal
2026-03-11 14:30:00,P-101,66.91,5.078,226.05,32.69,1453.1,2.148,2600.23,Normal
2026-03-11 14:45:00,P-103,66.96,5.026,225.4,32.16,1434.4,2.162,2600.24,Normal
2026-03-11 15:00:00,P-101,66.76,5.221,228.07,32.2,1470.4,1.838,2600.26,Normal
2026-03-11 15:15:00,P-103,66.46,4.96,205.95,30.85,1452.9,2.372,2600.28,Normal
2026-03-11 15:30:00,P-101,61.89,5.273,229.77,33.44,1449.7,1.903,2600.29,Normal
2026-03-11 15:45:00,P-104,70.15,5.02,218.07,29.76,1438.3,2.462,2600.3,Normal
2026-03-11 16:00:00,P-103,71.39,5.31,230.15,35.21,1459.9,1.771,2600.32,Normal
2026-03-11 16:15:00,P-102,68.68,5.204,244.4,34.46,1475.2,2.181,2600.34,Normal
2026-03-11 16:30:00,P-104,63.23,4.956,222.29,32.62,1498.5,1.781,2600.35,Normal
2026-03-11 16:45:00,P-101,69.6,5.148,219.3,31.43,1433.1,2.355,2600.36,Normal
2026-03-11 17:00:00,P-104,63.88,4.87,201.08,27.96,1447.5,1.77,2600.38,Normal
2026-03-11 17:15:00,P-101,68.22,5.254,218.63,31.66,1415.7,1.855,2600.4,Normal
2026-03-11 17:30:00,P-104,63.16,4.969,206.87,30.03,1462.2,1.98,2600.41,Normal
2026-03-11 17:45:00,P-104,70.29,4.725,198.81,28.64,1425.4,2.184,2600.43,Normal
2026-03-11 18:00:00,P-103,62.86,4.874,202.83,29.86,1455.0,2.185,2600.44,Normal
2026-03-11 18:15:00,P-103,65.95,4.791,205.64,27.95,1472.2,1.9,2600.46,Normal
2026-03-11 18:30:00,P-102,61.16,5.034,210.0,29.89,1442.6,1.879,2600.47,Normal
2026-03-11 18:45:00,P-101,66.78,5.096,211.7,28.29,1433.2,2.096,2600.48,Normal
2026-03-11 19:00:00,P-103,64.26,4.822,201.59,26.26,1473.7,1.876,2600.5,Normal
2026-03-11 19:15:00,P-103,69.84,5.074,216.97,30.99,1462.8,2.041,2600.52,Normal
2026-03-11 19:30:00,P-102,63.51,4.737,194.91,24.96,1429.7,1.806,2600.53,Normal
2026-03-11 19:45:00,P-103,69.46,5.099,210.7,29.78,1452.5,2.107,2600.54,Normal
2026-03-11 20:00:00,P-102,62.18,4.806,192.89,24.55,1434.6,1.91,2600.56,Normal
2026-03-11 20:15:00,P-102,64.57,4.904,199.09,26.78,1469.1,2.154,2600.57,Normal
2026-03-11 20:30:00,P-102,64.01,4.738,199.95,37.01,1452.2,5.328,2600.59,Normal
2026-03-11 20:45:00,P-104,65.64,4.685,195.89,25.38,1477.5,1.724,2600.6,Normal
2026-03-11 21:00:00,P-103,66.22,4.931,202.64,26.52,1433.2,1.884,2600.62,Normal
2026-03-11 21:15:00,P-102,67.45,5.088,198.67,27.91,1454.1,1.898,2600.64,Normal
2026-03-11 21:30:00,P-103,65.99,4.996,199.81,29.11,1449.8,2.064,2600.65,Normal
2026-03-11 21:45:00,P-104,65.24,4.899,184.33,26.47,1454.6,1.616,2600.66,Normal
2026-03-11 22:00:00,P-101,62.15,4.772,188.22,25.31,1439.8,2.064,2600.68,Normal
2026-03-11 22:15:00,P-102,63.92,4.541,183.68,24.91,1409.5,1.72,2600.7,Normal
2026-03-11 22:30:00,P-102,66.23,,182.41,23.84,1462.2,1.967,2600.71,Normal
2026-03-11 22:45:00,P-103,58.67,4.777,180.76,25.08,1451.0,2.196,2600.72,Normal
2026-03-11 23:00:00,P-101,63.9,4.446,191.04,24.73,1435.0,1.965,2600.74,Normal
2026-03-11 23:15:00,P-104,64.74,4.908,192.45,25.22,1441.0,1.931,2600.76,Normal
2026-03-11 23:30:00,P-101,64.34,4.436,165.8,24.16,1429.0,1.888,2600.77,Normal
2026-03-11 23:45:00,P-103,64.23,4.927,188.18,23.83,1416.5,1.745,2600.78,Normal
2026-03-12 00:00:00,P-101,64.09,4.828,202.93,27.7,1468.7,1.938,2600.8,Normal
2026-03-12 00:15:00,P-103,64.29,4.888,203.12,28.36,1460.3,1.747,2600.82,Normal
2026-03-12 00:30:00,P-104,60.03,4.936,182.11,24.97,1425.7,1.657,2600.83,Normal
2026-03-12 00:45:00,P-103,59.91,4.54,175.73,22.11,1495.4,1.775,2600.84,Normal
2026-03-12 01:00:00,P-102,59.34,4.709,197.53,24.87,1429.7,1.851,2600.86,Normal
2026-03-12 01:15:00,P-103,62.91,4.422,170.59,20.17,1462.9,1.748,2600.88,Normal
2026-03-12 01:30:00,P-103,63.59,4.7,190.55,28.82,1450.1,1.904,2600.89,Normal
2026-03-12 01:45:00,P-104,59.27,4.669,179.23,23.78,1427.3,1.755,2600.91,Normal
2026-03-12 02:00:00,P-103,63.61,4.834,215.13,29.31,1456.3,2.1,2600.92,Normal
2026-03-12 02:15:00,P-104,62.26,4.44,168.86,21.49,1446.7,1.616,2600.94,Normal
2026-03-12 02:30:00,P-103,64.18,4.813,199.35,30.42,1438.5,1.937,2600.95,Normal
2026-03-12 02:45:00,P-104,58.95,4.812,197.23,24.35,1473.7,2.045,2600.96,Normal
2026-03-12 03:00:00,P-101,53.82,4.642,183.19,25.88,1461.2,1.961,2600.98,Normal
2026-03-12 03:15:00,P-102,60.59,4.649,179.22,25.94,1462.9,1.774,2601.0,Normal
2026-03-12 03:30:00,P-101,59.49,5.028,195.86,26.87,1446.1,1.583,2601.01,Normal
2026-03-12 03:45:00,P-101,62.85,4.711,213.08,28.77,1456.3,1.859,2601.02,Normal
2026-03-12 04:00:00,P-102,64.55,5.227,224.69,29.81,1449.5,2.38,2601.04,Normal
2026-03-12 04:15:00,P-102,64.2,4.86,205.95,29.63,1459.0,1.916,2601.05,Normal
2026-03-12 04:30:00,P-102,64.14,4.837,200.78,28.22,1432.5,1.875,2601.07,Normal
2026-03-12 04:45:00,P-103,62.67,4.946,197.55,26.05,1407.3,1.892,2601.08,Normal
2026-03-12 05:00:00,P-103,63.5,4.967,193.15,28.09,1474.4,1.928,2601.1,Normal
2026-03-12 05:15:00,P-104,65.28,5.106,211.44,31.56,1449.7,1.915,2601.11,Normal
2026-03-12 05:30:00,P-103,63.49,4.781,214.14,30.15,1460.3,2.046,2601.13,Normal
2026-03-12 05:45:00,P-103,62.27,4.992,213.76,30.79,1437.7,2.131,2601.14,Normal
2026-03-12 06:00:00,P-101,58.74,4.948,217.64,29.77,1446.0,1.701,2601.16,Normal
2026-03-12 06:15:00,P-102,66.94,5.244,213.35,30.26,1477.4,1.554,2601.18,Normal
2026-03-12 06:30:00,P-103,61.14,4.932,217.99,28.36,1456.5,1.888,2601.19,Normal
2026-03-12 06:45:00,P-103,64.68,5.121,226.76,32.84,1489.7,1.837,2601.2,Normal
2026-03-12 07:00:00,P-104,60.28,4.913,213.63,30.83,1466.0,2.081,2601.22,Normal
2026-03-12 07:15:00,P-101,63.41,4.885,213.21,29.28,1438.0,1.948,2601.24,Normal
2026-03-12 07:30:00,P-104,57.01,5.139,219.71,31.75,1457.9,2.175,2601.25,Normal
2026-03-12 07:45:00,P-103,60.87,5.037,222.98,30.58,1480.3,2.138,2601.26,Normal
2026-03-12 08:00:00,P-102,61.11,5.003,221.59,31.93,1454.0,1.841,2601.28,Normal
2026-03-12 08:15:00,P-103,63.76,4.996,228.74,34.0,1461.6,,2601.3,Normal
2026-03-12 08:30:00,P-104,64.67,5.12,225.56,32.44,1475.4,1.986,2601.31,Normal
2026-03-12 08:45:00,P-103,60.57,5.378,242.14,33.36,1407.8,2.296,2601.32,Normal
2026-03-12 09:00:00,P-102,63.75,5.018,230.69,32.15,1462.6,2.048,2601.34,Normal
2026-03-12 09:15:00,P-104,64.5,5.172,227.62,33.53,1474.2,2.268,2601.36,Normal
2026-03-12 09:30:00,P-101,69.79,4.925,234.99,36.4,1436.2,2.462,2601.37,Normal
2026-03-12 09:45:00,P-103,66.2,5.237,248.32,37.58,1468.8,2.198,2601.39,Normal
2026-03-12 10:00:00,P-103,63.22,5.054,242.23,35.17,1449.9,2.082,2601.4,Normal
2026-03-12 10:15:00,P-103,60.48,5.326,224.99,35.54,1419.5,1.961,2601.42,Normal
2026-03-12 10:30:00,P-102,67.57,5.298,227.42,32.34,1464.2,2.256,2601.43,Normal
2026-03-12 10:45:00,P-103,66.87,5.226,246.0,46.99,1449.8,8.81,2601.45,Normal
2026-03-12 11:00:00,P-103,63.82,5.234,226.53,33.02,1448.7,2.001,2601.46,Normal
2026-03-12 11:15:00,P-104,60.24,5.322,227.31,36.18,1461.6,2.28,2601.48,Normal
2026-03-12 11:30:00,P-104,64.19,5.569,249.93,38.84,1432.9,2.436,2601.49,Normal
2026-03-12 11:45:00,P-103,66.07,5.186,239.42,32.58,1463.9,1.986,2601.5,Normal
2026-03-12 12:00:00,P-101,67.27,5.134,248.06,36.74,1433.6,2.331,2601.52,Normal
2026-03-12 12:15:00,P-101,59.53,5.006,223.17,33.14,1477.2,2.182,2601.54,Normal
2026-03-12 12:30:00,P-104,67.09,5.376,246.18,36.37,1470.5,2.496,2601.55,Normal
2026-03-12 12:45:00,P-102,63.8,5.673,244.79,39.0,1477.7,2.251,2601.56,Normal
2026-03-12 13:00:00,P-101,68.54,5.227,237.54,34.78,1458.4,2.156,2601.58,Normal
2026-03-12 13:15:00,P-101,65.89,5.129,235.46,33.6,1442.4,2.254,2601.59,Normal
2026-03-12 13:30:00,P-101,63.73,5.402,227.57,33.63,1437.0,2.305,2601.61,Normal
2026-03-12 13:45:00,P-101,69.08,5.358,240.87,35.04,1435.9,2.278,2601.62,Normal
2026-03-12 14:00:00,P-104,66.12,4.987,222.01,32.77,1446.9,2.13,2601.64,Normal
2026-03-12 14:15:00,P-104,68.97,5.172,239.64,32.94,1437.6,2.023,2601.66,Normal
2026-03-12 14:30:00,P-101,65.3,5.193,217.42,30.72,1455.8,1.99,2601.67,Normal
2026-03-12 14:45:00,P-102,68.02,5.305,238.12,35.6,1435.5,2.182,2601.68,Normal
2026-03-12 15:00:00,P-104,66.8,5.36,239.38,34.32,1438.8,2.303,2601.7,Normal
2026-03-12 15:15:00,P-102,66.99,4.953,224.61,33.57,1443.1,2.178,2601.72,Normal
2026-03-12 15:30:00,P-104,69.19,4.858,223.05,29.01,1436.0,1.896,2601.73,Normal
2026-03-12 15:45:00,P-102,66.8,5.17,237.35,35.59,1443.8,2.325,2601.74,Normal
2026-03-12 16:00:00,P-103,67.65,5.038,227.51,30.78,1460.5,2.018,2601.76,Normal
2026-03-12 16:15:00,P-101,63.63,5.03,216.32,30.08,1434.1,1.965,2601.78,Normal
2026-03-12 16:30:00,P-102,60.43,4.991,205.24,28.49,1428.3,2.081,2601.79,Normal
2026-03-12 16:45:00,P-101,66.42,5.295,220.45,29.6,1446.8,2.16,2601.8,Normal
2026-03-12 17:00:00,P-101,66.03,4.82,203.4,30.05,1429.5,2.002,2601.82,Normal
2026-03-12 17:15:00,P-103,65.68,4.929,210.34,29.17,1474.1,2.315,2601.84,Normal
2026-03-12 17:30:00,P-104,63.81,4.987,224.27,32.39,1437.4,1.711,2601.85,Normal
2026-03-12 17:45:00,P-101,66.7,5.083,211.9,30.25,1450.9,2.143,2601.86,Normal
2026-03-12 18:00:00,P-104,67.2,5.138,211.82,29.93,1458.2,1.821,2601.88,Normal
2026-03-12 18:15:00,P-101,63.61,4.834,196.98,26.7,1427.3,1.922,2601.9,Normal
2026-03-12 18:30:00,P-102,63.2,5.189,209.46,28.09,1434.8,1.965,2601.91,Normal
2026-03-12 18:45:00,P-103,67.19,5.005,219.63,33.41,1438.7,2.051,2601.93,Normal
2026-03-12 19:00:00,P-102,67.02,4.992,203.12,28.47,1464.1,1.75,2601.94,Normal
2026-03-12 19:15:00,P-104,67.04,5.092,205.36,28.91,1483.0,1.702,2601.96,Normal
2026-03-12 19:30:00,P-101,62.29,4.562,186.28,24.75,1483.4,1.473,2601.97,Normal
2026-03-12 19:45:00,P-101,67.17,5.057,212.5,32.07,1472.9,1.956,2601.98,Normal
2026-03-12 20:00:00,P-102,66.87,4.465,195.57,25.51,1427.7,1.887,2602.0,Normal
2026-03-12 20:15:00,P-102,63.56,5.013,210.64,28.86,1434.2,2.052,2602.02,Normal
2026-03-12 20:30:00,P-101,65.06,4.662,198.28,27.2,1475.0,2.074,2602.03,Normal
2026-03-12 20:45:00,P-101,68.36,4.915,211.45,25.94,1477.5,2.051,2602.04,Normal
2026-03-12 21:00:00,P-103,62.49,4.93,200.99,26.46,1464.3,2.072,2602.06,Normal
2026-03-12 21:15:00,P-101,66.65,4.861,186.54,24.89,1464.5,1.639,2602.07,Normal
2026-03-12 21:30:00,P-102,68.87,4.961,200.79,28.66,1442.3,2.103,2602.09,Normal
2026-03-12 21:45:00,P-102,62.97,4.684,188.25,24.1,1480.9,1.854,2602.1,Normal
2026-03-12 22:00:00,P-101,63.91,4.761,202.25,25.07,1436.8,1.638,2602.12,Normal
2026-03-12 22:15:00,P-104,65.69,4.684,193.54,23.04,1421.0,1.989,2602.14,Normal
2026-03-12 22:30:00,P-101,63.49,4.618,187.18,24.95,1464.4,1.677,2602.15,Normal
2026-03-12 22:45:00,P-102,57.81,4.647,191.41,22.76,1439.5,1.597,2602.16,Normal
2026-03-12 23:00:00,P-102,63.04,4.679,188.53,26.15,1426.6,2.088,2602.18,Normal
2026-03-12 23:15:00,P-101,63.1,4.514,174.47,24.46,1465.8,1.784,2602.2,Normal
2026-03-12 23:30:00,P-103,64.7,4.516,188.74,25.42,1417.1,1.63,2602.21,Normal
2026-03-12 23:45:00,P-103,60.77,4.551,193.97,24.76,1458.2,1.708,2602.22,Normal
2026-03-13 00:00:00,P-101,61.42,4.273,185.33,25.09,1442.0,1.96,2602.24,Normal
2026-03-13 00:15:00,P-104,64.43,4.659,181.04,25.77,1478.8,1.582,2602.26,Normal
2026-03-13 00:30:00,P-101,62.16,4.758,182.79,24.06,1458.2,1.786,2602.27,Normal
2026-03-13 00:45:00,P-102,58.1,4.328,176.73,23.15,1469.3,1.742,2602.28,Normal
2026-03-13 01:00:00,P-101,64.48,4.726,183.62,25.81,1430.5,2.29,2602.3,Normal
2026-03-13 01:15:00,P-102,60.35,4.609,180.9,24.07,1419.5,1.488,2602.32,Normal
2026-03-13 01:30:00,P-101,66.11,4.79,203.11,29.72,1443.5,1.701,2602.33,Normal
2026-03-13 01:45:00,P-101,59.36,4.771,196.65,26.02,1461.0,1.781,2602.34,Normal
2026-03-13 02:00:00,P-104,61.34,4.887,200.08,25.12,1451.3,1.727,2602.36,Normal
2026-03-13 02:15:00,P-104,63.44,4.734,209.43,28.13,1470.7,1.908,2602.38,Normal
2026-03-13 02:30:00,P-101,59.19,4.587,184.04,22.18,1459.8,1.635,2602.39,Normal
2026-03-13 02:45:00,P-104,56.18,4.578,163.57,20.52,1431.1,1.845,2602.41,Normal
2026-03-13 03:00:00,P-102,55.4,4.644,199.82,24.92,1458.4,1.846,2602.42,Normal
2026-03-13 03:15:00,P-104,63.07,4.789,185.02,24.22,1453.1,1.606,2602.44,Normal
2026-03-13 03:30:00,P-101,61.24,4.833,195.62,28.46,1472.9,1.815,2602.45,Normal
2026-03-13 03:45:00,P-101,,4.808,205.34,26.35,1433.3,1.845,2602.46,Normal
2026-03-13 04:00:00,P-103,63.72,5.201,210.99,28.67,1438.1,2.153,2602.48,Normal
2026-03-13 04:15:00,P-102,61.13,4.87,182.57,43.46,1457.1,5.023,2602.5,Normal
2026-03-13 04:30:00,P-102,60.49,4.7,203.01,27.17,1475.4,2.065,2602.51,Normal
2026-03-13 04:45:00,P-101,61.94,4.838,202.58,28.95,1446.4,1.794,2602.52,Normal
2026-03-13 05:00:00,P-102,64.34,5.227,202.06,28.14,1460.7,2.012,2602.54,Normal
2026-03-13 05:15:00,P-101,60.63,4.753,208.12,28.4,1450.6,1.708,2602.55,Normal
2026-03-13 05:30:00,P-102,66.4,5.067,227.62,34.11,1449.2,2.159,2602.57,Normal
2026-03-13 05:45:00,P-102,57.64,5.091,209.72,30.15,1470.7,2.183,2602.58,Normal
2026-03-13 06:00:00,P-101,59.16,5.208,228.38,32.8,1452.0,1.713,2602.6,Normal
2026-03-13 06:15:00,P-102,62.65,5.012,207.29,27.58,1442.0,1.931,2602.61,Normal
2026-03-13 06:30:00,P-103,60.15,5.161,222.1,31.33,1441.0,2.035,2602.63,Normal
2026-03-13 06:45:00,P-104,65.83,5.02,222.17,29.86,1444.5,2.177,2602.64,Normal
2026-03-13 07:00:00,P-101,64.15,4.915,207.12,28.67,1437.5,1.903,2602.66,Normal
2026-03-13 07:15:00,P-103,65.69,5.166,227.85,29.76,1445.7,1.97,2602.68,Normal
2026-03-13 07:30:00,P-103,63.44,4.998,219.31,30.07,1451.1,2.063,2602.69,Normal
2026-03-13 07:45:00,P-101,57.48,4.792,197.67,27.51,1455.2,2.013,2602.7,Normal
2026-03-13 08:00:00,P-101,55.64,5.007,196.84,28.54,1432.3,1.927,2602.72,Normal
2026-03-13 08:15:00,P-101,66.64,5.189,245.66,33.73,1442.4,2.319,2602.74,Normal
2026-03-13 08:30:00,P-102,60.18,5.45,230.83,35.05,1443.3,2.291,2602.75,Normal
2026-03-13 08:45:00,P-104,67.72,5.349,243.3,34.2,1436.3,2.122,2602.76,Normal
2026-03-13 09:00:00,P-102,64.17,5.14,237.75,32.22,1439.6,2.114,2602.78,Normal
2026-03-13 09:15:00,P-104,61.56,4.839,213.84,28.32,1466.2,2.14,2602.8,Normal
2026-03-13 09:30:00,P-103,63.67,5.401,226.14,35.61,1474.6,1.959,2602.81,Normal
2026-03-13 09:45:00,P-101,64.29,5.195,233.13,34.1,1444.4,2.012,2602.82,Normal
2026-03-13 10:00:00,P-101,62.09,4.841,227.44,32.51,1437.2,1.817,2602.84,Normal
2026-03-13 10:15:00,P-104,68.25,5.479,247.65,37.73,1448.5,2.457,2602.86,Normal
2026-03-13 10:30:00,P-103,68.89,5.415,249.12,41.34,1451.5,2.675,2602.87,Normal
2026-03-13 10:45:00,P-102,64.77,5.157,241.87,34.75,1462.5,2.061,2602.89,Normal
2026-03-13 11:00:00,P-102,62.86,5.342,235.56,33.35,1442.9,2.261,2602.9,Normal
2026-03-13 11:15:00,P-103,66.08,4.812,228.98,34.8,1440.2,2.308,2602.92,Normal
2026-03-13 11:30:00,P-101,61.49,5.291,254.16,35.94,1494.1,2.045,2602.93,Normal
2026-03-13 11:45:00,P-103,65.77,5.21,230.15,36.4,1426.7,2.231,2602.95,Normal
2026-03-13 12:00:00,P-103,66.27,5.316,239.78,34.13,1466.2,2.386,2602.96,Normal
2026-03-13 12:15:00,P-103,63.68,5.552,239.64,36.07,1476.8,2.146,2602.98,Normal
2026-03-13 12:30:00,P-104,66.84,5.156,236.08,31.94,1445.4,2.114,2602.99,Normal
2026-03-13 12:45:00,P-102,65.46,5.303,240.21,37.99,1457.9,2.419,2603.0,Normal
2026-03-13 13:00:00,P-104,63.03,5.431,233.53,31.62,1419.8,1.997,2603.02,Normal
2026-03-13 13:15:00,P-103,68.77,5.324,244.69,35.51,1450.4,2.118,2603.04,Normal
2026-03-13 13:30:00,P-101,63.32,5.266,232.24,34.8,1470.9,,2603.05,Normal
2026-03-13 13:45:00,P-101,68.88,5.168,241.44,35.44,1452.2,2.545,2603.06,Normal
2026-03-13 14:00:00,P-104,61.5,5.421,226.84,34.19,1450.7,2.274,2603.08,Normal
2026-03-13 14:15:00,P-102,66.65,5.097,235.75,32.1,1481.2,2.225,2603.09,Normal
2026-03-13 14:30:00,P-103,65.24,5.107,216.38,31.77,1464.7,2.152,2603.11,Normal
2026-03-13 14:45:00,P-101,65.81,5.27,241.12,34.02,1462.7,1.968,2603.12,Normal
2026-03-13 15:00:00,P-104,66.45,5.092,221.41,30.79,1435.4,2.164,2603.14,Normal
2026-03-13 15:15:00,P-103,65.83,5.052,215.74,31.01,1406.0,2.002,2603.16,Normal
2026-03-13 15:30:00,P-101,68.81,5.163,234.77,33.77,1456.7,2.064,2603.17,Normal
2026-03-13 15:45:00,P-101,67.87,5.342,210.12,32.22,1450.1,2.053,2603.18,Normal
2026-03-13 16:00:00,P-103,66.01,5.225,210.14,29.13,1463.7,2.148,2603.2,Normal
2026-03-13 16:15:00,P-102,67.0,5.048,222.46,31.99,1452.2,2.386,2603.22,Normal
2026-03-13 16:30:00,P-103,66.24,5.091,216.75,34.27,1450.8,1.944,2603.23,Normal
2026-03-13 16:45:00,P-101,65.54,4.926,219.29,29.53,1450.6,2.22,2603.24,Normal
2026-03-13 17:00:00,P-103,66.86,5.342,213.45,30.84,1430.0,1.999,2603.26,Normal
2026-03-13 17:15:00,P-103,66.25,5.053,217.18,29.81,1416.8,2.18,2603.28,Normal
2026-03-13 17:30:00,P-104,68.76,5.128,221.16,29.86,1434.1,2.069,2603.29,Normal
2026-03-13 17:45:00,P-102,65.65,4.979,206.08,29.62,1430.2,1.838,2603.3,Normal
2026-03-13 18:00:00,P-102,67.09,5.232,210.2,26.81,1449.2,1.883,2603.32,Normal
2026-03-13 18:15:00,P-102,64.02,5.012,217.98,29.88,1420.6,2.009,2603.34,Normal
2026-03-13 18:30:00,P-103,67.25,4.707,209.23,27.11,1441.4,1.977,2603.35,Normal
2026-03-13 18:45:00,P-102,64.4,5.107,206.36,28.6,1484.7,2.031,2603.36,Normal
2026-03-13 19:00:00,P-104,62.36,4.884,190.03,27.74,1448.7,2.405,2603.38,Normal
2026-03-13 19:15:00,P-101,70.24,5.023,209.62,27.61,1450.9,2.097,2603.4,Normal
2026-03-13 19:30:00,P-101,67.09,5.043,196.07,29.4,1450.3,1.692,2603.41,Normal
2026-03-13 19:45:00,P-104,66.88,4.836,192.03,26.87,1453.8,2.096,2603.43,Normal
2026-03-13 20:00:00,P-104,66.43,5.032,208.68,27.15,1440.5,2.023,2603.44,Normal
2026-03-13 20:15:00,P-102,63.91,4.741,187.74,23.43,1447.0,1.799,2603.46,Normal
2026-03-13 20:30:00,P-103,63.49,4.821,181.97,24.52,1440.2,1.63,2603.47,Normal
2026-03-13 20:45:00,P-103,65.26,4.724,186.04,25.58,1423.1,1.744,2603.48,Normal
2026-03-13 21:00:00,P-103,,4.644,183.99,24.75,1471.1,2.02,2603.5,Normal
2026-03-13 21:15:00,P-104,65.58,4.865,207.65,28.02,1434.1,2.037,2603.52,Normal
2026-03-13 21:30:00,P-104,68.23,4.643,185.35,23.66,1478.8,2.059,2603.53,Normal
2026-03-13 21:45:00,P-101,64.13,4.819,202.74,27.36,1436.2,2.114,2603.54,Normal
2026-03-13 22:00:00,P-102,60.14,4.606,179.36,24.17,1425.5,1.832,2603.56,Normal
2026-03-13 22:15:00,P-103,60.67,4.849,190.49,26.34,1484.8,1.318,2603.57,Normal
2026-03-13 22:30:00,P-104,58.95,4.676,185.61,23.7,1423.4,1.611,2603.59,Normal
2026-03-13 22:45:00,P-101,62.52,4.742,179.12,24.52,1409.2,1.555,2603.6,Normal
2026-03-13 23:00:00,P-102,62.75,4.741,187.92,24.25,1424.0,2.085,2603.62,Normal
2026-03-13 23:15:00,P-104,66.63,4.847,211.18,26.87,1447.5,2.057,2603.64,Normal
2026-03-13 23:30:00,P-102,63.35,4.725,181.94,25.25,1425.9,1.821,2603.65,Normal
2026-03-13 23:45:00,P-102,63.99,4.447,182.98,21.97,1439.9,1.692,2603.66,Normal
2026-03-14 00:00:00,P-101,63.22,4.747,185.67,26.62,1413.4,2.057,2603.68,Normal
2026-03-14 00:15:00,P-102,64.29,4.775,195.97,27.51,1469.6,1.787,2603.7,Normal
2026-03-14 00:30:00,P-103,59.43,4.568,168.94,22.17,1457.6,1.492,2603.71,Normal
2026-03-14 00:45:00,P-102,64.39,4.544,180.11,23.79,1427.2,1.526,2603.72,Normal
2026-03-14 01:00:00,P-101,58.29,4.442,182.86,23.84,1408.3,1.832,2603.74,Normal
2026-03-14 01:15:00,P-104,62.02,4.947,190.91,23.2,1433.7,1.658,2603.76,Normal
2026-03-14 01:30:00,P-101,60.9,4.663,187.05,25.11,1461.7,1.993,2603.77,Normal
2026-03-14 01:45:00,P-102,62.02,4.784,176.85,25.79,1469.4,1.757,2603.78,Normal
2026-03-14 02:00:00,P-103,62.58,4.799,195.85,28.87,1445.8,1.675,2603.8,Normal
2026-03-14 02:15:00,P-104,60.0,4.821,181.06,25.18,1441.0,1.718,2603.82,Normal
2026-03-14 02:30:00,P-103,60.4,4.6,201.26,24.07,1439.6,1.666,2603.83,Normal
2026-03-14 02:45:00,P-104,65.09,4.882,198.76,27.52,1455.5,1.9,2603.84,Normal
2026-03-14 03:00:00,P-102,60.99,4.645,191.57,26.05,1465.9,2.062,2603.86,Normal
2026-03-14 03:15:00,P-104,64.41,5.016,182.55,26.78,1447.4,1.789,2603.88,Normal
2026-03-14 03:30:00,P-102,60.29,4.654,191.98,25.84,1443.3,1.683,2603.89,Normal
2026-03-14 03:45:00,P-101,60.71,4.899,201.24,26.48,1464.1,1.959,2603.91,Normal
2026-03-14 04:00:00,P-104,59.85,4.821,191.4,23.38,1476.9,1.78,2603.92,Normal
2026-03-14 04:15:00,P-103,62.27,4.866,200.0,26.5,1444.8,2.021,2603.94,Normal
2026-03-14 04:30:00,P-101,58.28,4.803,186.5,26.44,1451.5,1.898,2603.95,Normal
2026-03-14 04:45:00,P-102,61.91,5.119,209.56,29.05,1436.5,1.793,2603.96,Normal
2026-03-14 05:00:00,P-101,61.0,4.991,211.9,28.49,1451.4,1.716,2603.98,Normal
2026-03-14 05:15:00,P-102,61.8,4.954,209.2,29.78,1433.3,1.901,2604.0,Normal
2026-03-14 05:30:00,P-103,63.03,5.127,227.35,32.76,1475.6,2.128,2604.01,Normal
2026-03-14 05:45:00,P-101,61.52,5.143,203.42,27.73,1466.0,2.265,2604.02,Normal
2026-03-14 06:00:00,P-104,60.66,4.855,194.7,29.22,1481.3,1.744,2604.04,Normal
2026-03-14 06:15:00,P-104,64.14,4.716,222.38,31.05,1439.9,1.788,2604.05,Normal
2026-03-14 06:30:00,P-103,62.04,4.856,214.97,31.72,1487.3,2.177,2604.07,Normal
2026-03-14 06:45:00,P-102,67.04,4.892,220.22,29.85,1454.4,2.053,2604.08,Normal
2026-03-14 07:00:00,P-101,60.86,4.859,207.86,29.95,1447.6,1.953,2604.1,Normal
2026-03-14 07:15:00,P-104,61.91,4.773,196.7,28.89,1472.6,2.046,2604.11,Normal
2026-03-14 07:30:00,P-102,59.66,5.02,217.87,30.66,1431.6,2.247,2604.13,Normal
2026-03-14 07:45:00,P-101,65.31,5.151,216.21,32.17,1450.6,2.276,2604.14,Normal
2026-03-14 08:00:00,P-102,60.62,5.146,224.41,30.31,1447.2,1.96,2604.16,Normal
2026-03-14 08:15:00,P-104,64.29,5.14,241.01,33.45,1457.5,2.239,2604.18,Normal
2026-03-14 08:30:00,P-103,63.55,5.43,245.69,35.26,1442.0,2.419,2604.19,Normal
2026-03-14 08:45:00,P-104,64.22,5.28,236.11,32.75,1440.3,2.1,2604.2,Normal
2026-03-14 09:00:00,P-103,63.44,5.475,249.88,35.73,1443.1,2.266,2604.22,Normal
2026-03-14 09:15:00,P-102,61.84,5.344,239.06,35.8,1444.8,2.064,2604.24,Normal
2026-03-14 09:30:00,P-103,64.01,5.296,236.47,36.14,1451.4,2.062,2604.25,Normal
2026-03-14 09:45:00,P-103,68.31,5.518,247.35,34.45,1473.2,2.324,2604.26,Normal
2026-03-14 10:00:00,P-104,65.32,5.322,251.16,35.54,1411.2,2.368,2604.28,Normal
2026-03-14 10:15:00,P-102,61.43,5.371,238.73,35.74,1463.8,2.33,2604.3,Normal
2026-03-14 10:30:00,P-102,66.04,5.287,242.74,34.22,1441.5,1.902,2604.31,Normal
2026-03-14 10:45:00,P-101,62.0,5.207,240.46,33.51,1446.8,2.393,2604.32,Normal
2026-03-14 11:00:00,P-102,65.52,5.213,231.33,32.51,1430.4,2.248,2604.34,Normal
2026-03-14 11:15:00,P-103,66.15,5.275,236.25,36.77,1450.8,2.406,2604.36,Normal
2026-03-14 11:30:00,P-102,65.26,5.071,232.54,33.86,1443.0,1.958,2604.37,Normal
2026-03-14 11:45:00,P-103,68.63,4.965,241.72,33.56,1446.0,2.31,2604.39,Normal
2026-03-14 12:00:00,P-101,60.96,4.945,209.68,28.93,1460.5,2.144,2604.4,Normal
2026-03-14 12:15:00,P-103,67.96,5.418,251.76,38.03,1461.4,2.046,2604.42,Normal
2026-03-14 12:30:00,P-104,67.8,5.348,224.76,33.22,1475.6,2.236,2604.43,Normal
2026-03-14 12:45:00,P-104,64.38,5.371,238.59,35.87,1439.3,2.01,2604.45,Normal
2026-03-14 13:00:00,P-102,65.2,5.328,239.91,37.3,1462.3,2.256,2604.46,Normal
2026-03-14 13:15:00,P-103,65.31,5.171,240.98,37.46,1461.4,2.597,2604.48,Normal
2026-03-14 13:30:00,P-104,67.82,5.328,243.59,36.77,1451.6,2.297,2604.49,Normal
2026-03-14 13:45:00,P-102,61.7,4.983,229.99,34.47,1480.3,2.058,2604.5,Normal
2026-03-14 14:00:00,P-102,69.41,5.166,250.76,38.37,1438.5,2.024,2604.52,Normal
2026-03-14 14:15:00,P-104,64.02,5.107,238.64,34.94,1452.7,2.259,2604.54,Normal
2026-03-14 14:30:00,P-104,69.27,5.368,225.54,32.74,1455.5,2.12,2604.55,Normal
2026-03-14 14:45:00,P-104,68.73,5.524,244.57,34.86,1428.4,1.851,2604.56,Normal
2026-03-14 15:00:00,P-104,69.54,5.146,222.57,31.76,1472.8,1.853,2604.58,Normal
2026-03-14 15:15:00,P-102,67.66,5.115,230.89,32.63,1448.1,2.254,2604.59,Normal
2026-03-14 15:30:00,P-102,67.12,5.097,242.51,32.99,1457.9,2.421,2604.61,Normal
2026-03-14 15:45:00,P-104,63.09,4.933,212.6,30.58,1478.4,1.993,2604.62,Normal
2026-03-14 16:00:00,P-102,67.58,5.229,232.23,34.88,1453.9,2.298,2604.64,Normal
2026-03-14 16:15:00,P-104,66.97,5.237,231.07,30.54,1450.7,2.11,2604.66,Normal
2026-03-14 16:30:00,P-103,70.94,5.333,242.51,36.14,1451.2,2.043,2604.67,Normal
2026-03-14 16:45:00,P-103,63.08,5.059,199.51,30.71,1431.9,2.351,2604.68,Normal
2026-03-14 17:00:00,P-103,72.41,5.418,229.63,31.5,1443.1,1.881,2604.7,Normal
2026-03-14 17:15:00,P-104,68.78,4.924,204.35,29.16,1447.3,2.07,2604.72,Normal
2026-03-14 17:30:00,P-101,65.58,5.302,213.45,28.57,1451.8,1.872,2604.73,Normal
2026-03-14 17:45:00,P-101,69.23,4.635,211.94,29.21,1474.8,1.893,2604.74,Normal
2026-03-14 18:00:00,P-102,63.6,4.779,207.76,27.44,1466.7,2.213,2604.76,Normal
2026-03-14 18:15:00,P-102,67.03,5.013,210.93,29.47,1439.4,2.013,2604.78,Normal
2026-03-14 18:30:00,P-102,62.31,4.901,202.37,27.79,1449.6,1.844,2604.79,Normal
2026-03-14 18:45:00,P-101,70.74,4.962,215.27,31.8,1475.2,1.903,2604.8,Normal
2026-03-14 19:00:00,P-103,61.68,4.781,201.54,27.32,1419.0,2.007,2604.82,Normal
2026-03-14 19:15:00,P-101,61.51,5.038,187.77,25.68,1445.9,1.691,2604.84,Normal
2026-03-14 19:30:00,P-103,63.77,4.754,205.0,26.68,1426.5,1.909,2604.85,Normal
2026-03-14 19:45:00,P-104,68.71,4.759,198.19,28.89,1494.0,1.909,2604.86,Normal
2026-03-14 20:00:00,P-104,67.2,5.013,195.75,25.27,1463.9,1.745,2604.88,Normal
2026-03-14 20:15:00,P-101,65.49,4.925,203.58,27.07,1441.1,1.636,2604.9,Normal
2026-03-14 20:30:00,P-101,67.9,5.0,201.06,26.75,1449.4,1.93,2604.91,Normal
2026-03-14 20:45:00,P-102,65.58,4.913,205.26,26.8,1435.2,1.871,2604.93,Normal
2026-03-14 21:00:00,P-103,65.34,4.586,192.79,23.53,1485.8,1.887,2604.94,Normal
2026-03-14 21:15:00,P-102,67.2,4.683,185.36,23.93,1408.7,1.404,2604.96,Normal
2026-03-14 21:30:00,P-101,63.86,4.581,193.82,27.35,1455.9,1.771,2604.97,Normal
2026-03-14 21:45:00,P-101,62.88,4.817,196.62,24.1,1448.7,2.024,2604.98,Normal
2026-03-14 22:00:00,P-101,63.68,4.683,179.14,24.09,1431.5,1.452,2605.0,Normal
2026-03-14 22:15:00,P-104,64.6,4.777,178.23,23.36,1445.5,2.115,2605.02,Normal
2026-03-14 22:30:00,P-104,63.18,4.645,175.7,22.99,1420.8,1.848,2605.03,Normal
2026-03-14 22:45:00,P-104,65.42,4.785,192.09,25.34,1478.3,1.784,2605.04,Normal
2026-03-14 23:00:00,P-103,62.09,4.532,187.28,25.59,1450.5,1.792,2605.06,Normal
2026-03-14 23:15:00,P-101,63.95,4.885,195.5,27.96,1466.5,1.704,2605.07,Normal
2026-03-14 23:30:00,P-103,62.23,4.639,176.12,23.02,1441.3,1.972,2605.09,Normal
2026-03-14 23:45:00,P-103,61.88,4.462,169.94,22.61,1474.2,1.75,2605.1,Normal
2026-03-15 00:00:00,P-103,65.75,4.734,172.55,24.97,1450.6,1.804,2605.12,Normal
2026-03-15 00:15:00,P-103,62.99,4.816,184.86,27.72,1469.3,1.982,2605.14,Normal
2026-03-15 00:30:00,P-101,60.19,4.581,166.22,22.55,1460.2,1.796,2605.15,Normal
2026-03-15 00:45:00,P-103,62.63,4.552,183.89,25.54,1449.4,1.656,2605.16,Normal
2026-03-15 01:00:00,P-104,63.73,4.694,191.56,23.84,1468.0,1.788,2605.18,Normal
2026-03-15 01:15:00,P-102,63.08,4.745,182.49,23.65,1525.3,1.9,2605.2,Normal
2026-03-15 01:30:00,P-102,63.32,4.635,187.84,27.7,1429.6,1.845,2605.21,Normal
2026-03-15 01:45:00,P-101,57.58,4.547,179.57,24.48,1447.8,1.548,2605.22,Normal
2026-03-15 02:00:00,P-103,57.21,4.932,203.23,28.16,1426.7,2.176,2605.24,Normal
2026-03-15 02:15:00,P-101,64.5,4.888,195.53,27.17,1457.5,1.9,2605.26,Normal
2026-03-15 02:30:00,P-103,61.41,4.941,180.86,23.65,1454.1,1.729,2605.27,Normal
2026-03-15 02:45:00,P-103,61.12,4.855,198.98,25.75,1485.0,1.979,2605.28,Normal
2026-03-15 03:00:00,P-102,62.65,4.645,209.28,25.75,1445.4,1.783,2605.3,Normal
2026-03-15 03:15:00,P-102,66.29,5.146,211.9,28.85,1467.1,1.67,2605.32,Normal
2026-03-15 03:30:00,P-101,63.48,4.878,191.68,26.31,1412.6,1.845,2605.33,Normal
2026-03-15 03:45:00,P-103,63.68,4.648,204.22,27.52,1452.7,2.058,2605.34,Normal
2026-03-15 04:00:00,P-101,58.94,4.715,197.65,29.79,1434.3,1.855,2605.36,Normal
2026-03-15 04:15:00,P-103,60.52,4.926,210.94,29.91,1460.7,1.959,2605.38,Normal
2026-03-15 04:30:00,P-103,56.75,5.083,218.22,30.04,1470.7,1.966,2605.39,Normal
2026-03-15 04:45:00,P-103,62.43,4.615,210.93,30.06,1439.2,1.926,2605.41,Normal
2026-03-15 05:00:00,P-104,63.08,4.862,197.83,26.97,1459.7,1.955,2605.42,Normal
2026-03-15 05:15:00,P-103,63.99,5.057,213.43,28.93,1443.6,2.13,2605.44,Normal
2026-03-15 05:30:00,P-102,62.29,4.578,213.09,29.1,1450.9,2.089,2605.45,Normal
2026-03-15 05:45:00,P-101,62.2,5.193,222.74,30.36,1457.4,2.446,2605.46,Normal
2026-03-15 06:00:00,P-102,59.93,5.081,211.84,29.52,1431.9,2.309,2605.48,Normal
2026-03-15 06:15:00,P-103,59.01,4.85,214.0,31.8,1432.0,1.823,2605.5,Normal
2026-03-15 06:30:00,P-102,60.51,4.825,215.31,31.76,1465.6,1.945,2605.51,Normal
2026-03-15 06:45:00,P-102,58.14,4.81,209.22,29.75,1437.8,2.083,2605.52,Normal
2026-03-15 07:00:00,P-103,65.87,4.769,224.52,33.29,1473.0,1.748,2605.54,Normal
2026-03-15 07:15:00,P-101,58.02,4.944,215.38,30.51,1418.0,2.056,2605.55,Normal
2026-03-15 07:30:00,P-104,62.31,5.199,229.39,32.9,1466.8,1.971,2605.57,Normal
2026-03-15 07:45:00,P-104,56.48,4.827,206.94,31.71,1450.1,1.983,2605.58,Normal
2026-03-15 08:00:00,P-101,62.82,5.233,217.89,31.23,1448.3,2.09,2605.6,Normal
2026-03-15 08:15:00,P-104,63.24,5.236,238.47,35.56,1452.7,1.841,2605.61,Normal
2026-03-15 08:30:00,P-103,59.65,4.972,210.1,28.54,1424.0,2.406,2605.63,Normal
2026-03-15 08:45:00,P-104,62.3,5.281,247.5,35.93,1470.2,2.133,2605.64,Normal
2026-03-15 09:00:00,P-104,62.33,5.212,222.1,33.13,1442.3,2.351,2605.66,Normal
2026-03-15 09:15:00,P-102,61.82,5.341,232.54,36.12,1435.0,1.84,2605.68,Normal
2026-03-15 09:30:00,P-104,63.28,5.187,236.99,36.35,1489.0,2.049,2605.69,Normal
2026-03-15 09:45:00,P-104,68.21,5.351,245.21,35.51,1443.7,2.324,2605.7,Normal
2026-03-15 10:00:00,P-103,64.07,5.321,240.2,34.57,1434.5,2.116,2605.72,Normal
2026-03-15 10:15:00,P-102,65.7,5.352,238.98,36.86,1464.6,2.352,2605.74,Normal
2026-03-15 10:30:00,P-101,63.26,5.467,241.92,36.87,1454.7,2.299,2605.75,Normal
2026-03-15 10:45:00,P-102,63.86,5.297,246.48,35.45,1468.2,2.114,2605.76,Normal
2026-03-15 11:00:00,P-102,64.61,5.227,227.4,35.3,1451.5,2.412,2605.78,Normal
2026-03-15 11:15:00,P-102,71.65,,261.36,36.85,1467.2,2.385,2605.8,Normal
2026-03-15 11:30:00,P-104,64.73,5.406,242.35,36.0,1486.9,1.959,2605.81,Normal
2026-03-15 11:45:00,P-103,63.9,5.044,227.25,30.12,1436.4,2.076,2605.82,Normal
2026-03-15 12:00:00,P-102,65.43,5.392,255.23,37.23,1441.7,2.44,2605.84,Normal
2026-03-15 12:15:00,P-101,58.49,5.387,228.17,32.13,1421.2,2.113,2605.86,Normal
2026-03-15 12:30:00,P-103,64.84,5.589,246.39,36.66,1456.8,2.263,2605.87,Normal
2026-03-15 12:45:00,P-101,70.65,5.198,238.01,35.37,1452.3,2.252,2605.89,Normal
2026-03-15 13:00:00,P-103,67.8,5.162,245.79,35.43,1472.7,1.929,2605.9,Normal
2026-03-15 13:15:00,P-102,68.66,5.387,232.5,32.22,1449.5,2.079,2605.92,Normal
2026-03-15 13:30:00,P-103,65.6,5.332,237.8,35.89,1448.5,2.122,2605.93,Normal
2026-03-15 13:45:00,P-102,60.51,,232.56,34.09,1453.5,2.268,2605.95,Normal
2026-03-15 14:00:00,P-101,65.02,5.359,242.5,38.84,1445.8,2.135,2605.96,Normal
2026-03-15 14:15:00,P-102,67.41,5.138,243.79,35.73,1456.6,2.513,2605.98,Normal
2026-03-15 14:30:00,P-103,67.6,5.219,233.04,34.04,1454.1,2.079,2605.99,Normal
2026-03-15 14:45:00,P-103,64.34,5.06,208.89,29.02,1459.7,1.788,2606.0,Normal
2026-03-15 15:00:00,P-104,65.14,5.1,226.93,33.96,1445.9,2.329,2606.02,Normal
2026-03-15 15:15:00,P-101,68.88,5.237,243.9,32.6,1459.9,2.236,2606.04,Normal
2026-03-15 15:30:00,P-103,65.59,5.156,233.0,32.7,1461.1,2.177,2606.05,Normal
2026-03-15 15:45:00,P-103,68.07,5.08,229.66,32.02,1444.1,2.099,2606.06,Normal
2026-03-15 16:00:00,P-101,66.65,5.267,225.72,29.98,1448.5,1.989,2606.08,Normal
2026-03-15 16:15:00,P-102,65.79,5.165,226.18,33.46,1446.8,2.149,2606.09,Normal
2026-03-15 16:30:00,P-101,65.68,5.219,232.84,33.76,1427.9,2.022,2606.11,Normal
2026-03-15 16:45:00,P-101,63.55,4.918,204.89,26.83,1441.3,2.226,2606.12,Normal
2026-03-15 17:00:00,P-102,71.17,4.878,223.81,31.34,1463.7,2.109,2606.14,Normal
2026-03-15 17:15:00,P-101,68.63,4.933,215.18,32.15,1465.2,1.951,2606.16,Normal
2026-03-15 17:30:00,P-103,67.86,4.74,200.19,28.05,1456.1,1.878,2606.17,Normal
2026-03-15 17:45:00,P-101,64.94,5.033,223.86,31.12,1431.8,1.797,2606.18,Normal
2026-03-15 18:00:00,P-101,64.24,5.12,220.14,32.74,1467.6,2.185,2606.2,Normal
2026-03-15 18:15:00,P-104,69.56,5.063,213.02,32.79,1483.3,1.892,2606.22,Normal
2026-03-15 18:30:00,P-103,67.99,5.064,205.38,27.81,1460.7,1.925,2606.23,Normal
2026-03-15 18:45:00,P-102,67.1,4.816,212.33,28.47,1450.0,2.456,2606.24,Normal
2026-03-15 19:00:00,P-104,65.87,4.882,209.0,28.5,1434.4,1.661,2606.26,Normal
2026-03-15 19:15:00,P-104,62.48,4.925,207.46,28.88,1449.7,1.899,2606.28,Normal
2026-03-15 19:30:00,P-101,66.93,4.836,201.93,29.16,1441.1,1.623,2606.29,Normal
2026-03-15 19:45:00,P-102,67.54,4.636,186.27,27.5,1446.4,1.766,2606.3,Normal
2026-03-15 20:00:00,P-103,64.61,5.054,204.21,27.82,1473.2,1.915,2606.32,Normal
2026-03-15 20:15:00,P-101,63.48,5.001,195.94,28.4,1465.9,1.643,2606.34,Normal
2026-03-15 20:30:00,P-103,66.82,4.763,187.69,24.63,1443.8,1.881,2606.35,Normal
2026-03-15 20:45:00,P-101,61.93,4.459,190.56,23.02,1451.6,2.025,2606.36,Normal
2026-03-15 21:00:00,P-104,69.35,4.873,197.54,27.23,1449.9,1.963,2606.38,Normal
2026-03-15 21:15:00,P-102,63.78,4.759,196.94,24.6,1442.2,1.963,2606.4,Normal
2026-03-15 21:30:00,P-103,63.78,4.753,194.61,25.6,1425.8,2.149,2606.41,Normal
2026-03-15 21:45:00,P-104,65.36,5.019,209.76,29.14,1464.9,2.014,2606.43,Normal
2026-03-15 22:00:00,P-103,61.93,4.604,178.46,23.04,1471.3,1.322,2606.44,Normal
2026-03-15 22:15:00,P-103,66.21,4.976,187.54,23.49,1439.1,1.848,2606.46,Normal
2026-03-15 22:30:00,P-104,65.38,4.799,187.86,42.38,1438.2,6.317,2606.47,Normal
2026-03-15 22:45:00,P-103,66.13,4.782,198.41,24.67,1466.3,1.702,2606.48,Normal
2026-03-15 23:00:00,P-102,64.73,4.931,199.36,25.94,1438.0,1.611,2606.5,Normal
2026-03-15 23:15:00,P-102,60.83,4.769,178.05,23.97,1425.0,1.773,2606.52,Normal
2026-03-15 23:30:00,P-103,63.34,4.861,195.6,25.03,1442.0,1.674,2606.53,Normal
2026-03-15 23:45:00,P-102,62.66,4.784,191.66,26.04,1474.4,1.916,2606.54,Normal
2026-03-16 00:00:00,P-101,65.56,4.604,187.65,24.77,1440.6,1.929,2606.56,Normal
2026-03-16 00:15:00,P-103,64.41,4.554,183.28,24.46,1438.3,1.62,2606.57,Normal
2026-03-16 00:30:00,P-103,62.35,4.447,198.52,25.16,1441.5,1.872,2606.59,Normal
2026-03-16 00:45:00,P-103,60.29,4.757,192.91,22.8,1429.3,1.353,2606.6,Normal
2026-03-16 01:00:00,P-102,65.78,4.715,196.61,25.83,1426.3,1.572,2606.62,Normal
2026-03-16 01:15:00,P-101,62.53,4.725,183.25,28.03,1445.3,2.071,2606.64,Normal
2026-03-16 01:30:00,P-101,60.43,4.756,184.82,24.64,1424.8,1.596,2606.65,Normal
2026-03-16 01:45:00,P-103,65.78,4.804,197.33,26.53,1442.8,1.783,2606.66,Normal
2026-03-16 02:00:00,P-101,61.29,5.069,193.26,27.97,1454.7,1.747,2606.68,Normal
2026-03-16 02:15:00,P-103,60.72,4.693,193.68,26.8,1456.8,1.53,2606.7,Normal
2026-03-16 02:30:00,P-101,59.31,4.505,172.7,22.69,1447.5,1.561,2606.71,Normal
2026-03-16 02:45:00,P-102,58.09,4.606,195.75,27.46,1428.4,1.837,2606.72,Normal
2026-03-16 03:00:00,P-104,61.88,4.883,203.52,26.83,1442.6,1.795,2606.74,Normal
2026-03-16 03:15:00,P-102,58.25,4.827,177.54,24.44,1456.2,1.986,2606.76,Normal
2026-03-16 03:30:00,P-102,59.33,4.702,194.06,28.14,1461.2,1.737,2606.77,Normal
2026-03-16 03:45:00,P-104,58.05,4.565,186.05,22.4,1445.1,1.793,2606.78,Normal
2026-03-16 04:00:00,P-101,60.11,5.073,194.94,26.84,1437.3,1.829,2606.8,Normal
2026-03-16 04:15:00,P-102,59.14,4.691,207.26,28.6,1451.5,2.078,2606.82,Normal
2026-03-16 04:30:00,P-102,59.9,4.84,192.33,26.12,1443.6,1.554,2606.83,Normal
2026-03-16 04:45:00,P-102,60.83,4.846,217.32,30.67,1431.7,2.029,2606.84,Normal
2026-03-16 05:00:00,P-104,60.93,4.943,207.86,25.64,1455.5,2.003,2606.86,Normal
2026-03-16 05:15:00,P-104,66.56,5.093,207.29,30.6,1450.3,1.828,2606.88,Normal
2026-03-16 05:30:00,P-101,60.27,4.957,208.36,26.93,1430.1,1.915,2606.89,Normal
2026-03-16 05:45:00,P-104,61.64,4.845,210.44,28.59,1438.6,1.99,2606.91,Normal
2026-03-16 06:00:00,P-101,61.99,5.068,203.57,28.37,1446.6,1.809,2606.92,Normal
2026-03-16 06:15:00,P-101,60.56,4.974,213.69,30.15,1422.6,1.831,2606.94,Normal
2026-03-16 06:30:00,P-103,61.9,5.449,203.86,30.07,1436.9,1.783,2606.95,Normal
2026-03-16 06:45:00,P-102,61.56,4.831,225.67,32.09,1461.4,2.388,2606.96,Normal
2026-03-16 07:00:00,P-101,61.78,4.816,221.08,29.64,1441.2,1.931,2606.98,Normal
2026-03-16 07:15:00,P-101,59.95,5.138,203.99,30.46,1435.6,1.792,2607.0,Normal
2026-03-16 07:30:00,P-103,60.36,5.038,220.74,31.21,1469.5,1.71,2607.01,Normal
2026-03-16 07:45:00,P-102,64.19,5.41,233.95,38.2,1456.3,2.066,2607.02,Normal
2026-03-16 08:00:00,P-102,57.02,4.904,215.21,31.87,1462.5,2.072,2607.04,Normal
2026-03-16 08:15:00,P-102,65.0,5.076,224.79,31.75,1435.9,2.001,2607.05,Normal
2026-03-16 08:30:00,P-101,70.09,5.486,253.81,39.27,1444.9,2.35,2607.07,Normal
2026-03-16 08:45:00,P-104,63.29,5.121,238.33,34.98,1449.8,2.253,2607.08,Normal
2026-03-16 09:00:00,P-102,62.93,5.065,218.68,31.34,1454.1,1.997,2607.1,Normal
2026-03-16 09:15:00,P-104,66.03,5.085,237.62,33.66,1491.1,2.143,2607.11,Normal
2026-03-16 09:30:00,P-103,59.34,5.15,229.87,32.86,1451.5,2.35,2607.13,Normal
2026-03-16 09:45:00,P-101,66.11,5.45,238.64,35.39,1469.5,2.317,2607.14,Normal
2026-03-16 10:00:00,P-102,62.31,5.036,231.82,33.24,1491.2,2.192,2607.16,Normal
2026-03-16 10:15:00,P-104,68.27,5.017,231.35,32.49,1480.9,2.053,2607.18,Normal
2026-03-16 10:30:00,P-101,64.85,5.507,248.05,37.86,1452.8,2.364,2607.19,Normal
2026-03-16 10:45:00,P-101,66.51,5.119,246.16,36.05,1470.7,2.248,2607.2,Normal
2026-03-16 11:00:00,P-103,64.67,5.419,240.85,35.1,1452.3,2.269,2607.22,Normal
2026-03-16 11:15:00,P-102,69.59,5.281,235.96,34.05,1449.3,2.312,2607.24,Normal
2026-03-16 11:30:00,P-103,63.02,5.148,227.81,36.18,1465.1,2.19,2607.25,Normal
2026-03-16 11:45:00,P-104,67.84,5.47,231.28,36.81,1465.9,1.923,2607.26,Normal
2026-03-16 12:00:00,P-103,67.37,5.46,254.39,36.96,1459.1,2.242,2607.28,Normal
2026-03-16 12:15:00,P-102,66.08,5.285,233.55,35.67,1447.0,1.967,2607.3,Normal
2026-03-16 12:30:00,P-104,67.35,5.142,250.46,37.31,1441.3,2.381,2607.31,Normal
2026-03-16 12:45:00,P-101,64.68,5.397,251.33,35.91,1428.3,1.925,2607.32,Normal
2026-03-16 13:00:00,P-104,60.03,5.121,237.2,34.94,1452.9,2.161,2607.34,Normal
2026-03-16 13:15:00,P-101,68.26,5.222,240.33,36.04,1454.3,2.176,2607.36,Normal
2026-03-16 13:30:00,P-101,64.85,5.233,229.15,32.87,1464.9,1.948,2607.37,Normal
2026-03-16 13:45:00,P-102,67.37,5.327,231.12,30.83,1423.7,2.052,2607.39,Normal
2026-03-16 14:00:00,P-101,66.73,5.165,232.33,32.4,1451.9,2.269,2607.4,Normal
2026-03-16 14:15:00,P-104,68.98,5.044,229.56,35.25,1446.4,2.043,2607.42,Normal
2026-03-16 14:30:00,P-103,67.62,5.323,223.36,32.82,1449.0,2.15,2607.43,Normal
2026-03-16 14:45:00,P-101,61.2,5.29,242.09,32.92,1472.4,2.227,2607.45,Normal
2026-03-16 15:00:00,P-103,67.76,5.254,227.0,32.98,1473.1,1.916,2607.46,Normal
2026-03-16 15:15:00,P-101,66.38,5.396,229.97,33.53,1468.3,2.153,2607.48,Normal
2026-03-16 15:30:00,P-103,69.65,5.401,230.62,32.12,1451.7,2.091,2607.49,Normal
2026-03-16 15:45:00,P-104,67.98,5.028,227.61,34.23,1446.6,2.087,2607.5,Normal
2026-03-16 16:00:00,P-101,66.65,4.815,214.1,29.72,1471.7,1.699,2607.52,Normal
2026-03-16 16:15:00,P-102,67.57,5.352,240.19,36.47,1480.8,1.914,2607.54,Normal
2026-03-16 16:30:00,P-103,64.42,5.029,221.72,29.59,1478.8,2.26,2607.55,Normal
2026-03-16 16:45:00,P-104,65.52,5.029,222.77,31.73,1458.8,2.169,2607.56,Normal
2026-03-16 17:00:00,P-103,62.25,4.874,214.47,28.66,1450.7,2.046,2607.58,Normal
2026-03-16 17:15:00,P-102,64.74,5.049,223.41,32.77,1462.5,2.148,2607.59,Normal
2026-03-16 17:30:00,P-101,64.6,5.192,225.78,30.82,1463.6,1.857,2607.61,Normal
2026-03-16 17:45:00,P-103,64.46,5.094,232.07,34.45,1442.8,2.034,2607.62,Normal
2026-03-16 18:00:00,P-102,66.95,4.843,212.92,30.38,1446.5,1.949,2607.64,Normal
2026-03-16 18:15:00,P-104,67.29,5.088,202.61,28.97,1504.9,1.823,2607.66,Normal
2026-03-16 18:30:00,P-103,66.61,5.021,205.79,30.76,1442.8,1.79,2607.67,Normal
2026-03-16 18:45:00,P-104,64.98,5.058,209.55,27.73,1465.3,2.186,2607.68,Normal
2026-03-16 19:00:00,P-103,63.64,4.631,210.08,29.07,1440.7,1.809,2607.7,Normal
2026-03-16 19:15:00,P-101,65.38,4.92,201.33,29.7,1447.8,2.024,2607.72,Normal
2026-03-16 19:30:00,P-101,63.44,4.741,194.75,27.17,1433.4,1.944,2607.73,Normal
2026-03-16 19:45:00,P-103,65.59,4.878,205.32,28.26,1433.4,2.104,2607.74,Normal
2026-03-16 20:00:00,P-101,62.19,4.967,201.55,29.93,1461.1,2.034,2607.76,Normal
2026-03-16 20:15:00,P-102,67.28,4.919,200.55,28.76,1459.0,1.861,2607.78,Normal
2026-03-16 20:30:00,P-103,63.23,4.752,185.68,24.9,1483.1,1.606,2607.79,Normal
2026-03-16 20:45:00,P-101,66.33,4.857,203.34,28.56,1450.5,2.065,2607.8,Normal
2026-03-16 21:00:00,P-101,65.82,4.51,190.54,24.31,1452.8,2.018,2607.82,Normal
2026-03-16 21:15:00,P-101,64.72,4.607,191.38,24.38,1449.2,2.254,2607.84,Normal
2026-03-16 21:30:00,P-102,65.61,4.843,188.38,25.75,1432.5,1.982,2607.85,Normal
2026-03-16 21:45:00,P-103,58.63,4.588,177.55,22.95,1460.6,1.651,2607.86,Normal
2026-03-16 22:00:00,P-102,63.79,4.964,200.77,27.22,1447.0,1.793,2607.88,Normal
2026-03-16 22:15:00,P-101,65.33,4.74,183.26,24.83,1424.2,1.387,2607.9,Normal
2026-03-16 22:30:00,P-103,64.08,4.763,177.05,26.59,1469.9,1.626,2607.91,Normal
2026-03-16 22:45:00,P-104,68.6,4.867,197.66,27.93,1439.7,1.656,2607.93,Normal
2026-03-16 23:00:00,P-101,66.45,4.606,185.47,22.54,1456.0,1.878,2607.94,Normal
2026-03-16 23:15:00,P-101,63.52,4.67,186.03,23.23,1456.6,1.965,2607.96,Normal
2026-03-16 23:30:00,P-101,61.38,4.688,169.56,25.61,1453.8,2.147,2607.97,Normal
2026-03-16 23:45:00,P-102,61.31,4.52,191.22,25.51,1431.9,2.406,2607.98,Normal
2026-03-17 00:00:00,P-101,62.22,4.925,190.95,24.46,1475.1,1.896,2608.0,Normal
2026-03-17 00:15:00,P-103,62.1,4.707,196.45,24.92,1436.9,1.74,2608.02,Normal
2026-03-17 00:30:00,P-103,61.35,4.74,205.14,26.8,1405.8,1.763,2608.03,Normal
2026-03-17 00:45:00,P-103,60.06,4.702,189.25,25.33,1465.3,1.683,2608.04,Normal
2026-03-17 01:00:00,P-101,62.28,4.657,178.03,25.15,1464.7,2.197,2608.06,Normal
2026-03-17 01:15:00,P-102,64.73,4.483,181.29,23.99,1428.5,1.262,2608.07,Normal
2026-03-17 01:30:00,P-103,64.81,4.855,200.08,26.0,1449.9,2.183,2608.09,Normal
2026-03-17 01:45:00,P-103,61.45,4.868,200.15,24.49,1469.4,1.696,2608.1,Normal
2026-03-17 02:00:00,P-104,62.97,4.428,191.31,23.56,1475.4,1.712,2608.12,Normal
2026-03-17 02:15:00,P-101,62.06,4.593,198.95,25.97,1461.0,1.368,2608.14,Normal
2026-03-17 02:30:00,P-104,60.81,4.836,192.82,24.06,1464.9,2.009,2608.15,Normal
2026-03-17 02:45:00,P-102,59.84,4.751,184.33,25.61,1462.9,1.92,2608.16,Normal
2026-03-17 03:00:00,P-102,60.73,4.831,203.63,25.41,1447.5,1.667,2608.18,Normal
2026-03-17 03:15:00,P-104,62.01,4.673,190.77,23.93,1430.4,2.036,2608.2,Normal
2026-03-17 03:30:00,P-102,60.36,4.806,189.6,25.33,1445.3,1.978,2608.21,Normal
2026-03-17 03:45:00,P-104,57.94,4.543,185.08,25.69,1470.2,1.696,2608.22,Normal
2026-03-17 04:00:00,P-103,57.73,4.678,176.32,26.7,1470.1,1.427,2608.24,Normal
2026-03-17 04:15:00,P-102,61.18,4.66,204.6,25.05,1453.7,1.839,2608.26,Normal
2026-03-17 04:30:00,P-102,61.71,4.84,205.45,29.42,1444.0,2.094,2608.27,Normal
2026-03-17 04:45:00,P-104,59.38,4.681,185.22,26.99,1481.2,1.705,2608.28,Normal
2026-03-17 05:00:00,P-104,58.98,5.049,216.22,28.73,1452.2,2.167,2608.3,Normal
2026-03-17 05:15:00,P-104,63.61,4.963,205.36,29.45,1461.5,1.786,2608.32,Normal
2026-03-17 05:30:00,P-104,63.77,4.918,218.72,31.61,1428.3,1.975,2608.33,Normal
2026-03-17 05:45:00,P-102,56.49,5.067,209.5,27.05,1449.0,1.825,2608.34,Normal
2026-03-17 06:00:00,P-104,63.34,,198.97,27.9,1469.6,1.961,2608.36,Normal
2026-03-17 06:15:00,P-104,60.83,4.994,214.94,29.53,1425.3,2.146,2608.38,Normal
2026-03-17 06:30:00,P-104,60.56,4.818,200.57,29.04,1449.3,2.221,2608.39,Normal
2026-03-17 06:45:00,P-102,64.38,5.16,215.41,33.28,1457.4,2.085,2608.41,Normal
2026-03-17 07:00:00,P-103,64.29,5.033,215.26,29.51,1475.7,1.69,2608.42,Normal
2026-03-17 07:15:00,P-104,64.66,5.296,229.74,32.45,1467.6,2.207,2608.44,Normal
2026-03-17 07:30:00,P-102,61.98,5.053,226.42,31.54,1480.5,1.975,2608.45,Normal
2026-03-17 07:45:00,P-103,59.83,4.83,229.99,33.38,1465.0,2.066,2608.46,Normal
2026-03-17 08:00:00,P-104,56.58,4.952,210.55,27.69,1466.0,2.022,2608.48,Normal
2026-03-17 08:15:00,P-101,63.53,5.247,223.6,31.92,1432.8,2.14,2608.5,Normal
2026-03-17 08:30:00,P-103,65.66,5.13,226.29,34.54,1432.3,2.038,2608.51,Normal
2026-03-17 08:45:00,P-101,61.8,5.023,236.67,36.27,1480.3,2.273,2608.52,Normal
2026-03-17 09:00:00,P-104,63.62,5.365,246.13,34.72,1441.8,2.28,2608.54,Normal
2026-03-17 09:15:00,P-102,61.7,5.24,230.57,34.24,1440.2,2.223,2608.55,Normal
2026-03-17 09:30:00,P-103,63.44,5.262,244.6,38.71,1408.5,2.391,2608.57,Normal
2026-03-17 09:45:00,P-101,65.36,5.139,223.43,36.39,1469.1,1.715,2608.58,Normal
2026-03-17 10:00:00,P-101,64.91,5.201,247.43,36.52,1429.9,2.131,2608.6,Normal
2026-03-17 10:15:00,P-104,62.27,5.19,224.83,33.75,1435.2,2.057,2608.61,Normal
2026-03-17 10:30:00,P-104,70.04,5.264,241.67,33.86,1469.7,2.127,2608.63,Normal
2026-03-17 10:45:00,P-102,58.74,4.875,218.8,29.15,1410.2,1.854,2608.64,Normal
2026-03-17 11:00:00,P-103,64.38,5.129,232.36,33.81,1474.5,1.969,2608.66,Normal
2026-03-17 11:15:00,P-101,62.48,5.189,239.2,32.99,1435.1,2.278,2608.68,Normal
2026-03-17 11:30:00,P-101,63.02,5.295,224.22,32.61,1447.4,2.163,2608.69,Normal
2026-03-17 11:45:00,P-103,65.44,5.385,234.93,37.17,1436.0,2.191,2608.7,Normal
2026-03-17 12:00:00,P-101,67.57,5.307,241.77,37.17,1426.1,2.034,2608.72,Normal
2026-03-17 12:15:00,P-103,64.04,5.204,234.52,34.69,1436.3,2.284,2608.74,Normal
2026-03-17 12:30:00,P-103,63.55,5.272,224.71,32.95,1435.1,2.242,2608.75,Normal
2026-03-17 12:45:00,P-101,64.34,5.171,234.19,33.31,1427.8,2.328,2608.76,Normal
2026-03-17 13:00:00,P-103,62.29,5.235,235.53,35.47,1477.8,1.955,2608.78,Normal
2026-03-17 13:15:00,P-101,66.97,5.394,232.63,35.75,1432.5,2.797,2608.8,Normal
2026-03-17 13:30:00,P-102,66.51,5.17,229.39,35.52,1416.0,2.192,2608.81,Normal
2026-03-17 13:45:00,P-103,66.61,5.382,229.86,33.69,1412.8,1.987,2608.82,Normal
2026-03-17 14:00:00,P-102,67.39,5.517,240.38,36.27,1457.8,2.665,2608.84,Normal
2026-03-17 14:15:00,P-101,65.07,5.16,233.56,33.91,1418.8,2.221,2608.86,Normal
2026-03-17 14:30:00,P-103,70.07,5.256,243.79,35.71,1446.8,2.243,2608.87,Normal
2026-03-17 14:45:00,P-101,67.63,5.108,218.63,31.77,1485.5,2.111,2608.89,Normal
2026-03-17 15:00:00,P-104,69.56,5.138,227.55,34.07,1453.3,2.342,2608.9,Normal
2026-03-17 15:15:00,P-104,68.33,5.159,232.42,35.25,1455.8,2.215,2608.92,Normal
2026-03-17 15:30:00,P-104,70.49,5.3,241.71,36.51,1440.5,1.847,2608.93,Normal
2026-03-17 15:45:00,P-102,65.23,4.959,231.72,30.15,1449.8,2.052,2608.95,Normal
2026-03-17 16:00:00,P-101,66.61,5.114,221.73,33.17,1446.1,2.265,2608.96,Normal
2026-03-17 16:15:00,P-104,69.57,5.088,231.89,35.14,1455.6,2.076,2608.98,Normal
2026-03-17 16:30:00,P-103,67.93,4.861,216.04,31.75,1479.8,1.839,2608.99,Normal
2026-03-17 16:45:00,P-102,66.46,5.191,231.62,32.05,1442.3,2.068,2609.0,Normal
2026-03-17 17:00:00,P-101,65.89,5.18,224.85,35.05,1435.8,2.294,2609.02,Normal
2026-03-17 17:15:00,P-104,66.46,5.221,222.1,31.36,1448.6,2.273,2609.04,Normal
2026-03-17 17:30:00,P-102,65.44,5.027,218.11,33.01,1467.3,1.838,2609.05,Normal
2026-03-17 17:45:00,P-102,70.77,4.999,222.71,32.09,1443.9,1.82,2609.06,Normal
2026-03-17 18:00:00,P-104,66.66,4.73,200.5,26.32,1454.8,1.882,2609.08,Normal
2026-03-17 18:15:00,P-103,64.94,4.998,214.54,30.4,1459.2,1.871,2609.09,Normal
2026-03-17 18:30:00,P-102,62.91,4.849,200.1,27.94,1488.7,1.791,2609.11,Normal
2026-03-17 18:45:00,P-104,63.77,4.953,210.37,28.37,1466.6,1.861,2609.12,Normal
2026-03-17 19:00:00,P-102,66.62,5.103,222.81,32.35,1434.3,2.201,2609.14,Normal
2026-03-17 19:15:00,P-102,65.18,5.112,206.53,28.41,1410.6,1.755,2609.16,Normal
2026-03-17 19:30:00,P-101,67.43,4.855,199.81,27.2,1452.7,1.657,2609.17,Normal
2026-03-17 19:45:00,P-101,64.41,4.836,215.26,28.53,1437.3,1.837,2609.18,Normal
2026-03-17 20:00:00,P-101,69.53,4.621,186.98,25.29,1441.3,1.561,2609.2,Normal
2026-03-17 20:15:00,P-102,62.72,4.844,198.34,26.04,1432.1,,2609.22,Normal
2026-03-17 20:30:00,P-104,63.05,4.796,209.17,28.87,1440.9,1.965,2609.23,Normal
2026-03-17 20:45:00,P-104,68.61,4.867,190.34,26.32,1440.5,2.046,2609.24,Normal
2026-03-17 21:00:00,P-101,66.19,4.746,180.8,25.31,1447.9,1.568,2609.26,Normal
2026-03-17 21:15:00,P-103,64.6,4.926,209.6,25.81,1437.9,1.899,2609.28,Normal
2026-03-17 21:30:00,P-102,64.81,4.616,187.38,23.25,1437.1,1.874,2609.29,Normal
2026-03-17 21:45:00,P-104,66.43,4.995,202.54,30.51,1459.5,1.644,2609.3,Normal
2026-03-17 22:00:00,P-102,63.72,4.72,188.07,23.71,1450.0,1.827,2609.32,Normal
2026-03-17 22:15:00,P-102,61.87,4.75,196.02,28.4,1450.1,1.928,2609.34,Normal
2026-03-17 22:30:00,P-103,59.72,4.861,204.74,28.82,1449.1,1.897,2609.35,Normal
2026-03-17 22:45:00,P-101,60.77,4.694,179.55,23.03,1433.9,1.528,2609.36,Normal
2026-03-17 23:00:00,P-102,67.03,4.611,188.76,24.7,1475.9,1.781,2609.38,Normal
2026-03-17 23:15:00,P-101,67.46,4.776,190.87,25.34,1486.6,1.475,2609.4,Normal
2026-03-17 23:30:00,P-102,61.5,4.799,190.4,24.19,1472.3,1.809,2609.41,Normal
2026-03-17 23:45:00,P-101,60.81,4.841,190.01,24.5,1418.2,1.95,2609.43,Normal
2026-03-18 00:00:00,P-104,62.91,4.69,184.53,24.45,1438.1,1.747,2609.44,Normal
2026-03-18 00:15:00,P-102,63.08,4.707,190.68,24.6,1462.7,2.016,2609.46,Normal
2026-03-18 00:30:00,P-102,63.54,4.642,181.16,26.43,1436.5,1.679,2609.47,Normal
2026-03-18 00:45:00,P-102,56.52,4.65,197.02,24.7,1437.4,1.677,2609.48,Normal
2026-03-18 01:00:00,P-102,68.96,4.539,184.75,24.23,1425.3,1.766,2609.5,Normal
2026-03-18 01:15:00,P-101,63.68,4.691,189.84,23.69,1443.5,2.181,2609.52,Normal
2026-03-18 01:30:00,P-103,60.66,4.752,192.09,24.95,1435.2,1.729,2609.53,Normal
2026-03-18 01:45:00,P-101,59.79,4.709,186.45,23.16,1407.0,2.197,2609.54,Normal
2026-03-18 02:00:00,P-101,63.49,4.627,188.3,26.98,1470.7,1.815,2609.56,Normal
2026-03-18 02:15:00,P-103,61.95,4.714,187.5,25.12,1457.5,1.659,2609.57,Normal
2026-03-18 02:30:00,P-102,61.66,4.946,198.39,26.95,1426.0,2.208,2609.59,Normal
2026-03-18 02:45:00,P-103,60.46,4.711,173.68,23.68,1465.6,1.769,2609.6,Normal
2026-03-18 03:00:00,P-101,60.11,4.71,188.18,24.42,1452.3,1.756,2609.62,Normal
2026-03-18 03:15:00,P-104,61.59,5.012,192.05,24.83,1470.9,2.0,2609.64,Normal
2026-03-18 03:30:00,P-103,61.74,5.052,184.36,24.64,1463.2,2.044,2609.65,Normal
2026-03-18 03:45:00,P-102,63.09,4.909,206.72,27.81,1436.0,1.873,2609.66,Normal
2026-03-18 04:00:00,P-104,61.51,4.807,200.67,27.74,1462.0,2.053,2609.68,Normal
2026-03-18 04:15:00,P-103,64.06,4.95,203.31,27.65,1462.8,1.87,2609.7,Normal
2026-03-18 04:30:00,P-104,56.89,4.714,194.97,25.25,1469.0,1.706,2609.71,Normal
2026-03-18 04:45:00,P-103,59.08,4.984,204.56,27.37,1468.0,1.794,2609.72,Normal
2026-03-18 05:00:00,P-103,59.84,4.803,192.58,27.32,1487.4,1.65,2609.74,Normal
2026-03-18 05:15:00,P-104,59.16,4.947,212.56,30.02,1467.1,1.95,2609.76,Normal
2026-03-18 05:30:00,P-104,59.25,4.781,200.77,26.02,1435.9,1.917,2609.77,Normal
2026-03-18 05:45:00,P-103,63.61,4.833,213.83,31.51,1453.2,2.157,2609.78,Normal
2026-03-18 06:00:00,P-102,58.47,4.501,182.67,24.51,1431.1,1.983,2609.8,Normal
2026-03-18 06:15:00,P-101,56.15,5.064,206.18,26.14,1471.8,1.851,2609.82,Normal
2026-03-18 06:30:00,P-101,61.67,5.25,230.54,34.86,1434.6,2.057,2609.83,Normal
2026-03-18 06:45:00,P-102,62.26,5.178,223.24,30.76,1490.2,1.948,2609.84,Normal
2026-03-18 07:00:00,P-102,,5.2,226.84,34.99,1444.7,2.125,2609.86,Normal
2026-03-18 07:15:00,P-103,64.1,4.905,230.88,32.8,1449.2,2.081,2609.88,Normal
2026-03-18 07:30:00,P-101,63.41,5.044,230.99,32.34,1441.6,2.098,2609.89,Normal
2026-03-18 07:45:00,P-104,61.19,5.018,213.41,29.55,1437.1,2.296,2609.91,Normal
2026-03-18 08:00:00,P-104,58.49,4.882,219.57,31.97,1440.5,2.28,2609.92,Normal
2026-03-18 08:15:00,P-101,62.27,5.02,237.05,35.76,1454.2,2.036,2609.94,Normal
2026-03-18 08:30:00,P-104,61.06,5.023,226.55,32.02,1450.3,2.233,2609.95,Normal
2026-03-18 08:45:00,P-103,64.16,5.378,248.05,37.23,1442.3,2.366,2609.96,Normal
2026-03-18 09:00:00,P-101,63.9,5.134,227.05,33.38,1455.5,1.987,2609.98,Normal
2026-03-18 09:15:00,P-101,65.55,5.459,255.43,36.32,1440.2,2.488,2610.0,Normal
2026-03-18 09:30:00,P-103,64.74,5.418,232.33,35.02,1449.9,1.847,2610.01,Normal
2026-03-18 09:45:00,P-104,63.61,5.397,239.14,36.05,1481.8,2.403,2610.02,Normal
2026-03-18 10:00:00,P-103,68.29,5.335,245.51,36.38,1439.7,2.217,2610.04,Normal
2026-03-18 10:15:00,P-104,64.19,5.336,220.29,30.54,1444.5,1.887,2610.05,Normal
2026-03-18 10:30:00,P-102,63.62,4.986,221.67,31.94,1429.2,2.084,2610.07,Normal
2026-03-18 10:45:00,P-104,64.4,4.883,221.35,33.38,1443.9,2.427,2610.08,Normal
2026-03-18 11:00:00,P-104,61.59,5.014,226.61,32.72,1456.7,2.532,2610.1,Normal
2026-03-18 11:15:00,P-104,60.33,5.392,248.4,36.77,1440.5,2.056,2610.11,Normal
2026-03-18 11:30:00,P-101,63.04,5.24,240.14,33.66,1429.6,2.14,2610.13,Normal
2026-03-18 11:45:00,P-104,66.42,5.109,231.6,32.83,1456.5,2.129,2610.14,Normal
2026-03-18 12:00:00,P-103,65.58,5.203,237.6,35.1,1458.4,2.19,2610.16,Normal
2026-03-18 12:15:00,P-102,63.09,4.923,216.93,33.99,1461.1,2.341,2610.18,Normal
2026-03-18 12:30:00,P-104,64.52,5.205,234.5,35.79,1427.7,2.165,2610.19,Normal
2026-03-18 12:45:00,P-103,60.77,5.39,232.81,33.97,1474.7,1.995,2610.2,Normal
2026-03-18 13:00:00,P-102,69.15,5.262,244.57,32.58,1441.2,2.106,2610.22,Normal
2026-03-18 13:15:00,P-101,65.77,5.494,239.55,34.9,1431.9,2.154,2610.24,Normal
2026-03-18 13:30:00,P-104,66.09,5.236,240.09,36.24,1468.4,2.367,2610.25,Normal
2026-03-18 13:45:00,P-102,64.35,5.262,229.36,34.4,1474.0,2.158,2610.26,Normal
2026-03-18 14:00:00,P-103,66.89,5.04,214.52,30.07,1444.3,2.128,2610.28,Normal
2026-03-18 14:15:00,P-101,68.13,5.305,237.15,32.12,1435.0,2.324,2610.3,Normal
2026-03-18 14:30:00,P-102,64.29,5.233,232.63,33.2,1458.0,2.084,2610.31,Normal
2026-03-18 14:45:00,P-103,67.95,5.198,225.5,31.44,1426.0,2.041,2610.32,Normal
2026-03-18 15:00:00,P-102,66.2,5.241,230.56,32.26,1495.9,2.205,2610.34,Normal
2026-03-18 15:15:00,P-101,64.78,4.985,226.77,31.33,1431.4,1.966,2610.36,Normal
2026-03-18 15:30:00,P-102,64.64,5.101,211.54,31.67,1456.4,2.017,2610.37,Normal
2026-03-18 15:45:00,P-104,65.41,5.168,228.11,32.83,1447.1,2.311,2610.39,Normal
2026-03-18 16:00:00,P-104,63.14,4.961,213.7,31.74,1433.4,2.058,2610.4,Normal
2026-03-18 16:15:00,P-104,67.9,5.136,222.85,30.98,1433.2,2.265,2610.42,Normal
2026-03-18 16:30:00,P-102,65.66,5.142,216.45,29.32,1470.3,1.857,2610.43,Normal
2026-03-18 16:45:00,P-104,69.02,5.11,212.41,32.94,1456.6,2.173,2610.45,Normal
2026-03-18 17:00:00,P-104,67.12,4.994,220.72,31.23,1437.5,2.128,2610.46,Normal
2026-03-18 17:15:00,P-101,67.76,4.863,222.6,32.85,1439.9,2.077,2610.48,Normal
2026-03-18 17:30:00,P-102,,4.749,207.79,28.67,1435.4,1.925,2610.49,Normal
2026-03-18 17:45:00,P-104,64.88,5.0,220.09,30.65,1465.9,1.757,2610.5,Normal
2026-03-18 18:00:00,P-101,68.77,5.186,222.33,32.99,1466.6,2.262,2610.52,Normal
2026-03-18 18:15:00,P-102,63.99,4.942,205.39,31.93,1459.5,1.753,2610.54,Normal
2026-03-18 18:30:00,P-104,67.56,5.168,224.45,29.38,1454.6,1.757,2610.55,Normal
2026-03-18 18:45:00,P-101,63.5,4.947,211.4,29.53,1461.3,2.086,2610.56,Normal
2026-03-18 19:00:00,P-103,64.69,4.752,195.46,27.61,1420.3,1.784,2610.58,Normal
2026-03-18 19:15:00,P-104,68.53,4.77,193.94,27.38,1455.0,1.895,2610.59,Normal
2026-03-18 19:30:00,P-102,67.16,4.966,199.61,28.76,1469.2,1.668,2610.61,Normal
2026-03-18 19:45:00,P-101,60.77,4.67,196.12,27.84,1454.2,1.909,2610.62,Normal
2026-03-18 20:00:00,P-101,66.26,4.724,185.88,26.32,1451.0,1.977,2610.64,Normal
2026-03-18 20:15:00,P-104,67.52,4.586,191.52,24.37,1438.6,1.487,2610.66,Normal
2026-03-18 20:30:00,P-101,69.97,4.617,190.27,23.94,1439.8,1.835,2610.67,Normal
2026-03-18 20:45:00,P-104,65.68,4.773,196.4,25.87,1440.6,2.008,2610.68,Normal
2026-03-18 21:00:00,P-103,61.62,4.759,193.47,26.01,1454.0,1.608,2610.7,Normal
2026-03-18 21:15:00,P-103,64.75,4.822,183.29,26.37,1441.3,1.823,2610.72,Normal
2026-03-18 21:30:00,P-103,67.91,4.762,198.42,26.27,1417.2,1.851,2610.73,Normal
2026-03-18 21:45:00,P-102,63.34,4.773,191.15,25.33,1464.4,1.869,2610.74,Normal
2026-03-18 22:00:00,P-104,67.24,4.855,197.82,26.09,1459.4,1.84,2610.76,Normal
2026-03-18 22:15:00,P-104,61.78,4.882,183.3,26.67,1456.4,1.547,2610.78,Normal
2026-03-18 22:30:00,P-103,65.03,4.747,187.25,25.48,1433.1,1.784,2610.79,Normal
2026-03-18 22:45:00,P-103,58.1,4.697,190.63,25.2,1441.1,1.722,2610.8,Normal
2026-03-18 23:00:00,P-103,59.86,4.672,175.53,24.66,1459.3,1.71,2610.82,Normal
2026-03-18 23:15:00,P-101,62.93,4.659,193.16,26.01,1450.5,2.015,2610.84,Normal
2026-03-18 23:30:00,P-102,60.94,4.651,182.48,22.19,1437.4,1.46,2610.85,Normal
2026-03-18 23:45:00,P-102,59.71,4.971,186.86,23.55,1473.4,1.967,2610.86,Normal
2026-03-19 00:00:00,P-101,60.73,4.515,180.95,23.65,1434.8,2.074,2610.88,Normal
2026-03-19 00:15:00,P-102,63.4,4.919,184.94,24.89,1396.3,2.131,2610.9,Normal
2026-03-19 00:30:00,P-103,60.77,4.522,181.94,21.3,1451.6,2.043,2610.91,Normal
2026-03-19 00:45:00,P-104,62.16,4.867,187.81,24.2,1452.3,1.839,2610.93,Normal
2026-03-19 01:00:00,P-103,63.99,4.843,196.09,22.72,1451.0,1.853,2610.94,Normal
2026-03-19 01:15:00,P-104,61.79,4.868,202.19,27.71,1457.2,1.539,2610.96,Normal
2026-03-19 01:30:00,P-103,63.9,4.634,180.25,25.21,1440.0,1.729,2610.97,Normal
2026-03-19 01:45:00,P-103,59.31,4.699,186.06,27.18,1468.5,2.024,2610.98,Normal
2026-03-19 02:00:00,P-103,65.77,4.666,204.68,26.31,1425.4,1.579,2611.0,Normal
2026-03-19 02:15:00,P-101,65.1,4.885,207.41,27.63,1449.6,1.768,2611.02,Normal
2026-03-19 02:30:00,P-104,59.05,4.6,179.0,24.95,1438.7,1.768,2611.03,Normal
2026-03-19 02:45:00,P-103,,4.708,192.32,23.91,1468.1,1.492,2611.04,Normal
2026-03-19 03:00:00,P-103,63.99,4.862,216.34,29.2,1435.7,2.349,2611.06,Normal
2026-03-19 03:15:00,P-102,62.03,4.77,195.31,25.96,1451.3,1.95,2611.07,Normal
2026-03-19 03:30:00,P-104,61.61,4.787,178.74,24.43,1451.5,1.819,2611.09,Normal
2026-03-19 03:45:00,P-102,57.4,4.881,193.61,25.16,1453.5,1.991,2611.1,Normal
2026-03-19 04:00:00,P-104,59.32,4.589,175.66,21.87,1436.9,1.663,2611.12,Normal
2026-03-19 04:15:00,P-104,56.4,5.18,199.53,27.44,1456.6,1.965,2611.14,Normal
2026-03-19 04:30:00,P-101,61.18,4.87,210.67,29.63,1450.5,1.784,2611.15,Normal
2026-03-19 04:45:00,P-104,63.23,4.791,193.58,26.54,1456.2,1.45,2611.16,Normal
2026-03-19 05:00:00,P-104,57.34,4.684,204.84,30.85,1478.3,1.899,2611.18,Normal
2026-03-19 05:15:00,P-102,58.23,4.952,213.52,30.07,1452.1,2.285,2611.2,Normal
2026-03-19 05:30:00,P-103,59.88,4.992,185.98,27.2,1432.1,2.153,2611.21,Normal
2026-03-19 05:45:00,P-104,62.89,4.79,202.83,25.53,1485.3,1.855,2611.22,Normal
2026-03-19 06:00:00,P-103,61.61,4.766,213.56,30.02,1467.6,1.917,2611.24,Normal
2026-03-19 06:15:00,P-101,56.32,5.025,218.93,28.23,1461.8,1.667,2611.26,Normal
2026-03-19 06:30:00,P-103,57.31,5.025,213.14,29.83,1446.7,2.177,2611.27,Normal
2026-03-19 06:45:00,P-101,60.46,5.009,207.57,30.61,1463.3,2.015,2611.28,Normal
2026-03-19 07:00:00,P-102,59.1,5.024,222.82,30.86,1413.0,2.005,2611.3,Normal
2026-03-19 07:15:00,P-103,61.79,4.923,224.07,29.44,1477.8,1.674,2611.32,Normal
2026-03-19 07:30:00,P-103,62.68,5.101,231.04,31.1,1466.1,1.757,2611.33,Normal
2026-03-19 07:45:00,P-103,61.0,5.174,226.44,32.41,1446.8,2.095,2611.34,Normal
2026-03-19 08:00:00,P-101,66.23,5.115,226.17,32.65,1465.7,1.805,2611.36,Normal
2026-03-19 08:15:00,P-103,62.2,5.036,218.28,30.13,1461.1,2.09,2611.38,Normal
2026-03-19 08:30:00,P-101,65.48,5.114,231.01,32.0,1431.8,2.225,2611.39,Normal
2026-03-19 08:45:00,P-101,64.27,5.169,219.39,34.83,1453.2,1.842,2611.41,Normal
2026-03-19 09:00:00,P-102,62.23,5.146,220.87,34.68,1456.8,2.106,2611.42,Normal
2026-03-19 09:15:00,P-102,63.4,5.183,238.04,35.41,1447.6,2.009,2611.44,Normal
2026-03-19 09:30:00,P-101,61.77,5.136,226.55,30.6,1446.1,2.249,2611.45,Normal
2026-03-19 09:45:00,P-103,65.97,5.27,256.34,38.11,1466.2,2.803,2611.46,Normal
2026-03-19 10:00:00,P-103,63.31,5.408,245.0,37.92,1453.2,2.201,2611.48,Normal
2026-03-19 10:15:00,P-103,68.1,5.385,240.89,35.62,1483.8,2.453,2611.5,Normal
2026-03-19 10:30:00,P-102,61.29,5.191,225.0,34.08,1438.2,2.272,2611.51,Normal
2026-03-19 10:45:00,P-102,62.51,4.833,220.74,30.16,1457.4,2.005,2611.52,Normal
2026-03-19 11:00:00,P-102,64.65,5.212,246.46,35.29,1433.4,2.314,2611.54,Normal
2026-03-19 11:15:00,P-103,63.48,5.168,234.25,35.0,1462.2,1.935,2611.55,Normal
2026-03-19 11:30:00,P-103,68.66,5.075,225.58,31.53,1429.9,2.139,2611.57,Normal
2026-03-19 11:45:00,P-103,64.82,5.28,244.62,35.45,1455.2,2.176,2611.58,Normal
2026-03-19 12:00:00,P-102,63.45,5.273,225.68,33.89,1471.3,2.353,2611.6,Normal
2026-03-19 12:15:00,P-103,63.22,5.285,232.29,34.26,1450.9,2.021,2611.61,Normal
2026-03-19 12:30:00,P-102,65.79,5.234,241.83,33.94,1432.2,2.0,2611.63,Normal
2026-03-19 12:45:00,P-103,64.16,5.206,224.83,32.22,1467.0,1.907,2611.64,Normal
2026-03-19 13:00:00,P-103,62.97,5.26,242.53,32.75,1456.5,,2611.66,Normal
2026-03-19 13:15:00,P-102,65.72,5.32,250.47,35.77,1448.5,2.183,2611.68,Normal
2026-03-19 13:30:00,P-102,67.33,5.376,235.71,33.97,1432.6,1.856,2611.69,Normal
2026-03-19 13:45:00,P-102,69.31,5.245,239.92,37.56,1421.0,2.399,2611.7,Normal
2026-03-19 14:00:00,P-104,67.11,5.312,242.89,35.82,1490.5,1.932,2611.72,Normal
2026-03-19 14:15:00,P-101,66.28,5.069,232.22,33.57,1439.7,2.031,2611.74,Normal
2026-03-19 14:30:00,P-104,63.34,4.854,212.29,29.28,1432.1,1.945,2611.75,Normal
2026-03-19 14:45:00,P-101,64.21,4.91,219.75,29.5,1455.7,1.852,2611.76,Normal
2026-03-19 15:00:00,P-103,65.05,5.111,230.8,34.4,1431.7,1.848,2611.78,Normal
2026-03-19 15:15:00,P-103,61.62,5.018,215.95,30.96,1459.0,2.152,2611.8,Normal
2026-03-19 15:30:00,P-103,64.65,5.069,222.87,32.43,1474.3,2.187,2611.81,Normal
2026-03-19 15:45:00,P-104,68.82,5.118,227.48,33.84,1431.0,2.11,2611.82,Normal
2026-03-19 16:00:00,P-104,66.94,5.201,237.22,35.56,1444.6,2.224,2611.84,Normal
2026-03-19 16:15:00,P-104,65.28,5.25,218.11,33.55,1457.8,1.719,2611.86,Normal
2026-03-19 16:30:00,P-103,65.18,4.879,216.77,29.15,1428.1,2.104,2611.87,Normal
2026-03-19 16:45:00,P-103,69.24,4.903,217.79,31.46,1433.6,2.109,2611.89,Normal
2026-03-19 17:00:00,P-103,64.79,4.97,223.35,31.95,1447.9,2.127,2611.9,Normal
2026-03-19 17:15:00,P-103,66.95,5.0,212.22,30.0,1485.3,2.085,2611.92,Normal
2026-03-19 17:30:00,P-103,67.23,5.161,218.7,31.3,1434.6,2.245,2611.93,Normal
2026-03-19 17:45:00,P-104,65.8,4.99,202.83,29.31,1444.9,1.923,2611.95,Normal
2026-03-19 18:00:00,P-102,66.94,5.094,209.86,30.36,1494.6,1.999,2611.96,Normal
2026-03-19 18:15:00,P-104,66.74,4.979,207.87,28.82,1464.3,1.755,2611.98,Normal
2026-03-19 18:30:00,P-103,67.5,4.851,197.25,26.25,1419.5,2.056,2611.99,Normal
2026-03-19 18:45:00,P-104,66.71,5.189,216.87,29.5,1445.8,1.875,2612.0,Normal
2026-03-19 19:00:00,P-101,69.87,4.579,213.44,27.86,1460.5,1.835,2612.02,Normal
2026-03-19 19:15:00,P-101,66.58,4.962,213.59,30.12,1476.0,1.896,2612.04,Normal
2026-03-19 19:30:00,P-102,62.07,4.936,201.96,27.04,1475.1,1.73,2612.05,Normal
2026-03-19 19:45:00,P-103,67.24,5.109,195.83,27.95,1460.1,1.904,2612.06,Normal
2026-03-19 20:00:00,P-104,65.64,4.579,195.62,24.27,1462.9,2.0,2612.08,Normal
2026-03-19 20:15:00,P-103,64.7,4.713,185.26,24.2,1426.6,1.642,2612.09,Normal
2026-03-19 20:30:00,P-101,65.56,4.753,206.85,27.79,1437.5,1.941,2612.11,Normal
2026-03-19 20:45:00,P-101,60.78,4.633,197.18,27.24,1426.6,2.019,2612.12,Normal
2026-03-19 21:00:00,P-103,59.48,4.662,174.91,23.8,1468.5,1.345,2612.14,Normal
2026-03-19 21:15:00,P-102,68.3,4.883,202.54,26.58,1456.8,2.189,2612.16,Normal
2026-03-19 21:30:00,P-102,60.91,4.687,166.75,20.39,1451.9,1.612,2612.17,Normal
2026-03-19 21:45:00,P-101,65.75,4.63,185.16,24.64,1477.8,1.628,2612.18,Normal
2026-03-19 22:00:00,P-103,61.3,4.903,198.1,26.84,1459.7,1.896,2612.2,Normal
2026-03-19 22:15:00,P-102,61.36,4.693,186.67,23.54,1470.5,1.69,2612.22,Normal
2026-03-19 22:30:00,P-101,65.18,4.798,192.68,25.8,1463.6,1.808,2612.23,Normal
2026-03-19 22:45:00,P-102,60.46,4.581,160.22,18.27,1465.4,1.494,2612.24,Normal
2026-03-19 23:00:00,P-101,64.04,4.651,187.02,23.74,1431.2,1.985,2612.26,Normal
2026-03-19 23:15:00,P-101,63.3,,192.36,26.54,1467.5,2.307,2612.28,Normal
2026-03-19 23:30:00,P-103,62.81,4.599,184.66,23.07,1458.5,1.96,2612.29,Normal
2026-03-19 23:45:00,P-102,62.04,4.866,196.67,27.28,1442.6,1.894,2612.3,Normal
2026-03-20 00:00:00,P-101,59.68,4.805,180.5,23.29,1462.3,1.688,2612.32,Normal
2026-03-20 00:15:00,P-101,65.27,4.797,180.36,24.05,1473.1,1.981,2612.34,Normal
2026-03-20 00:30:00,P-101,64.42,4.44,178.17,24.76,1448.2,1.583,2612.35,Normal
2026-03-20 00:45:00,P-104,59.55,4.662,184.25,24.03,1436.5,1.849,2612.36,Normal
2026-03-20 01:00:00,P-102,58.3,4.632,179.8,25.22,1437.3,1.637,2612.38,Normal
2026-03-20 01:15:00,P-101,59.3,4.601,175.48,22.16,1424.9,1.473,2612.4,Normal
2026-03-20 01:30:00,P-102,61.37,4.637,173.29,23.63,1447.0,1.71,2612.41,Normal
2026-03-20 01:45:00,P-103,62.43,5.035,206.2,28.8,1460.6,1.732,2612.43,Normal
2026-03-20 02:00:00,P-101,62.22,4.556,190.01,25.85,1481.2,2.073,2612.44,Normal
2026-03-20 02:15:00,P-102,61.35,4.736,190.55,26.28,1435.5,1.708,2612.46,Normal
2026-03-20 02:30:00,P-102,60.45,4.507,187.7,24.6,1456.5,1.783,2612.47,Normal
2026-03-20 02:45:00,P-102,64.78,4.68,182.72,21.59,1450.4,1.62,2612.48,Normal
2026-03-20 03:00:00,P-104,60.7,4.93,200.87,25.99,1449.8,1.687,2612.5,Normal
2026-03-20 03:15:00,P-102,62.61,4.998,188.59,24.88,1422.5,1.854,2612.52,Normal
2026-03-20 03:30:00,P-101,63.59,4.879,200.06,27.98,1431.8,1.82,2612.53,Normal
2026-03-20 03:45:00,P-104,61.93,4.855,198.63,27.11,1482.7,2.299,2612.54,Normal
2026-03-20 04:00:00,P-104,56.82,4.886,200.64,25.53,1468.2,2.092,2612.56,Normal
2026-03-20 04:15:00,P-103,60.25,4.747,194.39,25.51,1455.1,1.869,2612.57,Normal
2026-03-20 04:30:00,P-104,58.05,4.717,184.61,24.03,1458.3,1.867,2612.59,Normal
2026-03-20 04:45:00,P-101,60.18,4.844,198.31,26.22,1463.4,1.858,2612.6,Normal
2026-03-20 05:00:00,P-103,57.87,4.597,203.1,26.19,1441.9,1.704,2612.62,Normal
2026-03-20 05:15:00,P-104,61.89,4.871,194.3,28.14,1442.7,1.64,2612.64,Normal
2026-03-20 05:30:00,P-101,64.01,5.034,220.24,30.92,1438.9,1.825,2612.65,Normal
2026-03-20 05:45:00,P-103,62.51,5.054,205.29,29.33,1453.0,2.136,2612.66,Normal
2026-03-20 06:00:00,P-101,60.53,4.981,217.59,29.7,1429.3,2.044,2612.68,Normal
2026-03-20 06:15:00,P-101,59.0,4.91,214.52,30.5,1438.0,2.098,2612.7,Normal
2026-03-20 06:30:00,P-103,62.92,5.124,226.06,32.8,1459.1,2.203,2612.71,Normal
2026-03-20 06:45:00,P-102,65.13,5.02,222.48,31.64,1443.6,1.971,2612.72,Normal
2026-03-20 07:00:00,P-102,62.37,5.095,224.89,30.79,1418.5,1.965,2612.74,Normal
2026-03-20 07:15:00,P-101,62.47,4.888,218.9,31.46,1443.2,2.391,2612.76,Normal
2026-03-20 07:30:00,P-102,61.63,5.094,235.97,32.47,1459.8,2.17,2612.77,Normal
2026-03-20 07:45:00,P-103,59.44,4.885,212.33,29.76,1452.1,1.67,2612.78,Normal
2026-03-20 08:00:00,P-102,61.12,4.842,197.82,27.93,1419.6,1.596,2612.8,Normal
2026-03-20 08:15:00,P-102,62.31,5.242,233.48,35.13,1468.6,2.238,2612.82,Normal
2026-03-20 08:30:00,P-104,63.65,5.092,232.88,32.37,1445.6,1.956,2612.83,Normal
2026-03-20 08:45:00,P-101,64.08,5.164,229.21,32.64,1456.1,2.104,2612.84,Normal
2026-03-20 09:00:00,P-102,63.0,5.179,219.9,31.33,1468.8,1.682,2612.86,Normal
2026-03-20 09:15:00,P-103,65.46,5.275,244.34,35.68,1447.8,2.121,2612.88,Normal
2026-03-20 09:30:00,P-103,60.78,5.456,227.79,33.22,1415.6,2.259,2612.89,Normal
2026-03-20 09:45:00,P-101,61.62,5.262,230.08,34.03,1481.6,2.059,2612.91,Normal
2026-03-20 10:00:00,P-103,63.88,5.108,238.15,36.26,1410.3,1.961,2612.92,Normal
2026-03-20 10:15:00,P-104,65.13,5.266,247.87,37.21,1444.0,2.201,2612.94,Normal
2026-03-20 10:30:00,P-103,62.38,5.078,232.19,33.66,1473.3,2.134,2612.95,Normal
2026-03-20 10:45:00,P-104,63.94,5.068,232.76,31.72,1437.4,2.048,2612.96,Normal
2026-03-20 11:00:00,P-103,64.84,5.16,214.99,34.17,1438.5,1.78,2612.98,Normal
2026-03-20 11:15:00,P-101,68.38,5.242,243.77,37.31,1446.1,2.32,2613.0,Normal
2026-03-20 11:30:00,P-103,68.04,5.236,237.83,37.38,1446.7,2.08,2613.01,Normal
2026-03-20 11:45:00,P-102,62.24,5.417,247.32,34.75,1434.5,2.218,2613.02,Normal
2026-03-20 12:00:00,P-102,65.04,5.448,273.59,41.12,1438.6,2.164,2613.04,Normal
2026-03-20 12:15:00,P-101,64.72,,239.65,34.6,1469.3,2.403,2613.05,Normal
2026-03-20 12:30:00,P-104,64.23,4.919,226.27,34.63,1440.4,2.209,2613.07,Normal
2026-03-20 12:45:00,P-102,64.68,5.173,222.69,35.63,1459.0,2.08,2613.08,Normal
2026-03-20 13:00:00,P-104,63.44,5.037,232.64,33.89,1433.6,2.15,2613.1,Normal
2026-03-20 13:15:00,P-104,64.65,5.226,234.67,32.89,1474.9,2.421,2613.11,Normal
2026-03-20 13:30:00,P-102,66.5,5.059,233.21,35.92,1466.9,2.334,2613.13,Normal
2026-03-20 13:45:00,P-101,62.47,5.408,223.37,35.62,1448.4,2.378,2613.14,Normal
2026-03-20 14:00:00,P-103,69.94,4.882,232.09,31.21,1461.5,2.161,2613.16,Normal
2026-03-20 14:15:00,P-101,67.62,,253.57,36.83,1477.4,2.128,2613.18,Normal
2026-03-20 14:30:00,P-103,68.81,5.316,235.82,35.28,1432.0,2.247,2613.19,Normal
2026-03-20 14:45:00,P-103,64.84,5.19,233.96,30.68,1431.0,2.408,2613.2,Normal
2026-03-20 15:00:00,P-103,68.33,5.236,236.26,35.88,1456.7,2.262,2613.22,Normal
2026-03-20 15:15:00,P-103,67.09,5.413,236.56,35.0,1426.7,1.978,2613.24,Normal
2026-03-20 15:30:00,P-101,68.62,5.456,223.06,32.5,1422.1,2.118,2613.25,Normal
2026-03-20 15:45:00,P-101,66.71,5.157,220.28,30.97,1421.1,2.258,2613.26,Normal
2026-03-20 16:00:00,P-103,70.08,5.136,219.38,32.78,1452.7,2.109,2613.28,Normal
2026-03-20 16:15:00,P-101,63.88,5.083,224.69,31.63,1413.4,2.237,2613.3,Normal
2026-03-20 16:30:00,P-102,69.33,5.001,224.72,30.93,1442.7,1.983,2613.31,Normal
2026-03-20 16:45:00,P-101,66.95,5.127,223.79,31.98,1388.3,2.009,2613.32,Normal
2026-03-20 17:00:00,P-102,64.08,5.05,215.55,32.17,1457.9,2.075,2613.34,Normal
2026-03-20 17:15:00,P-101,72.15,4.967,229.56,32.93,1459.1,2.177,2613.36,Normal
2026-03-20 17:30:00,P-102,70.07,5.017,205.61,30.96,1446.2,1.861,2613.37,Normal
2026-03-20 17:45:00,P-102,62.16,5.057,210.74,31.44,1471.3,1.574,2613.39,Normal
2026-03-20 18:00:00,P-101,67.06,4.935,215.87,28.71,1464.3,1.486,2613.4,Normal
2026-03-20 18:15:00,P-101,67.22,4.817,202.89,27.72,1435.8,1.923,2613.42,Normal
2026-03-20 18:30:00,P-104,66.36,4.913,202.38,29.06,1434.2,1.941,2613.43,Normal
2026-03-20 18:45:00,P-102,69.03,5.079,207.22,27.5,1465.9,1.886,2613.45,Normal
2026-03-20 19:00:00,P-102,68.33,4.904,209.98,28.64,1462.3,1.91,2613.46,Normal
2026-03-20 19:15:00,P-104,65.05,4.846,192.16,25.38,1445.2,2.123,2613.48,Normal
2026-03-20 19:30:00,P-101,70.06,4.708,206.47,27.7,1418.3,1.783,2613.49,Normal
2026-03-20 19:45:00,P-101,67.8,4.825,205.53,28.5,1466.7,1.982,2613.5,Normal
2026-03-20 20:00:00,P-102,65.72,5.022,213.77,29.0,1451.2,2.269,2613.52,Normal
2026-03-20 20:15:00,P-104,64.48,4.707,208.34,28.73,1449.0,1.727,2613.54,Normal
2026-03-20 20:30:00,P-104,65.43,4.597,179.34,20.31,1398.9,2.033,2613.55,Normal
2026-03-20 20:45:00,P-102,63.69,4.909,197.21,26.25,1459.6,2.075,2613.56,Normal
2026-03-20 21:00:00,P-102,63.28,4.724,195.56,24.93,1448.9,1.763,2613.58,Normal
2026-03-20 21:15:00,P-102,64.39,4.846,195.51,28.23,1440.3,1.416,2613.59,Normal
2026-03-20 21:30:00,P-103,65.1,4.761,194.01,24.18,1434.9,2.087,2613.61,Normal
2026-03-20 21:45:00,P-104,63.55,4.654,190.75,25.43,1452.0,2.137,2613.62,Normal
2026-03-20 22:00:00,P-101,,4.586,195.69,25.83,1458.4,1.693,2613.64,Normal
2026-03-20 22:15:00,P-103,66.31,4.715,191.83,25.73,1443.1,2.147,2613.66,Normal
2026-03-20 22:30:00,P-104,63.91,4.998,193.54,27.29,1460.1,1.59,2613.67,Normal
2026-03-20 22:45:00,P-101,67.82,4.835,199.11,24.47,1429.3,1.861,2613.68,Normal
2026-03-20 23:00:00,P-103,64.86,4.765,201.47,26.51,1438.3,1.839,2613.7,Normal
2026-03-20 23:15:00,P-104,66.66,4.746,192.98,27.69,1462.4,1.619,2613.72,Normal
2026-03-20 23:30:00,P-102,64.84,4.71,187.53,25.22,1442.7,1.797,2613.73,Normal
2026-03-20 23:45:00,P-103,63.96,4.487,177.56,19.8,1480.9,1.688,2613.74,Normal
2026-03-21 00:00:00,P-104,64.76,4.835,191.62,27.26,1455.0,1.653,2613.76,Normal
2026-03-21 00:15:00,P-104,62.44,4.786,187.78,26.12,1429.0,1.894,2613.78,Normal
2026-03-21 00:30:00,P-103,65.22,5.038,198.96,24.86,1421.8,1.722,2613.79,Normal
2026-03-21 00:45:00,P-101,66.61,4.518,176.7,25.28,1464.1,1.68,2613.8,Normal
2026-03-21 01:00:00,P-101,60.21,4.681,174.87,24.02,1439.1,1.995,2613.82,Normal
2026-03-21 01:15:00,P-102,65.26,4.957,202.77,26.91,1466.5,1.81,2613.84,Normal
2026-03-21 01:30:00,P-103,60.72,4.595,176.54,23.07,1440.3,1.349,2613.85,Normal
2026-03-21 01:45:00,P-104,63.62,4.708,200.66,26.33,1454.4,1.842,2613.86,Normal
2026-03-21 02:00:00,P-103,61.56,4.78,193.65,25.99,1444.0,1.851,2613.88,Normal
2026-03-21 02:15:00,P-102,56.13,4.962,191.84,24.91,1454.6,1.762,2613.9,Normal
2026-03-21 02:30:00,P-104,60.69,4.784,188.08,27.2,1463.1,1.989,2613.91,Normal
2026-03-21 02:45:00,P-103,62.11,4.555,187.11,25.19,1450.3,1.839,2613.93,Normal
2026-03-21 03:00:00,P-103,59.32,4.759,189.7,24.46,1461.9,1.744,2613.94,Normal
2026-03-21 03:15:00,P-103,62.01,4.558,191.2,23.21,1419.4,1.922,2613.96,Normal
2026-03-21 03:30:00,P-104,60.96,4.772,186.49,26.92,1457.5,1.93,2613.97,Normal
2026-03-21 03:45:00,P-103,61.28,4.985,213.97,27.87,1450.4,2.014,2613.98,Normal
2026-03-21 04:00:00,P-102,63.07,4.775,199.36,27.48,1445.3,1.877,2614.0,Normal
2026-03-21 04:15:00,P-104,61.0,4.327,192.07,25.94,1407.0,1.863,2614.02,Normal
2026-03-21 04:30:00,P-101,62.53,4.977,213.2,30.23,1420.0,1.982,2614.03,Normal
2026-03-21 04:45:00,P-101,63.08,4.822,197.89,26.65,1454.1,1.868,2614.04,Normal
2026-03-21 05:00:00,P-101,60.84,4.761,205.55,24.91,1456.4,1.987,2614.06,Normal
2026-03-21 05:15:00,P-104,57.97,4.893,210.83,29.81,1457.4,2.09,2614.07,Normal
2026-03-21 05:30:00,P-104,59.99,4.968,206.11,27.76,1449.9,2.047,2614.09,Normal
2026-03-21 05:45:00,P-101,56.01,4.798,197.66,27.59,1428.4,2.009,2614.1,Normal
2026-03-21 06:00:00,P-101,64.21,5.248,235.56,32.64,1431.5,1.686,2614.12,Normal
2026-03-21 06:15:00,P-102,63.14,5.1,207.88,28.8,1412.0,2.154,2614.14,Normal
2026-03-21 06:30:00,P-104,63.28,4.965,216.96,32.69,1452.2,1.825,2614.15,Normal
2026-03-21 06:45:00,P-104,62.1,4.924,210.62,29.99,1484.3,2.192,2614.16,Normal
2026-03-21 07:00:00,P-103,64.69,5.161,233.85,32.24,1448.3,1.852,2614.18,Normal
2026-03-21 07:15:00,P-103,57.68,4.992,227.48,30.52,1436.3,2.291,2614.2,Normal
2026-03-21 07:30:00,P-102,60.13,4.724,205.82,29.68,1450.5,1.563,2614.21,Normal
2026-03-21 07:45:00,P-102,58.18,5.258,218.3,29.98,1447.6,2.077,2614.22,Normal
2026-03-21 08:00:00,P-104,62.46,5.31,233.64,37.2,1418.7,2.084,2614.24,Normal
2026-03-21 08:15:00,P-104,66.51,5.139,238.06,32.03,1454.6,2.213,2614.26,Normal
2026-03-21 08:30:00,P-103,64.54,4.881,223.97,30.53,1448.0,2.385,2614.27,Normal
2026-03-21 08:45:00,P-101,65.23,5.25,244.43,33.41,1446.9,2.224,2614.28,Normal
2026-03-21 09:00:00,P-102,62.98,5.158,233.93,34.5,1485.8,2.321,2614.3,Normal
2026-03-21 09:15:00,P-102,60.46,5.142,239.88,33.55,1448.2,2.376,2614.32,Normal
2026-03-21 09:30:00,P-102,63.33,4.91,219.56,32.97,1482.8,2.001,2614.33,Normal
2026-03-21 09:45:00,P-104,65.99,5.167,237.43,34.98,1435.1,2.215,2614.34,Normal
2026-03-21 10:00:00,P-103,63.59,5.08,226.77,33.15,1422.8,2.332,2614.36,Normal
2026-03-21 10:15:00,P-103,60.14,5.189,234.25,33.76,1435.4,2.205,2614.38,Normal
2026-03-21 10:30:00,P-104,64.32,5.219,239.09,35.37,1471.1,2.059,2614.39,Normal
2026-03-21 10:45:00,P-102,58.27,5.08,222.06,31.34,1436.3,2.142,2614.41,Normal
2026-03-21 11:00:00,P-104,65.79,5.396,235.69,33.72,1424.3,2.163,2614.42,Normal
2026-03-21 11:15:00,P-104,62.57,,236.06,33.5,1456.1,2.23,2614.44,Normal
2026-03-21 11:30:00,P-102,62.79,5.221,254.01,36.76,1443.1,2.125,2614.45,Normal
2026-03-21 11:45:00,P-104,64.87,4.866,207.9,33.03,1460.3,2.093,2614.46,Normal
2026-03-21 12:00:00,P-103,65.79,5.144,243.09,32.61,1437.9,2.112,2614.48,Normal
2026-03-21 12:15:00,P-104,65.15,5.028,245.77,33.3,1433.4,2.042,2614.5,Normal
2026-03-21 12:30:00,P-103,70.91,5.439,235.95,36.56,1479.9,2.452,2614.51,Normal
2026-03-21 12:45:00,P-103,,5.219,236.4,36.65,1435.0,2.061,2614.52,Normal
2026-03-21 13:00:00,P-104,65.73,5.505,257.83,38.24,1435.0,2.126,2614.54,Normal
2026-03-21 13:15:00,P-101,67.41,5.461,245.74,34.63,1458.3,1.977,2614.55,Normal
2026-03-21 13:30:00,P-104,64.8,5.079,240.11,32.51,1399.8,2.11,2614.57,Normal
2026-03-21 13:45:00,P-104,68.93,5.192,238.28,35.78,1463.2,2.128,2614.58,Normal
2026-03-21 14:00:00,P-104,66.34,5.332,220.6,33.04,1482.2,2.245,2614.6,Normal
2026-03-21 14:15:00,P-104,67.75,5.295,246.44,33.86,1465.6,1.96,2614.61,Normal
2026-03-21 14:30:00,P-102,,5.127,224.07,32.62,1431.3,1.74,2614.63,Normal
2026-03-21 14:45:00,P-103,65.71,5.223,231.39,32.41,1437.0,1.732,2614.64,Normal
2026-03-21 15:00:00,P-101,66.67,5.31,225.84,32.55,1451.2,2.217,2614.66,Normal
2026-03-21 15:15:00,P-101,65.29,5.308,232.6,33.47,1456.6,2.358,2614.68,Normal
2026-03-21 15:30:00,P-102,64.02,5.104,209.23,26.47,1479.1,2.129,2614.69,Normal
2026-03-21 15:45:00,P-104,68.72,5.236,244.01,34.04,1478.2,2.072,2614.7,Normal
2026-03-21 16:00:00,P-103,66.41,5.155,231.53,32.29,1446.1,2.085,2614.72,Normal
2026-03-21 16:15:00,P-103,,4.899,204.03,29.94,1440.4,1.542,2614.74,Normal
2026-03-21 16:30:00,P-104,63.26,4.926,194.92,27.26,1435.9,2.16,2614.75,Normal
2026-03-21 16:45:00,P-101,64.14,4.835,221.95,27.21,1461.6,2.154,2614.76,Normal
2026-03-21 17:00:00,P-101,66.93,4.836,215.73,30.58,1469.4,2.188,2614.78,Normal
2026-03-21 17:15:00,P-102,66.61,5.095,219.91,32.24,1451.2,1.85,2614.8,Normal
2026-03-21 17:30:00,P-101,66.1,4.94,218.45,30.75,1450.0,1.976,2614.81,Normal
2026-03-21 17:45:00,P-104,64.88,4.804,211.71,30.03,1488.0,1.925,2614.82,Normal
2026-03-21 18:00:00,P-102,65.45,5.022,198.78,28.68,1462.2,2.22,2614.84,Normal
2026-03-21 18:15:00,P-103,67.96,5.031,203.03,29.61,1413.0,2.123,2614.86,Normal
2026-03-21 18:30:00,P-101,66.76,4.897,207.44,29.62,1449.4,1.925,2614.87,Normal
2026-03-21 18:45:00,P-103,69.35,4.573,206.6,30.02,1453.6,2.064,2614.89,Normal
2026-03-21 19:00:00,P-104,67.68,4.893,197.81,25.41,1445.2,1.722,2614.9,Normal
2026-03-21 19:15:00,P-103,69.88,5.044,214.36,31.4,1472.7,1.727,2614.92,Normal
2026-03-21 19:30:00,P-102,68.09,4.873,207.1,24.71,1444.1,1.861,2614.93,Normal
2026-03-21 19:45:00,P-103,68.16,4.829,191.18,26.59,1432.3,1.643,2614.95,Normal
2026-03-21 20:00:00,P-102,62.32,4.764,190.46,26.4,1437.2,1.553,2614.96,Normal
2026-03-21 20:15:00,P-103,67.59,4.867,207.41,27.98,1462.1,1.95,2614.98,Normal
2026-03-21 20:30:00,P-101,67.59,4.661,191.83,25.41,1425.6,1.815,2614.99,Normal
2026-03-21 20:45:00,P-101,67.31,4.646,182.03,31.99,1441.1,4.343,2615.0,Normal
2026-03-21 21:00:00,P-103,63.83,4.901,207.71,28.73,1465.2,1.836,2615.02,Normal
2026-03-21 21:15:00,P-102,67.89,5.0,211.72,29.37,1425.5,2.041,2615.04,Normal
2026-03-21 21:30:00,P-104,64.68,4.869,195.24,25.91,1431.3,1.809,2615.05,Normal
2026-03-21 21:45:00,P-104,69.32,4.688,192.21,29.21,1419.5,1.93,2615.06,Normal
2026-03-21 22:00:00,P-104,61.84,4.63,196.44,26.69,1433.9,1.856,2615.08,Normal
2026-03-21 22:15:00,P-102,61.54,4.628,177.98,24.51,1440.6,2.094,2615.09,Normal
2026-03-21 22:30:00,P-102,59.63,4.601,189.5,25.14,1445.7,2.055,2615.11,Normal
2026-03-21 22:45:00,P-102,62.56,4.621,178.9,26.31,1433.5,1.754,2615.12,Normal
2026-03-21 23:00:00,P-104,68.01,4.534,187.32,23.84,1443.1,1.646,2615.14,Normal
2026-03-21 23:15:00,P-101,62.37,4.79,179.47,25.15,1467.6,1.665,2615.16,Normal
2026-03-21 23:30:00,P-103,62.71,4.567,180.12,22.4,1456.0,1.545,2615.17,Normal
2026-03-21 23:45:00,P-104,63.21,4.824,180.4,22.75,1488.4,1.612,2615.18,Normal
2026-03-22 00:00:00,P-104,,,186.92,24.2,1437.9,1.903,2615.2,Normal
2026-03-22 00:15:00,P-102,63.62,4.622,189.05,25.66,1441.9,1.725,2615.22,Normal
2026-03-22 00:30:00,P-102,62.93,4.943,182.04,24.53,1452.8,1.763,2615.23,Normal
2026-03-22 00:45:00,P-103,58.48,4.569,168.12,22.24,1440.7,1.904,2615.24,Normal
2026-03-22 01:00:00,P-102,60.99,4.662,178.9,23.22,1449.5,1.861,2615.26,Normal
2026-03-22 01:15:00,P-102,61.99,4.57,174.02,24.54,1415.5,1.731,2615.28,Normal
2026-03-22 01:30:00,P-102,63.86,4.799,185.91,24.51,1443.3,1.808,2615.29,Normal
2026-03-22 01:45:00,P-102,,4.836,191.98,27.13,1465.8,1.813,2615.3,Normal
2026-03-22 02:00:00,P-102,62.33,4.655,199.11,26.81,1484.3,2.007,2615.32,Normal
2026-03-22 02:15:00,P-101,61.33,4.649,183.7,23.44,1476.1,1.837,2615.34,Normal
2026-03-22 02:30:00,P-102,63.04,4.792,188.46,25.87,1452.3,1.806,2615.35,Normal
2026-03-22 02:45:00,P-104,59.35,4.795,178.47,25.41,1458.7,1.587,2615.36,Normal
2026-03-22 03:00:00,P-102,58.59,4.749,194.54,26.62,1455.9,1.871,2615.38,Normal
2026-03-22 03:15:00,P-102,61.35,4.878,207.75,27.27,1440.0,1.967,2615.4,Normal
2026-03-22 03:30:00,P-101,58.84,4.813,205.35,32.42,1432.7,1.635,2615.41,Normal
2026-03-22 03:45:00,P-102,62.62,4.833,212.14,29.45,1454.5,1.909,2615.43,Normal
2026-03-22 04:00:00,P-101,62.61,4.637,197.49,26.77,1448.0,1.914,2615.44,Normal
2026-03-22 04:15:00,P-101,60.34,5.028,210.65,30.5,1465.1,1.924,2615.46,Normal
2026-03-22 04:30:00,P-102,61.35,4.748,192.51,25.01,1407.1,2.208,2615.47,Normal
2026-03-22 04:45:00,P-103,60.06,4.919,219.23,30.58,1446.9,2.236,2615.48,Normal
2026-03-22 05:00:00,P-102,,4.883,199.44,26.04,1471.8,1.676,2615.5,Normal
2026-03-22 05:15:00,P-101,65.24,4.898,203.66,29.43,1460.4,1.887,2615.52,Normal
2026-03-22 05:30:00,P-103,56.58,4.716,189.23,24.57,1432.3,1.986,2615.53,Normal
2026-03-22 05:45:00,P-103,57.94,4.817,208.41,27.92,1426.4,1.935,2615.54,Normal
2026-03-22 06:00:00,P-103,61.66,5.01,215.88,31.95,1449.2,2.118,2615.56,Normal
2026-03-22 06:15:00,P-103,61.41,4.913,212.78,29.21,1464.1,1.851,2615.57,Normal
2026-03-22 06:30:00,P-101,64.33,5.153,227.08,31.41,1459.3,1.826,2615.59,Normal
2026-03-22 06:45:00,P-103,64.74,5.057,207.62,29.92,1452.1,2.07,2615.6,Normal
2026-03-22 07:00:00,P-104,59.28,5.05,216.72,28.56,1461.6,1.933,2615.62,Normal
2026-03-22 07:15:00,P-101,59.54,4.907,209.43,31.41,1454.6,2.448,2615.64,Normal
2026-03-22 07:30:00,P-103,64.79,5.005,224.3,30.61,1460.8,2.184,2615.65,Normal
2026-03-22 07:45:00,P-103,64.89,5.374,231.6,32.08,1466.9,1.931,2615.66,Normal
2026-03-22 08:00:00,P-102,65.14,5.201,244.81,35.67,1442.0,2.28,2615.68,Normal
2026-03-22 08:15:00,P-101,60.28,5.062,213.26,31.89,1434.1,2.025,2615.7,Normal
2026-03-22 08:30:00,P-103,64.2,5.149,224.63,28.94,1463.1,2.141,2615.71,Normal
2026-03-22 08:45:00,P-104,63.26,5.07,214.57,30.95,1440.8,1.899,2615.72,Normal
2026-03-22 09:00:00,P-104,64.3,5.234,237.36,35.83,1415.0,2.242,2615.74,Normal
2026-03-22 09:15:00,P-104,62.61,5.185,244.63,35.67,1475.7,2.373,2615.76,Normal
2026-03-22 09:30:00,P-102,63.21,5.173,229.87,33.25,1454.6,2.264,2615.77,Normal
2026-03-22 09:45:00,P-101,65.62,5.148,234.3,32.38,1453.8,2.243,2615.78,Normal
2026-03-22 10:00:00,P-103,59.86,5.245,225.49,32.49,1446.7,2.618,2615.8,Normal
2026-03-22 10:15:00,P-103,62.02,5.052,232.38,34.52,1465.1,2.068,2615.82,Normal
2026-03-22 10:30:00,P-103,62.93,5.48,242.25,35.0,1426.9,2.504,2615.83,Normal
2026-03-22 10:45:00,P-104,61.24,5.005,217.45,31.12,1450.1,2.08,2615.84,Normal
2026-03-22 11:00:00,P-104,63.86,5.313,237.67,33.26,1455.1,2.065,2615.86,Normal
2026-03-22 11:15:00,P-101,67.94,5.292,248.39,36.26,1459.9,2.252,2615.88,Normal
2026-03-22 11:30:00,P-104,65.37,5.025,237.03,32.95,1419.2,2.308,2615.89,Normal
2026-03-22 11:45:00,P-101,66.2,5.216,250.23,37.22,1460.7,2.183,2615.91,Normal
2026-03-22 12:00:00,P-102,66.09,5.259,242.75,34.83,1442.5,1.846,2615.92,Normal
2026-03-22 12:15:00,P-102,65.46,5.205,233.21,32.66,1438.3,2.246,2615.94,Normal
2026-03-22 12:30:00,P-102,61.27,5.215,225.36,35.76,1421.9,2.182,2615.95,Normal
2026-03-22 12:45:00,P-101,67.63,5.193,235.95,34.15,1490.2,2.055,2615.96,Normal
2026-03-22 13:00:00,P-102,62.86,5.279,224.79,33.07,1447.7,1.87,2615.98,Normal
2026-03-22 13:15:00,P-104,63.82,5.139,220.94,32.51,1454.4,2.165,2616.0,Normal
2026-03-22 13:30:00,P-101,67.91,5.389,243.36,38.54,1431.1,2.469,2616.01,Normal
2026-03-22 13:45:00,P-104,64.88,5.498,223.29,34.5,1422.5,1.921,2616.02,Normal
2026-03-22 14:00:00,P-104,68.08,5.3,241.4,35.34,1464.7,2.251,2616.04,Normal
2026-03-22 14:15:00,P-102,66.06,5.072,230.91,33.97,1425.7,2.502,2616.05,Normal
2026-03-22 14:30:00,P-101,65.57,5.24,234.39,36.11,1473.5,2.292,2616.07,Normal
2026-03-22 14:45:00,P-104,70.18,5.312,233.45,33.01,1482.4,2.15,2616.08,Normal
2026-03-22 15:00:00,P-104,67.4,5.143,232.74,33.37,1436.0,2.054,2616.1,Normal
2026-03-22 15:15:00,P-101,67.62,5.218,231.4,31.85,1441.7,2.049,2616.11,Normal
2026-03-22 15:30:00,P-104,66.17,5.128,200.7,29.36,1404.2,1.982,2616.13,Normal
2026-03-22 15:45:00,P-104,65.37,5.322,227.9,33.01,1418.6,2.034,2616.14,Normal
2026-03-22 16:00:00,P-104,69.11,4.869,204.5,26.08,1461.4,1.876,2616.16,Normal
2026-03-22 16:15:00,P-102,63.96,4.992,204.96,32.79,1472.6,2.027,2616.18,Normal
2026-03-22 16:30:00,P-103,67.58,5.202,234.81,33.18,1435.9,1.813,2616.19,Normal
2026-03-22 16:45:00,P-104,66.48,5.035,224.84,31.19,1438.7,2.052,2616.2,Normal
2026-03-22 17:00:00,P-103,64.64,5.029,202.18,29.23,1421.5,2.441,2616.22,Normal
2026-03-22 17:15:00,P-104,64.43,4.968,202.63,29.82,1429.7,1.702,2616.24,Normal
2026-03-22 17:30:00,P-101,64.11,5.264,213.61,27.08,1473.9,2.246,2616.25,Normal
2026-03-22 17:45:00,P-102,69.15,5.181,219.82,26.52,1455.6,2.201,2616.26,Normal
2026-03-22 18:00:00,P-104,61.82,4.658,192.24,26.42,1417.7,1.984,2616.28,Normal
2026-03-22 18:15:00,P-101,68.37,4.889,203.75,28.42,1460.2,1.882,2616.3,Normal
2026-03-22 18:30:00,P-104,67.83,4.733,212.24,31.16,1492.7,2.152,2616.31,Normal
2026-03-22 18:45:00,P-102,64.92,4.635,206.66,27.84,1442.9,2.271,2616.32,Normal
2026-03-22 19:00:00,P-101,67.54,4.961,213.0,29.65,1438.0,2.174,2616.34,Normal
2026-03-22 19:15:00,P-102,65.63,4.76,203.32,28.27,1460.5,1.996,2616.36,Normal
2026-03-22 19:30:00,P-102,62.73,5.015,197.7,25.14,1468.1,1.898,2616.37,Normal
2026-03-22 19:45:00,P-104,61.36,4.815,185.43,24.64,1464.8,1.686,2616.39,Normal
2026-03-22 20:00:00,P-102,66.91,4.814,205.81,25.91,1444.3,1.934,2616.4,Normal
2026-03-22 20:15:00,P-103,65.66,4.695,197.28,23.92,1442.4,1.938,2616.42,Normal
2026-03-22 20:30:00,P-102,65.04,4.932,200.42,24.58,1419.0,1.861,2616.43,Normal
2026-03-22 20:45:00,P-103,64.43,5.041,206.4,25.87,1427.9,1.894,2616.45,Normal
2026-03-22 21:00:00,P-104,65.55,4.795,215.51,28.3,1456.5,1.944,2616.46,Normal
2026-03-22 21:15:00,P-103,63.76,4.636,198.39,25.6,1440.4,2.191,2616.48,Normal
2026-03-22 21:30:00,P-103,60.98,4.77,194.24,27.13,1454.4,1.921,2616.49,Normal
2026-03-22 21:45:00,P-102,62.98,4.667,187.42,21.72,1445.7,1.801,2616.5,Normal
2026-03-22 22:00:00,P-103,65.33,4.697,185.96,25.68,1451.1,1.426,2616.52,Normal
2026-03-22 22:15:00,P-103,63.87,4.777,201.38,24.8,1450.3,2.008,2616.54,Normal
2026-03-22 22:30:00,P-102,68.58,5.065,194.65,27.47,1463.4,2.012,2616.55,Normal
2026-03-22 22:45:00,P-102,60.7,4.497,188.79,24.73,1465.3,1.893,2616.56,Normal
2026-03-22 23:00:00,P-101,61.54,4.634,193.57,24.98,1449.7,1.92,2616.58,Normal
2026-03-22 23:15:00,P-104,64.28,4.634,199.01,25.51,1446.3,1.715,2616.59,Normal
2026-03-22 23:30:00,P-101,63.3,4.594,176.7,24.93,1449.4,1.762,2616.61,Normal
2026-03-22 23:45:00,P-103,57.49,4.565,173.67,22.75,1435.9,2.07,2616.62,Normal
2026-03-23 00:00:00,P-102,66.12,4.842,210.34,30.53,1469.6,1.72,2616.64,Normal
2026-03-23 00:15:00,P-103,61.91,4.666,181.83,23.55,1439.9,1.513,2616.66,Normal
2026-03-23 00:30:00,P-101,57.45,4.715,186.28,25.04,1447.1,1.552,2616.67,Normal
2026-03-23 00:45:00,P-101,62.07,4.772,191.21,24.07,1453.2,1.81,2616.68,Normal
2026-03-23 01:00:00,P-104,60.33,4.696,183.21,24.85,1455.6,2.128,2616.7,Normal
2026-03-23 01:15:00,P-103,60.56,4.671,196.12,25.26,1454.8,1.867,2616.72,Normal
2026-03-23 01:30:00,P-104,58.49,4.662,185.97,24.97,1447.5,2.017,2616.73,Normal
2026-03-23 01:45:00,P-101,62.18,4.677,192.06,25.0,1479.6,1.463,2616.74,Normal
2026-03-23 02:00:00,P-101,64.23,4.686,188.63,21.83,1451.4,1.624,2616.76,Normal
2026-03-23 02:15:00,P-102,63.78,4.708,203.64,28.15,1445.5,1.855,2616.78,Normal
2026-03-23 02:30:00,P-101,56.22,4.771,191.44,25.27,1482.4,2.131,2616.79,Normal
2026-03-23 02:45:00,P-104,62.25,4.716,199.96,28.49,1436.0,1.925,2616.8,Normal
2026-03-23 03:00:00,P-103,60.28,4.708,190.7,23.55,1482.3,1.842,2616.82,Normal
2026-03-23 03:15:00,P-102,58.21,4.573,197.64,24.76,1414.1,1.894,2616.84,Normal
2026-03-23 03:30:00,P-104,61.28,4.722,190.09,23.81,1442.8,1.819,2616.85,Normal
2026-03-23 03:45:00,P-101,61.41,4.714,185.99,25.07,1419.9,2.164,2616.86,Normal
2026-03-23 04:00:00,P-104,59.23,4.875,196.7,28.47,1425.5,2.25,2616.88,Normal
2026-03-23 04:15:00,P-104,56.86,4.672,209.57,27.36,1458.2,2.096,2616.9,Normal
2026-03-23 04:30:00,P-101,57.47,5.021,209.13,30.41,1455.1,2.181,2616.91,Normal
2026-03-23 04:45:00,P-101,58.31,4.912,198.15,25.03,1439.1,1.777,2616.93,Normal
2026-03-23 05:00:00,P-101,60.02,4.789,210.07,27.97,1479.4,2.002,2616.94,Normal
2026-03-23 05:15:00,P-102,58.97,4.837,195.42,26.39,1470.4,1.549,2616.96,Normal
2026-03-23 05:30:00,P-102,60.76,4.816,221.4,31.48,1449.1,1.984,2616.97,Normal
2026-03-23 05:45:00,P-102,61.5,4.766,198.53,28.58,1417.4,1.655,2616.98,Normal
2026-03-23 06:00:00,P-104,62.63,5.053,206.82,30.25,1467.3,2.123,2617.0,Normal
2026-03-23 06:15:00,P-102,62.5,5.19,217.95,32.58,1441.3,2.05,2617.02,Normal
2026-03-23 06:30:00,P-104,62.95,4.92,211.42,29.88,1455.3,2.152,2617.03,Normal
2026-03-23 06:45:00,P-101,58.7,5.219,203.17,28.74,1464.4,2.069,2617.04,Normal
2026-03-23 07:00:00,P-101,57.87,4.955,205.9,31.0,1442.8,2.166,2617.06,Normal
2026-03-23 07:15:00,P-102,61.25,4.981,227.33,33.3,1473.0,1.97,2617.07,Normal
2026-03-23 07:30:00,P-101,59.32,5.114,205.34,28.6,1443.2,1.668,2617.09,Normal
2026-03-23 07:45:00,P-101,57.74,4.974,228.19,31.95,1459.7,2.451,2617.1,Normal
2026-03-23 08:00:00,P-101,60.95,5.155,231.64,33.4,1463.6,1.998,2617.12,Normal
2026-03-23 08:15:00,P-101,64.98,5.042,235.76,34.33,1466.4,2.113,2617.14,Normal
2026-03-23 08:30:00,P-102,64.56,5.014,229.91,33.46,1481.4,2.33,2617.15,Normal
2026-03-23 08:45:00,P-101,62.85,5.179,225.34,29.56,1435.2,2.009,2617.16,Normal
2026-03-23 09:00:00,P-102,62.12,5.042,218.3,30.42,1429.6,1.862,2617.18,Normal
2026-03-23 09:15:00,P-104,66.72,5.444,235.04,34.89,1444.2,2.558,2617.2,Normal
2026-03-23 09:30:00,P-102,60.17,5.005,228.69,33.27,1504.8,2.005,2617.21,Normal
2026-03-23 09:45:00,P-101,58.66,4.76,208.47,30.47,1474.3,2.316,2617.22,Normal
2026-03-23 10:00:00,P-103,66.5,5.205,232.72,32.71,1440.1,2.26,2617.24,Normal
2026-03-23 10:15:00,P-102,62.76,5.466,230.06,33.46,1443.7,2.28,2617.26,Normal
2026-03-23 10:30:00,P-104,62.76,5.362,234.83,36.85,1449.7,2.372,2617.27,Normal
2026-03-23 10:45:00,P-103,66.47,5.417,244.58,34.02,1454.9,2.18,2617.28,Normal
2026-03-23 11:00:00,P-102,63.24,5.303,241.59,34.57,1461.5,2.283,2617.3,Normal
2026-03-23 11:15:00,P-101,63.42,5.266,247.43,37.28,1462.3,2.592,2617.32,Normal
2026-03-23 11:30:00,P-102,62.79,5.579,238.94,33.25,1471.5,2.426,2617.33,Normal
2026-03-23 11:45:00,P-103,66.86,5.437,242.7,36.92,1486.1,2.484,2617.34,Normal
2026-03-23 12:00:00,P-101,64.4,5.188,222.42,33.57,1447.6,2.241,2617.36,Normal
2026-03-23 12:15:00,P-102,68.4,5.357,238.87,34.07,1446.2,2.162,2617.38,Normal
2026-03-23 12:30:00,P-103,65.2,5.145,245.49,35.42,1443.4,2.066,2617.39,Normal
2026-03-23 12:45:00,P-104,64.54,5.112,236.22,34.55,1445.0,2.453,2617.41,Normal
2026-03-23 13:00:00,P-103,69.74,5.305,243.29,35.17,1456.6,2.142,2617.42,Normal
2026-03-23 13:15:00,P-101,67.45,5.306,229.59,32.42,1461.4,2.058,2617.44,Normal
2026-03-23 13:30:00,P-102,67.98,5.25,253.27,38.55,1481.1,2.295,2617.45,Normal
2026-03-23 13:45:00,P-101,64.4,5.395,245.7,39.08,1437.2,2.026,2617.46,Normal
2026-03-23 14:00:00,P-103,64.51,5.204,236.47,34.99,1456.5,2.107,2617.48,Normal
2026-03-23 14:15:00,P-101,64.32,5.055,230.44,36.44,1434.9,2.048,2617.5,Normal
2026-03-23 14:30:00,P-101,67.39,5.23,236.45,36.22,1457.3,1.957,2617.51,Normal
2026-03-23 14:45:00,P-102,64.13,5.131,221.95,33.65,1498.1,1.839,2617.52,Normal
2026-03-23 15:00:00,P-103,68.73,4.865,221.84,31.08,1447.5,2.044,2617.54,Normal
2026-03-23 15:15:00,P-101,64.12,5.43,240.64,35.43,1494.1,2.378,2617.55,Normal
2026-03-23 15:30:00,P-101,64.18,5.215,224.0,33.65,1434.9,2.109,2617.57,Normal
2026-03-23 15:45:00,P-103,66.86,5.141,214.78,31.3,1441.7,1.889,2617.58,Normal
2026-03-23 16:00:00,P-103,67.71,5.107,224.68,31.24,1443.8,1.972,2617.6,Normal
2026-03-23 16:15:00,P-104,58.72,4.744,194.01,26.91,1453.1,1.998,2617.61,Normal
2026-03-23 16:30:00,P-101,62.57,4.978,224.87,30.58,1447.2,2.263,2617.63,Normal
2026-03-23 16:45:00,P-103,65.29,5.032,208.59,32.51,1463.8,2.185,2617.64,Normal
2026-03-23 17:00:00,P-102,70.33,5.044,237.4,34.67,1400.5,2.145,2617.66,Normal
2026-03-23 17:15:00,P-102,71.53,5.135,220.48,31.9,1432.4,2.367,2617.68,Normal
2026-03-23 17:30:00,P-103,66.04,4.949,222.55,30.76,1484.1,1.962,2617.69,Normal
2026-03-23 17:45:00,P-102,66.35,5.077,213.45,28.07,1424.7,1.824,2617.7,Normal
2026-03-23 18:00:00,P-104,63.11,4.898,199.06,26.11,1443.6,1.858,2617.72,Normal
2026-03-23 18:15:00,P-101,68.14,4.81,216.42,29.35,1461.0,2.25,2617.74,Normal
2026-03-23 18:30:00,P-104,70.05,4.999,218.51,29.54,1449.2,2.14,2617.75,Normal
2026-03-23 18:45:00,P-104,69.9,4.847,222.79,30.07,1434.7,2.236,2617.76,Normal
2026-03-23 19:00:00,P-104,67.74,4.867,226.96,32.15,1458.0,2.064,2617.78,Normal
2026-03-23 19:15:00,P-102,62.41,4.66,195.52,26.45,1465.0,1.867,2617.8,Normal
2026-03-23 19:30:00,P-102,65.31,5.167,196.49,26.36,1439.3,1.87,2617.81,Normal
2026-03-23 19:45:00,P-104,67.87,4.877,198.42,28.14,1457.3,1.721,2617.82,Normal
2026-03-23 20:00:00,P-103,64.62,5.018,199.59,27.98,1465.5,1.928,2617.84,Normal
2026-03-23 20:15:00,P-104,61.21,4.894,203.54,28.12,1469.4,1.862,2617.86,Normal
2026-03-23 20:30:00,P-102,64.03,4.809,195.83,25.9,1456.7,1.791,2617.87,Normal
2026-03-23 20:45:00,P-102,65.17,4.992,207.51,28.81,1480.8,2.053,2617.89,Normal
2026-03-23 21:00:00,P-103,59.69,4.603,187.12,25.21,1450.9,1.831,2617.9,Normal
2026-03-23 21:15:00,P-104,64.08,4.73,188.85,26.32,1432.3,2.047,2617.92,Normal
2026-03-23 21:30:00,P-104,64.52,4.805,180.13,25.18,1446.1,1.641,2617.93,Normal
2026-03-23 21:45:00,P-104,67.91,4.797,180.84,26.24,1471.8,1.757,2617.95,Normal
2026-03-23 22:00:00,P-104,59.92,4.775,185.62,23.14,1433.9,1.453,2617.96,Normal
2026-03-23 22:15:00,P-103,65.34,4.745,196.38,26.83,1409.6,1.659,2617.98,Normal
2026-03-23 22:30:00,P-101,65.56,4.909,187.44,23.56,1458.3,1.938,2617.99,Normal
2026-03-23 22:45:00,P-104,63.83,4.619,186.38,23.38,1442.0,1.93,2618.0,Normal
2026-03-23 23:00:00,P-102,61.78,5.042,187.41,26.82,1490.5,2.005,2618.02,Normal
2026-03-23 23:15:00,P-102,60.63,4.769,184.38,23.61,1454.8,2.055,2618.04,Normal
2026-03-23 23:30:00,P-103,64.02,4.752,196.89,25.55,1472.3,1.985,2618.05,Normal
2026-03-23 23:45:00,P-103,62.7,4.542,177.27,23.61,1441.2,1.822,2618.06,Normal
2026-03-24 00:00:00,P-103,61.25,4.601,179.65,25.42,1460.7,1.941,2618.08,Normal
2026-03-24 00:15:00,P-102,64.67,4.535,183.7,23.98,1456.7,1.652,2618.09,Normal
2026-03-24 00:30:00,P-102,61.28,4.691,184.63,26.18,1474.8,1.528,2618.11,Normal
2026-03-24 00:45:00,P-104,58.49,4.616,192.12,28.42,1453.4,1.798,2618.12,Normal
2026-03-24 01:00:00,P-103,61.01,4.827,182.92,24.86,1440.6,1.755,2618.14,Normal
2026-03-24 01:15:00,P-103,63.25,4.774,186.67,25.41,1468.7,1.884,2618.16,Normal
2026-03-24 01:30:00,P-102,61.62,4.656,181.59,24.57,1437.1,1.644,2618.17,Normal
2026-03-24 01:45:00,P-101,62.89,4.656,196.25,25.55,1435.3,1.779,2618.18,Normal
2026-03-24 02:00:00,P-103,64.13,4.592,183.12,24.66,1449.2,1.955,2618.2,Normal
2026-03-24 02:15:00,P-103,59.57,4.556,196.19,30.03,1444.1,1.686,2618.22,Normal
2026-03-24 02:30:00,P-104,60.29,4.955,192.1,25.79,1450.3,1.847,2618.23,Normal
2026-03-24 02:45:00,P-104,65.85,4.734,210.29,28.86,1438.0,1.848,2618.24,Normal
2026-03-24 03:00:00,P-103,55.65,4.514,184.76,24.39,1470.2,1.504,2618.26,Normal
2026-03-24 03:15:00,P-104,59.51,4.829,174.12,23.83,1469.9,1.724,2618.28,Normal
2026-03-24 03:30:00,P-103,63.06,4.797,186.13,26.42,1465.0,1.696,2618.29,Normal
2026-03-24 03:45:00,P-101,62.3,4.71,191.74,23.4,1463.2,1.746,2618.3,Normal
2026-03-24 04:00:00,P-101,61.06,4.751,185.04,24.98,1416.7,1.846,2618.32,Normal
2026-03-24 04:15:00,P-103,62.91,5.021,205.99,26.92,1452.1,1.571,2618.34,Normal
2026-03-24 04:30:00,P-104,58.55,4.878,212.37,29.69,1465.4,2.121,2618.35,Normal
2026-03-24 04:45:00,P-103,63.44,4.655,203.5,28.57,1474.1,2.459,2618.36,Normal
2026-03-24 05:00:00,P-104,57.89,4.953,191.91,26.9,1446.3,1.765,2618.38,Normal
2026-03-24 05:15:00,P-103,57.87,4.914,209.72,25.57,1473.5,1.827,2618.4,Normal
2026-03-24 05:30:00,P-104,63.31,5.224,223.38,32.34,1455.5,1.932,2618.41,Normal
2026-03-24 05:45:00,P-103,59.28,4.736,206.41,28.14,1403.5,1.754,2618.43,Normal
2026-03-24 06:00:00,P-103,60.37,4.763,202.86,30.27,1448.2,2.284,2618.44,Normal
2026-03-24 06:15:00,P-102,62.85,5.106,225.0,32.99,1434.9,2.008,2618.46,Normal
2026-03-24 06:30:00,P-104,65.0,4.872,213.3,30.73,1439.0,2.14,2618.47,Normal
2026-03-24 06:45:00,P-101,64.18,4.924,226.49,33.43,1468.9,2.374,2618.48,Normal
2026-03-24 07:00:00,P-101,59.67,5.016,215.93,29.77,1455.4,2.208,2618.5,Normal
2026-03-24 07:15:00,P-102,63.88,5.24,220.28,33.04,1440.7,2.315,2618.52,Normal
2026-03-24 07:30:00,P-101,60.9,5.155,239.73,33.82,1437.8,1.901,2618.53,Normal
2026-03-24 07:45:00,P-103,63.44,5.108,217.08,30.15,1457.9,2.217,2618.54,Normal
2026-03-24 08:00:00,P-103,61.52,5.087,218.24,29.28,1446.7,1.98,2618.56,Normal
2026-03-24 08:15:00,P-101,63.75,5.188,228.74,36.01,1462.5,2.445,2618.57,Normal
2026-03-24 08:30:00,P-101,58.97,5.202,233.76,33.73,1435.1,1.989,2618.59,Normal
2026-03-24 08:45:00,P-104,56.32,5.183,219.2,31.11,1443.1,1.823,2618.6,Normal
2026-03-24 09:00:00,P-103,58.39,4.944,217.05,30.28,1429.8,2.054,2618.62,Normal
2026-03-24 09:15:00,P-102,64.45,5.037,212.2,30.87,1440.0,2.093,2618.64,Normal
2026-03-24 09:30:00,P-102,,5.096,237.14,35.93,1489.2,1.85,2618.65,Normal
2026-03-24 09:45:00,P-101,64.63,5.076,230.19,33.47,1436.7,2.055,2618.66,Normal
2026-03-24 10:00:00,P-102,61.88,5.333,228.59,34.0,1441.5,1.942,2618.68,Normal
2026-03-24 10:15:00,P-104,61.58,4.915,232.07,31.66,1435.2,2.22,2618.7,Normal
2026-03-24 10:30:00,P-103,62.73,5.092,231.97,32.56,1446.7,1.992,2618.71,Normal
2026-03-24 10:45:00,P-101,67.19,5.466,235.39,34.29,1448.7,2.338,2618.72,Normal
2026-03-24 11:00:00,P-104,64.87,5.293,236.24,33.84,1471.9,1.998,2618.74,Normal
2026-03-24 11:15:00,P-101,65.32,5.157,239.0,34.61,1442.7,2.232,2618.76,Normal
2026-03-24 11:30:00,P-101,67.93,5.222,239.86,34.29,1452.1,1.958,2618.77,Normal
2026-03-24 11:45:00,P-101,65.38,5.423,242.46,38.73,1416.3,2.29,2618.78,Normal
2026-03-24 12:00:00,P-101,67.23,5.396,230.74,35.59,1434.4,1.975,2618.8,Normal
2026-03-24 12:15:00,P-103,68.05,5.22,256.97,37.48,1469.5,2.515,2618.82,Normal
2026-03-24 12:30:00,P-104,66.44,5.036,235.74,34.82,1434.6,2.315,2618.83,Normal
2026-03-24 12:45:00,P-102,63.54,5.17,223.72,33.47,1463.8,2.108,2618.84,Normal
2026-03-24 13:00:00,P-103,64.25,4.997,225.36,34.78,1433.3,2.33,2618.86,Normal
2026-03-24 13:15:00,P-104,62.32,4.973,225.68,31.95,1446.9,1.978,2618.88,Normal
2026-03-24 13:30:00,P-103,64.04,5.211,233.85,34.76,1480.9,2.271,2618.89,Normal
2026-03-24 13:45:00,P-103,63.21,5.138,231.5,32.16,1463.4,2.094,2618.91,Normal
2026-03-24 14:00:00,P-101,65.09,4.864,212.0,31.69,1414.9,2.125,2618.92,Normal
2026-03-24 14:15:00,P-102,67.2,5.393,244.7,38.48,1508.0,2.269,2618.94,Normal
2026-03-24 14:30:00,P-104,66.7,5.202,231.88,33.98,1431.3,2.094,2618.95,Normal
2026-03-24 14:45:00,P-103,65.91,4.946,226.99,31.36,1483.6,1.705,2618.96,Normal
2026-03-24 15:00:00,P-102,64.86,5.441,233.87,34.47,1442.0,2.058,2618.98,Normal
2026-03-24 15:15:00,P-104,63.39,5.123,217.56,31.31,1427.9,2.395,2619.0,Normal
2026-03-24 15:30:00,P-103,66.97,5.112,241.43,34.38,1441.9,2.148,2619.01,Normal
2026-03-24 15:45:00,P-104,64.16,,213.65,30.33,1438.2,1.921,2619.02,Normal
2026-03-24 16:00:00,P-101,64.13,4.994,214.22,31.58,1440.1,2.06,2619.04,Normal
2026-03-24 16:15:00,P-101,70.6,5.142,227.37,29.09,1451.1,1.82,2619.05,Normal
2026-03-24 16:30:00,P-104,63.72,5.068,237.04,31.91,1458.6,2.013,2619.07,Normal
2026-03-24 16:45:00,P-104,71.69,5.201,222.3,32.63,1475.6,2.132,2619.08,Normal
2026-03-24 17:00:00,P-102,67.07,4.974,216.07,33.8,1453.9,2.124,2619.1,Normal
2026-03-24 17:15:00,P-102,69.13,5.02,222.0,31.51,1451.4,2.123,2619.11,Normal
2026-03-24 17:30:00,P-101,69.01,5.053,219.27,31.6,1437.0,2.335,2619.13,Normal
2026-03-24 17:45:00,P-102,67.91,4.945,206.69,29.33,1445.0,1.897,2619.14,Normal
2026-03-24 18:00:00,P-101,69.83,5.086,215.08,31.51,1440.9,1.715,2619.16,Normal
2026-03-24 18:15:00,P-103,62.53,4.671,199.64,26.1,1425.3,1.831,2619.18,Normal
2026-03-24 18:30:00,P-104,66.31,4.984,215.8,32.46,1495.9,1.905,2619.19,Normal
2026-03-24 18:45:00,P-104,64.18,4.932,207.06,27.92,1454.4,1.995,2619.2,Normal
2026-03-24 19:00:00,P-103,61.8,4.848,210.0,28.91,1454.6,1.871,2619.22,Normal
2026-03-24 19:15:00,P-102,65.47,5.114,212.31,30.12,1471.9,2.039,2619.24,Normal
2026-03-24 19:30:00,P-101,68.48,4.558,185.61,24.96,1403.5,1.858,2619.25,Normal
2026-03-24 19:45:00,P-103,66.6,5.067,223.19,31.41,1490.3,2.172,2619.26,Normal
2026-03-24 20:00:00,P-102,69.69,4.684,188.7,28.85,1434.5,1.9,2619.28,Normal
2026-03-24 20:15:00,P-101,70.07,4.788,200.35,27.31,1434.1,1.95,2619.3,Normal
2026-03-24 20:30:00,P-102,71.26,4.608,193.55,26.15,1440.2,2.181,2619.31,Normal
2026-03-24 20:45:00,P-102,67.55,4.602,181.61,23.55,1467.7,1.48,2619.32,Normal
2026-03-24 21:00:00,P-101,69.75,,185.84,26.39,1488.6,1.891,2619.34,Normal
2026-03-24 21:15:00,P-104,65.53,4.994,190.48,25.33,1479.5,1.858,2619.36,Normal
2026-03-24 21:30:00,P-104,65.44,4.846,202.98,23.75,1441.3,1.9,2619.37,Normal
2026-03-24 21:45:00,P-102,64.62,4.78,196.96,23.22,1417.6,1.936,2619.39,Normal
2026-03-24 22:00:00,P-104,61.99,4.406,170.64,22.11,1442.5,1.556,2619.4,Normal
2026-03-24 22:15:00,P-103,62.71,4.678,172.68,21.9,1438.5,1.637,2619.42,Normal
2026-03-24 22:30:00,P-102,67.09,5.102,197.39,28.38,1420.4,2.082,2619.43,Normal
2026-03-24 22:45:00,P-101,61.39,4.72,184.5,23.0,1460.5,1.729,2619.45,Normal
2026-03-24 23:00:00,P-104,61.47,4.68,205.11,26.49,1450.1,1.732,2619.46,Normal
2026-03-24 23:15:00,P-101,62.99,4.565,166.22,22.92,1459.0,1.902,2619.48,Normal
2026-03-24 23:30:00,P-104,61.16,4.699,174.09,25.93,1463.2,1.918,2619.49,Normal
2026-03-24 23:45:00,P-101,61.94,4.688,193.4,26.24,1462.3,1.879,2619.5,Normal
2026-03-25 00:00:00,P-104,61.45,4.93,182.06,25.66,1448.8,1.838,2619.52,Normal
2026-03-25 00:15:00,P-103,62.95,4.786,198.3,27.57,1479.5,2.01,2619.54,Normal
2026-03-25 00:30:00,P-104,64.68,4.704,188.17,22.86,1441.2,1.802,2619.55,Normal
2026-03-25 00:45:00,P-101,62.06,4.675,190.54,24.53,1438.5,1.899,2619.56,Normal
2026-03-25 01:00:00,P-104,64.18,4.713,186.27,24.89,1445.8,1.588,2619.58,Normal
2026-03-25 01:15:00,P-103,62.77,4.939,189.74,26.53,1459.7,1.824,2619.59,Normal
2026-03-25 01:30:00,P-104,62.82,4.876,202.35,27.07,1462.3,2.094,2619.61,Normal
2026-03-25 01:45:00,P-102,61.7,4.69,185.6,24.31,1443.9,2.218,2619.62,Normal
2026-03-25 02:00:00,P-102,60.08,4.763,201.3,27.56,1444.2,1.962,2619.64,Normal
2026-03-25 02:15:00,P-101,61.45,4.836,177.29,24.67,1473.5,1.643,2619.66,Normal
2026-03-25 02:30:00,P-103,63.72,4.807,198.04,27.06,1426.5,1.831,2619.67,Normal
2026-03-25 02:45:00,P-103,63.7,4.789,201.69,25.56,1499.4,1.625,2619.68,Normal
2026-03-25 03:00:00,P-101,57.08,4.402,184.31,25.01,1444.6,1.921,2619.7,Normal
2026-03-25 03:15:00,P-103,57.81,4.796,195.93,27.17,1446.3,1.894,2619.72,Normal
2026-03-25 03:30:00,P-103,59.73,4.758,203.52,26.67,1456.7,1.711,2619.73,Normal
2026-03-25 03:45:00,P-104,63.15,4.524,196.59,24.9,1459.6,1.806,2619.74,Normal
2026-03-25 04:00:00,P-101,61.66,4.986,211.5,28.66,1438.2,2.05,2619.76,Normal
2026-03-25 04:15:00,P-103,59.27,4.8,213.8,29.38,1456.1,1.93,2619.78,Normal
2026-03-25 04:30:00,P-103,57.58,5.088,202.48,27.19,1433.2,1.795,2619.79,Normal
2026-03-25 04:45:00,P-102,59.29,5.047,197.94,27.27,1439.2,2.114,2619.8,Normal
2026-03-25 05:00:00,P-101,59.15,4.806,202.5,28.85,1421.1,2.002,2619.82,Normal
2026-03-25 05:15:00,P-101,62.65,5.049,207.25,26.75,1452.5,1.797,2619.84,Normal
2026-03-25 05:30:00,P-101,63.32,5.141,217.37,27.74,1446.8,1.981,2619.85,Normal
2026-03-25 05:45:00,P-103,58.14,4.827,200.07,27.55,1413.8,1.561,2619.86,Normal
2026-03-25 06:00:00,P-103,65.15,5.085,235.45,34.5,1437.7,2.198,2619.88,Normal
2026-03-25 06:15:00,P-102,61.35,4.602,198.28,26.69,1449.5,2.422,2619.9,Normal
2026-03-25 06:30:00,P-104,58.16,4.998,209.92,29.35,1465.5,2.177,2619.91,Normal
2026-03-25 06:45:00,P-101,60.75,4.86,212.1,27.4,1426.9,1.966,2619.93,Normal
2026-03-25 07:00:00,P-101,64.09,5.273,237.4,35.14,1444.6,2.205,2619.94,Normal
2026-03-25 07:15:00,P-103,60.8,4.87,219.48,30.83,1430.2,2.068,2619.96,Normal
2026-03-25 07:30:00,P-103,58.38,5.018,227.61,31.19,1463.1,2.195,2619.97,Normal
2026-03-25 07:45:00,P-103,62.41,5.044,223.1,32.81,1438.0,2.065,2619.98,Normal
2026-03-25 08:00:00,P-104,63.75,4.979,224.4,32.47,1459.3,1.709,2620.0,Normal
2026-03-25 08:15:00,P-102,66.79,5.164,235.25,34.68,1443.5,2.102,2620.02,Normal
2026-03-25 08:30:00,P-102,61.99,5.155,232.99,34.5,1419.3,2.066,2620.03,Normal
2026-03-25 08:45:00,P-103,60.93,5.106,225.55,31.84,1448.7,2.065,2620.04,Normal
2026-03-25 09:00:00,P-102,62.43,5.191,219.3,32.54,1428.7,1.995,2620.06,Normal
2026-03-25 09:15:00,P-101,61.85,4.877,214.42,29.01,1470.1,2.123,2620.07,Normal
2026-03-25 09:30:00,P-103,63.37,5.325,232.04,35.14,1482.7,2.504,2620.09,Normal
2026-03-25 09:45:00,P-103,63.87,5.104,220.48,30.48,1461.5,2.268,2620.1,Normal
2026-03-25 10:00:00,P-101,60.8,5.367,230.24,33.68,1438.5,2.123,2620.12,Normal
2026-03-25 10:15:00,P-101,62.98,5.089,226.14,31.25,1450.4,2.324,2620.14,Normal
2026-03-25 10:30:00,P-101,62.55,5.264,244.42,34.97,1455.2,2.351,2620.15,Normal
2026-03-25 10:45:00,P-103,62.16,5.014,219.02,32.36,1469.5,2.19,2620.16,Normal
2026-03-25 11:00:00,P-101,68.08,5.318,240.0,34.36,1446.6,2.07,2620.18,Normal
2026-03-25 11:15:00,P-102,60.19,5.128,218.91,33.3,1457.3,2.067,2620.2,Normal
2026-03-25 11:30:00,P-101,63.17,5.264,228.3,35.6,1419.8,2.223,2620.21,Normal
2026-03-25 11:45:00,P-101,62.96,5.536,247.63,36.56,1454.4,2.627,2620.22,Normal
2026-03-25 12:00:00,P-104,65.77,5.206,249.48,33.31,1434.5,2.464,2620.24,Normal
2026-03-25 12:15:00,P-101,68.41,5.416,252.39,36.56,1450.8,2.346,2620.26,Normal
2026-03-25 12:30:00,P-104,67.01,5.448,250.7,37.15,1431.3,2.291,2620.27,Normal
2026-03-25 12:45:00,P-104,64.43,5.22,225.59,33.77,1457.4,2.258,2620.28,Normal
2026-03-25 13:00:00,P-103,69.8,5.314,255.32,34.8,1461.5,2.35,2620.3,Normal
2026-03-25 13:15:00,P-104,65.08,5.044,221.89,32.34,1445.8,2.349,2620.32,Normal
2026-03-25 13:30:00,P-104,68.28,5.217,243.51,35.12,1434.4,2.004,2620.33,Normal
2026-03-25 13:45:00,P-102,67.05,5.095,229.76,34.3,1460.3,2.128,2620.34,Normal
2026-03-25 14:00:00,P-102,58.87,5.019,235.97,31.82,1478.0,2.227,2620.36,Normal
2026-03-25 14:15:00,P-103,66.53,5.237,234.85,35.95,1484.6,2.434,2620.38,Normal
2026-03-25 14:30:00,P-104,64.71,5.178,244.26,33.47,1457.1,2.542,2620.39,Normal
2026-03-25 14:45:00,P-104,65.31,5.308,237.98,35.04,1455.0,1.919,2620.41,Normal
2026-03-25 15:00:00,P-102,69.82,5.187,234.37,32.41,1426.3,2.002,2620.42,Normal
2026-03-25 15:15:00,P-101,65.74,5.18,237.76,32.6,1473.6,2.105,2620.44,Normal
2026-03-25 15:30:00,P-103,71.13,5.149,221.64,36.87,1408.2,1.909,2620.45,Normal
2026-03-25 15:45:00,P-103,63.7,5.156,228.18,31.81,1471.4,2.409,2620.46,Normal
2026-03-25 16:00:00,P-104,64.65,5.124,224.62,32.62,1450.5,2.136,2620.48,Normal
2026-03-25 16:15:00,P-102,68.42,5.201,227.11,30.83,1406.2,2.294,2620.5,Normal
2026-03-25 16:30:00,P-102,66.57,5.096,232.13,32.62,1456.1,2.079,2620.51,Normal
2026-03-25 16:45:00,P-101,65.76,4.955,204.43,28.43,1447.2,2.025,2620.52,Normal
2026-03-25 17:00:00,P-101,66.15,4.871,214.96,29.85,1441.9,1.784,2620.54,Normal
2026-03-25 17:15:00,P-102,64.92,4.984,206.68,30.29,1445.1,1.753,2620.55,Normal
2026-03-25 17:30:00,P-102,66.01,4.963,211.4,32.16,1449.7,1.844,2620.57,Normal
2026-03-25 17:45:00,P-104,68.24,5.026,229.08,31.59,1449.6,1.793,2620.58,Normal
2026-03-25 18:00:00,P-104,67.28,4.791,204.25,29.9,1423.4,2.147,2620.6,Normal
2026-03-25 18:15:00,P-103,69.88,4.818,215.35,28.99,1457.3,1.984,2620.61,Normal
2026-03-25 18:30:00,P-101,66.35,4.945,208.67,28.8,1443.2,2.203,2620.63,Normal
2026-03-25 18:45:00,P-103,63.29,4.911,187.53,24.66,1478.6,1.811,2620.64,Normal
2026-03-25 19:00:00,P-101,64.28,4.776,197.78,26.1,1465.5,2.116,2620.66,Normal
2026-03-25 19:15:00,P-103,69.34,4.651,205.81,29.84,1467.5,2.127,2620.68,Normal
2026-03-25 19:30:00,P-102,64.55,4.65,185.76,22.4,1483.5,1.726,2620.69,Normal
2026-03-25 19:45:00,P-102,60.44,4.629,197.47,27.6,1463.2,1.889,2620.7,Normal
2026-03-25 20:00:00,P-102,62.07,5.032,206.56,29.21,1447.4,2.031,2620.72,Normal
2026-03-25 20:15:00,P-104,64.27,4.86,204.37,28.13,1403.9,2.152,2620.74,Normal
2026-03-25 20:30:00,P-101,65.87,4.806,204.7,26.77,1454.3,1.898,2620.75,Normal
2026-03-25 20:45:00,P-103,65.58,5.015,197.39,30.03,1481.2,1.99,2620.76,Normal
2026-03-25 21:00:00,P-102,66.01,4.873,196.64,26.68,1466.1,1.611,2620.78,Normal
2026-03-25 21:15:00,P-102,64.62,4.667,195.2,26.38,1440.9,1.73,2620.8,Normal
2026-03-25 21:30:00,P-103,67.12,4.595,189.15,26.48,1451.1,1.697,2620.81,Normal
2026-03-25 21:45:00,P-101,65.95,4.542,196.67,26.64,1440.0,1.941,2620.82,Normal
2026-03-25 22:00:00,P-101,63.56,4.992,182.25,23.47,1455.5,1.67,2620.84,Normal
2026-03-25 22:15:00,P-101,67.43,4.738,205.35,27.42,1440.8,1.926,2620.86,Normal
2026-03-25 22:30:00,P-101,61.33,4.998,212.93,25.52,1475.9,1.886,2620.87,Normal
2026-03-25 22:45:00,P-104,64.45,4.775,203.22,27.32,1452.2,1.904,2620.89,Normal
2026-03-25 23:00:00,P-101,63.15,4.543,184.56,24.92,1454.6,1.949,2620.9,Normal
2026-03-25 23:15:00,P-103,63.5,4.622,185.89,24.21,1435.1,1.787,2620.92,Normal
2026-03-25 23:30:00,P-103,60.23,4.778,192.7,40.06,1442.5,8.0,2620.93,Normal
2026-03-25 23:45:00,P-102,62.59,4.846,199.65,24.95,1429.2,1.916,2620.95,Normal
2026-03-26 00:00:00,P-104,63.68,4.827,186.45,25.79,1475.5,2.121,2620.96,Normal
2026-03-26 00:15:00,P-101,62.81,4.573,193.17,25.57,1440.8,1.782,2620.98,Normal
2026-03-26 00:30:00,P-101,65.16,4.568,187.64,25.79,1452.9,1.607,2620.99,Normal
2026-03-26 00:45:00,P-104,62.71,4.464,182.33,22.81,1422.1,1.502,2621.0,Normal
2026-03-26 01:00:00,P-101,62.31,4.492,185.78,27.28,1427.8,1.794,2621.02,Normal
2026-03-26 01:15:00,P-102,64.45,4.805,199.12,27.51,1445.5,1.687,2621.04,Normal
2026-03-26 01:30:00,P-103,62.62,4.866,197.44,28.07,1444.4,1.481,2621.05,Normal
2026-03-26 01:45:00,P-104,62.44,4.654,188.69,27.5,1454.4,1.808,2621.06,Normal
2026-03-26 02:00:00,P-103,61.87,4.46,185.44,23.43,1486.2,1.81,2621.08,Normal
2026-03-26 02:15:00,P-103,,4.761,187.16,24.94,1413.7,2.091,2621.09,Normal
2026-03-26 02:30:00,P-102,63.89,4.873,206.59,29.11,1467.6,1.962,2621.11,Normal
2026-03-26 02:45:00,P-104,62.42,4.663,182.22,26.15,1459.0,1.848,2621.12,Normal
2026-03-26 03:00:00,P-101,62.53,4.73,199.96,28.51,1438.9,1.942,2621.14,Normal
2026-03-26 03:15:00,P-101,64.94,4.949,212.68,27.31,1442.2,1.961,2621.16,Normal
2026-03-26 03:30:00,P-104,66.59,4.793,208.63,29.72,1470.2,1.787,2621.17,Normal
2026-03-26 03:45:00,P-103,64.65,4.985,215.03,30.57,1448.9,2.42,2621.18,Normal
2026-03-26 04:00:00,P-103,59.18,4.543,200.58,26.19,1444.2,1.668,2621.2,Normal
2026-03-26 04:15:00,P-104,61.07,4.755,189.16,28.07,1431.1,1.916,2621.22,Normal
2026-03-26 04:30:00,P-103,62.97,4.987,209.1,29.31,1435.0,1.844,2621.23,Normal
2026-03-26 04:45:00,P-102,61.13,4.754,190.93,25.94,1428.1,1.871,2621.24,Normal
2026-03-26 05:00:00,P-101,63.99,5.112,200.91,27.35,1465.9,1.995,2621.26,Normal
2026-03-26 05:15:00,P-103,57.15,4.931,206.43,28.68,1435.9,1.905,2621.28,Normal
2026-03-26 05:30:00,P-103,65.23,5.009,213.37,31.11,1428.5,1.8,2621.29,Normal
2026-03-26 05:45:00,P-102,65.65,5.068,216.86,29.54,1453.1,1.943,2621.3,Normal
2026-03-26 06:00:00,P-102,62.76,5.265,202.97,32.17,1435.3,2.21,2621.32,Normal
2026-03-26 06:15:00,P-103,62.13,4.982,211.69,28.45,1477.8,1.697,2621.34,Normal
2026-03-26 06:30:00,P-101,61.84,4.848,220.06,32.93,1450.7,2.37,2621.35,Normal
2026-03-26 06:45:00,P-103,65.02,5.437,246.94,37.61,1453.7,2.274,2621.36,Normal
2026-03-26 07:00:00,P-101,63.66,4.997,221.13,33.59,1453.7,2.197,2621.38,Normal
2026-03-26 07:15:00,P-104,63.11,4.835,225.74,30.46,1460.3,1.854,2621.4,Normal
2026-03-26 07:30:00,P-101,62.18,5.16,213.54,30.12,1462.8,1.944,2621.41,Normal
2026-03-26 07:45:00,P-104,62.71,5.21,217.11,33.71,1450.5,1.901,2621.43,Normal
2026-03-26 08:00:00,P-102,63.83,4.977,219.29,30.07,1431.7,2.11,2621.44,Normal
2026-03-26 08:15:00,P-104,63.46,4.964,225.5,30.46,1447.2,1.851,2621.46,Normal
2026-03-26 08:30:00,P-104,60.1,5.152,236.16,35.18,1451.1,1.977,2621.47,Normal
2026-03-26 08:45:00,P-103,65.97,5.202,243.1,35.89,1420.6,2.578,2621.48,Normal
2026-03-26 09:00:00,P-101,67.92,5.257,232.05,35.5,1412.1,2.299,2621.5,Normal
2026-03-26 09:15:00,P-103,62.69,5.073,226.03,32.77,1428.2,2.174,2621.52,Normal
2026-03-26 09:30:00,P-101,65.28,5.027,224.71,33.59,1414.9,2.116,2621.53,Normal
2026-03-26 09:45:00,P-103,62.44,5.146,241.65,34.24,1441.2,2.472,2621.54,Normal
2026-03-26 10:00:00,P-102,63.33,5.299,228.99,35.42,1436.1,2.11,2621.56,Normal
2026-03-26 10:15:00,P-103,60.66,5.201,215.69,29.49,1451.6,2.206,2621.58,Normal
2026-03-26 10:30:00,P-102,67.49,5.272,241.45,33.69,1462.8,1.764,2621.59,Normal
2026-03-26 10:45:00,P-104,68.53,5.314,236.48,34.94,1455.2,2.19,2621.6,Normal
2026-03-26 11:00:00,P-102,61.79,5.088,215.97,30.3,1457.8,1.953,2621.62,Normal
2026-03-26 11:15:00,P-102,66.2,5.161,230.16,32.34,1467.0,2.013,2621.64,Normal
2026-03-26 11:30:00,P-104,68.08,5.435,233.63,33.56,1444.1,2.285,2621.65,Normal
2026-03-26 11:45:00,P-103,65.32,5.148,237.79,34.88,1403.1,2.179,2621.66,Normal
2026-03-26 12:00:00,P-101,64.72,5.297,237.84,32.74,1418.6,2.1,2621.68,Normal
2026-03-26 12:15:00,P-101,65.93,5.151,223.42,32.16,1459.0,1.969,2621.7,Normal
2026-03-26 12:30:00,P-104,64.03,5.169,243.65,36.23,1453.5,2.131,2621.71,Normal
2026-03-26 12:45:00,P-101,65.2,5.462,236.3,33.05,1462.5,1.767,2621.72,Normal
2026-03-26 13:00:00,P-101,70.73,5.566,241.43,32.29,1501.2,2.13,2621.74,Normal
2026-03-26 13:15:00,P-104,63.57,5.101,232.67,32.5,1453.9,1.829,2621.76,Normal
2026-03-26 13:30:00,P-101,66.46,5.151,218.28,32.92,1448.3,2.343,2621.77,Normal
2026-03-26 13:45:00,P-103,67.76,5.224,236.72,35.17,1456.2,2.319,2621.78,Normal
2026-03-26 14:00:00,P-104,65.91,5.189,233.46,32.95,1428.6,2.315,2621.8,Normal
2026-03-26 14:15:00,P-102,67.46,5.142,256.89,36.34,1463.6,1.947,2621.82,Normal
2026-03-26 14:30:00,P-104,69.61,4.983,230.03,31.09,1446.9,2.242,2621.83,Normal
2026-03-26 14:45:00,P-102,66.82,5.323,227.77,31.7,1480.3,1.948,2621.84,Normal
2026-03-26 15:00:00,P-103,69.17,5.279,244.24,35.54,1421.2,2.239,2621.86,Normal
2026-03-26 15:15:00,P-102,68.6,5.017,216.4,31.72,1450.1,1.974,2621.88,Normal
2026-03-26 15:30:00,P-102,66.98,5.15,242.89,35.55,1438.7,1.917,2621.89,Normal
2026-03-26 15:45:00,P-103,65.41,5.262,227.54,34.98,1430.8,1.972,2621.9,Normal
2026-03-26 16:00:00,P-102,71.21,5.002,233.11,34.73,1461.2,2.24,2621.92,Normal
2026-03-26 16:15:00,P-101,66.24,4.935,219.66,44.44,1444.3,5.22,2621.94,Normal
2026-03-26 16:30:00,P-102,67.79,4.856,220.08,32.12,1473.9,1.753,2621.95,Normal
2026-03-26 16:45:00,P-103,64.68,5.193,212.69,27.24,1440.4,2.23,2621.96,Normal
2026-03-26 17:00:00,P-102,66.21,4.725,202.56,30.56,1442.9,1.88,2621.98,Normal
2026-03-26 17:15:00,P-102,63.2,4.795,204.05,28.06,1486.3,1.727,2622.0,Normal
2026-03-26 17:30:00,P-101,67.15,4.818,223.41,31.84,1425.7,1.943,2622.01,Normal
2026-03-26 17:45:00,P-103,65.53,4.939,221.91,32.8,1435.9,1.787,2622.02,Normal
2026-03-26 18:00:00,P-102,63.42,4.82,198.84,28.67,1394.4,1.786,2622.04,Normal
2026-03-26 18:15:00,P-101,66.16,5.131,225.78,30.91,1442.0,1.923,2622.06,Normal
2026-03-26 18:30:00,P-103,61.48,4.949,214.2,30.82,1462.4,2.077,2622.07,Normal
2026-03-26 18:45:00,P-102,64.82,5.004,220.5,29.42,1457.4,2.182,2622.08,Normal
2026-03-26 19:00:00,P-101,68.13,4.987,209.5,27.75,1452.6,2.159,2622.1,Normal
2026-03-26 19:15:00,P-102,67.49,4.925,217.68,30.16,1434.2,2.127,2622.12,Normal
2026-03-26 19:30:00,P-103,63.71,5.199,208.66,28.36,1446.6,1.597,2622.13,Normal
2026-03-26 19:45:00,P-103,67.59,4.868,218.84,28.74,1442.8,1.699,2622.14,Normal
2026-03-26 20:00:00,P-103,62.26,4.769,183.19,26.81,1449.9,2.01,2622.16,Normal
2026-03-26 20:15:00,P-104,,4.908,189.77,28.23,1453.1,1.789,2622.18,Normal
2026-03-26 20:30:00,P-102,64.74,4.728,193.16,25.62,1443.7,1.843,2622.19,Normal
2026-03-26 20:45:00,P-103,63.93,4.79,196.69,26.71,1450.4,1.961,2622.2,Normal
2026-03-26 21:00:00,P-103,64.89,4.759,196.27,25.14,1448.2,2.112,2622.22,Normal
2026-03-26 21:15:00,P-104,70.71,4.857,205.23,25.2,1437.9,1.967,2622.24,Normal
2026-03-26 21:30:00,P-104,63.01,4.803,193.88,25.47,1451.4,1.706,2622.25,Normal
2026-03-26 21:45:00,P-104,64.48,4.713,195.62,25.43,1427.0,1.6,2622.26,Normal
2026-03-26 22:00:00,P-104,65.02,4.531,180.59,23.72,1453.3,1.587,2622.28,Normal
2026-03-26 22:15:00,P-101,62.64,5.05,205.02,27.69,1430.0,2.105,2622.3,Normal
2026-03-26 22:30:00,P-103,60.39,4.822,199.12,25.86,1449.5,1.99,2622.31,Normal
2026-03-26 22:45:00,P-103,61.16,4.432,177.59,25.06,1458.4,1.757,2622.32,Normal
2026-03-26 23:00:00,P-102,64.71,4.641,189.19,25.52,1433.3,1.538,2622.34,Normal
2026-03-26 23:15:00,P-103,60.71,4.36,174.93,21.28,1468.6,1.859,2622.36,Normal
2026-03-26 23:30:00,P-104,62.37,4.797,190.59,26.17,1482.2,1.838,2622.37,Normal
2026-03-26 23:45:00,P-103,64.5,4.68,192.34,23.68,1438.3,1.65,2622.38,Normal
2026-03-27 00:00:00,P-104,60.21,4.649,187.63,24.64,1447.4,1.756,2622.4,Normal
2026-03-27 00:15:00,P-104,63.56,4.742,203.2,26.85,1471.8,1.987,2622.42,Normal
2026-03-27 00:30:00,P-101,57.8,4.56,181.49,24.92,1417.6,1.652,2622.43,Normal
2026-03-27 00:45:00,P-103,63.36,4.863,187.46,27.04,1450.6,1.659,2622.44,Normal
2026-03-27 01:00:00,P-104,64.34,5.033,206.18,27.71,1444.6,1.971,2622.46,Normal
2026-03-27 01:15:00,P-103,64.45,4.913,192.19,26.42,1466.2,1.92,2622.48,Normal
2026-03-27 01:30:00,P-101,59.05,4.531,189.03,29.22,1445.6,1.471,2622.49,Normal
2026-03-27 01:45:00,P-101,60.03,4.603,186.28,22.26,1458.1,1.738,2622.5,Normal
2026-03-27 02:00:00,P-102,57.32,4.644,179.54,22.71,1435.2,1.591,2622.52,Normal
2026-03-27 02:15:00,P-101,60.35,4.62,175.75,24.34,1467.1,1.891,2622.54,Normal
2026-03-27 02:30:00,P-101,63.81,4.495,181.71,23.51,1429.8,1.489,2622.55,Normal
2026-03-27 02:45:00,P-101,59.73,4.548,190.61,23.77,1465.7,1.572,2622.56,Normal
2026-03-27 03:00:00,P-102,57.72,4.93,189.36,25.7,1451.4,1.411,2622.58,Normal
2026-03-27 03:15:00,P-101,59.37,4.64,199.01,26.97,1407.6,1.93,2622.6,Normal
2026-03-27 03:30:00,P-101,57.8,4.855,195.15,25.63,1451.1,1.63,2622.61,Normal
2026-03-27 03:45:00,P-103,56.91,4.69,190.2,24.54,1460.9,1.567,2622.62,Normal
2026-03-27 04:00:00,P-101,61.71,4.755,196.41,25.28,1427.9,1.833,2622.64,Normal
2026-03-27 04:15:00,P-101,57.51,4.798,203.94,25.91,1434.8,1.862,2622.66,Normal
2026-03-27 04:30:00,P-102,61.35,4.944,197.89,28.73,1451.6,2.014,2622.67,Normal
2026-03-27 04:45:00,P-101,62.56,5.053,223.34,30.19,1440.8,2.165,2622.68,Normal
2026-03-27 05:00:00,P-101,59.92,4.846,215.29,27.16,1455.9,2.151,2622.7,Normal
2026-03-27 05:15:00,P-103,59.97,4.778,182.75,27.27,1446.2,2.139,2622.72,Normal
2026-03-27 05:30:00,P-104,59.28,4.819,212.73,31.22,1426.2,2.169,2622.73,Normal
2026-03-27 05:45:00,P-104,63.37,5.059,206.1,30.53,1491.9,2.061,2622.74,Normal
2026-03-27 06:00:00,P-101,59.45,4.877,206.92,28.35,1443.9,2.012,2622.76,Normal
2026-03-27 06:15:00,P-101,59.24,4.804,199.97,27.72,1452.2,2.03,2622.78,Normal
2026-03-27 06:30:00,P-101,61.75,5.225,229.65,32.47,1481.9,1.745,2622.79,Normal
2026-03-27 06:45:00,P-103,61.94,,210.14,28.84,1465.5,1.923,2622.8,Normal
2026-03-27 07:00:00,P-104,63.29,5.057,228.63,32.91,1459.9,1.737,2622.82,Normal
2026-03-27 07:15:00,P-101,56.04,5.215,223.18,31.56,1469.0,1.918,2622.84,Normal
2026-03-27 07:30:00,P-104,62.86,5.011,230.05,32.57,1459.9,1.819,2622.85,Normal
2026-03-27 07:45:00,P-104,59.6,5.303,231.89,34.16,1459.9,2.232,2622.86,Normal
2026-03-27 08:00:00,P-104,61.8,5.269,234.54,33.9,1460.2,2.212,2622.88,Normal
2026-03-27 08:15:00,P-102,61.47,5.21,204.91,31.94,1447.0,2.265,2622.9,Normal
2026-03-27 08:30:00,P-102,62.59,5.495,244.07,32.4,1469.3,1.982,2622.91,Normal
2026-03-27 08:45:00,P-103,63.07,5.014,230.1,29.76,1462.1,1.942,2622.92,Normal
2026-03-27 09:00:00,P-104,64.44,5.071,234.85,33.09,1408.6,2.312,2622.94,Normal
2026-03-27 09:15:00,P-102,60.02,5.155,231.33,32.42,1465.3,1.946,2622.96,Normal
2026-03-27 09:30:00,P-102,60.36,5.204,214.34,33.3,1435.7,1.931,2622.97,Normal
2026-03-27 09:45:00,P-104,63.22,5.104,237.15,34.85,1454.4,2.261,2622.98,Normal
2026-03-27 10:00:00,P-104,60.38,5.295,237.4,34.48,1419.9,2.251,2623.0,Normal
2026-03-27 10:15:00,P-102,61.05,5.386,221.62,33.06,1439.5,2.212,2623.02,Normal
2026-03-27 10:30:00,P-104,67.23,5.277,233.4,34.32,1443.4,2.263,2623.03,Normal
2026-03-27 10:45:00,P-104,59.95,5.263,230.9,32.63,1459.7,2.03,2623.04,Normal
2026-03-27 11:00:00,P-103,64.59,5.535,248.45,35.09,1439.4,2.478,2623.06,Normal
2026-03-27 11:15:00,P-102,62.75,5.504,230.17,33.6,1411.0,2.294,2623.08,Normal
2026-03-27 11:30:00,P-104,67.95,5.166,227.17,31.71,1441.2,2.088,2623.09,Normal
2026-03-27 11:45:00,P-103,63.61,5.397,231.0,36.69,1443.1,2.324,2623.1,Normal
2026-03-27 12:00:00,P-102,63.02,5.063,227.46,34.75,1461.4,2.103,2623.12,Normal
2026-03-27 12:15:00,P-101,63.94,5.357,252.22,37.02,1452.7,2.069,2623.14,Normal
2026-03-27 12:30:00,P-103,65.25,5.184,241.7,35.24,1436.2,2.178,2623.15,Normal
2026-03-27 12:45:00,P-101,,4.995,239.12,33.63,1455.0,2.494,2623.16,Normal
2026-03-27 13:00:00,P-102,64.12,5.092,245.84,32.53,1483.0,2.377,2623.18,Normal
2026-03-27 13:15:00,P-103,66.94,5.187,232.26,31.81,1471.1,2.165,2623.2,Normal
2026-03-27 13:30:00,P-104,65.24,5.157,221.26,33.02,1415.6,1.908,2623.21,Normal
2026-03-27 13:45:00,P-102,68.17,5.124,239.51,35.42,1494.6,1.953,2623.22,Normal
2026-03-27 14:00:00,P-104,64.33,5.292,230.05,31.68,1471.3,2.026,2623.24,Normal
2026-03-27 14:15:00,P-101,65.69,4.962,216.86,32.87,1478.5,1.954,2623.26,Normal
2026-03-27 14:30:00,P-103,66.52,5.29,231.86,34.53,1422.6,2.176,2623.27,Normal
2026-03-27 14:45:00,P-101,69.99,5.17,227.99,32.97,1442.5,2.174,2623.28,Normal
2026-03-27 15:00:00,P-103,65.51,5.061,210.48,31.99,1460.6,1.776,2623.3,Normal
2026-03-27 15:15:00,P-102,65.91,5.2,218.21,31.18,1429.8,1.911,2623.32,Normal
2026-03-27 15:30:00,P-102,64.67,5.144,217.23,32.42,1459.5,1.972,2623.33,Normal
2026-03-27 15:45:00,P-103,66.99,5.365,248.22,33.1,1479.4,2.265,2623.34,Normal
2026-03-27 16:00:00,P-101,67.89,5.256,229.91,33.01,1444.0,2.21,2623.36,Normal
2026-03-27 16:15:00,P-101,67.99,4.899,212.14,31.88,1480.7,1.848,2623.38,Normal
2026-03-27 16:30:00,P-104,65.57,5.261,227.31,33.13,1462.6,1.863,2623.39,Normal
2026-03-27 16:45:00,P-104,65.6,4.807,208.07,28.78,1416.5,1.786,2623.4,Normal
2026-03-27 17:00:00,P-103,66.32,4.967,209.2,30.19,1434.4,2.13,2623.42,Normal
2026-03-27 17:15:00,P-102,67.37,4.99,215.0,30.98,1469.9,1.936,2623.44,Normal
2026-03-27 17:30:00,P-102,63.08,5.088,224.55,29.27,1431.4,2.05,2623.45,Normal
2026-03-27 17:45:00,P-104,64.25,4.921,206.02,29.4,1469.4,2.061,2623.46,Normal
2026-03-27 18:00:00,P-104,63.52,4.973,205.97,39.66,1461.0,7.58,2623.48,Normal
2026-03-27 18:15:00,P-102,66.36,5.154,213.61,30.1,1455.6,1.753,2623.5,Normal
2026-03-27 18:30:00,P-102,63.99,4.765,204.6,28.71,1439.6,2.165,2623.51,Normal
2026-03-27 18:45:00,P-103,64.66,4.89,212.74,27.61,1455.4,2.031,2623.52,Normal
2026-03-27 19:00:00,P-102,62.89,4.728,201.56,26.16,1480.3,2.208,2623.54,Normal
2026-03-27 19:15:00,P-103,65.1,4.985,205.71,29.41,1443.0,2.189,2623.56,Normal
2026-03-27 19:30:00,P-104,,4.816,210.1,29.27,1461.0,1.956,2623.57,Normal
2026-03-27 19:45:00,P-102,67.35,4.873,194.58,29.06,1486.1,1.778,2623.58,Normal
2026-03-27 20:00:00,P-104,65.34,4.57,191.84,24.19,1454.7,1.938,2623.6,Normal
2026-03-27 20:15:00,P-102,64.63,4.885,188.43,25.65,1441.2,1.619,2623.62,Normal
2026-03-27 20:30:00,P-104,64.73,4.85,205.61,26.58,1441.0,1.933,2623.63,Normal
2026-03-27 20:45:00,P-101,61.7,4.941,204.84,28.92,1412.5,1.816,2623.64,Normal
2026-03-27 21:00:00,P-102,63.82,4.892,196.89,30.06,1428.2,1.818,2623.66,Normal
2026-03-27 21:15:00,P-104,62.47,4.58,188.45,26.59,1456.1,1.427,2623.68,Normal
2026-03-27 21:30:00,P-103,65.08,4.702,196.53,25.37,1467.5,1.836,2623.69,Normal
2026-03-27 21:45:00,P-104,64.49,4.664,181.04,23.76,1442.3,1.784,2623.7,Normal
2026-03-27 22:00:00,P-101,65.85,4.643,202.93,27.19,1467.2,1.807,2623.72,Normal
2026-03-27 22:15:00,P-102,66.72,4.546,200.36,25.9,1466.1,1.815,2623.74,Normal
2026-03-27 22:30:00,P-104,61.73,4.562,182.43,22.51,1436.1,1.578,2623.75,Normal
2026-03-27 22:45:00,P-102,61.91,4.562,189.45,25.38,1439.3,1.94,2623.76,Normal
2026-03-27 23:00:00,P-102,65.02,4.621,195.43,21.83,1425.8,1.779,2623.78,Normal
2026-03-27 23:15:00,P-102,64.58,4.886,200.75,25.08,1463.4,2.285,2623.8,Normal
2026-03-27 23:30:00,P-104,62.12,4.774,173.87,27.14,1450.1,1.842,2623.81,Normal
2026-03-27 23:45:00,P-102,66.87,4.932,185.5,24.81,1466.0,1.879,2623.82,Normal
2026-03-28 00:00:00,P-101,64.29,4.749,186.21,27.58,1448.9,1.75,2623.84,Normal
2026-03-28 00:15:00,P-101,61.25,4.652,186.05,22.94,1433.1,1.971,2623.86,Normal
2026-03-28 00:30:00,P-104,60.84,4.717,188.84,22.81,1464.0,1.736,2623.87,Normal
2026-03-28 00:45:00,P-103,65.18,4.768,195.56,24.24,1414.3,2.131,2623.88,Normal
2026-03-28 01:00:00,P-104,60.93,4.617,178.58,26.09,1443.9,2.019,2623.9,Normal
2026-03-28 01:15:00,P-104,62.01,4.848,193.93,23.93,1436.1,1.733,2623.92,Normal
2026-03-28 01:30:00,P-102,63.04,4.827,182.89,27.41,1477.5,1.761,2623.93,Normal
2026-03-28 01:45:00,P-102,63.53,4.802,193.65,26.08,1481.5,1.696,2623.94,Normal
2026-03-28 02:00:00,P-101,62.6,4.921,197.94,25.8,1457.6,1.586,2623.96,Normal
2026-03-28 02:15:00,P-103,63.44,4.772,186.57,25.26,1439.6,1.899,2623.98,Normal
2026-03-28 02:30:00,P-101,63.36,4.803,202.06,26.93,1481.0,1.918,2623.99,Normal
2026-03-28 02:45:00,P-101,61.24,4.607,185.68,25.03,1437.4,1.893,2624.0,Normal
2026-03-28 03:00:00,P-104,59.1,4.736,192.42,27.39,1425.1,1.823,2624.02,Normal
2026-03-28 03:15:00,P-103,65.54,4.722,208.61,27.83,1414.2,2.058,2624.04,Normal
2026-03-28 03:30:00,P-103,58.63,4.775,204.79,28.42,1451.8,1.891,2624.05,Normal
2026-03-28 03:45:00,P-102,61.97,4.725,204.32,27.24,1419.1,1.872,2624.06,Normal
2026-03-28 04:00:00,P-103,60.39,5.124,226.68,34.35,1475.5,2.071,2624.08,Normal
2026-03-28 04:15:00,P-101,61.18,4.948,210.19,28.82,1439.6,2.074,2624.1,Normal
2026-03-28 04:30:00,P-103,60.6,4.756,212.31,32.09,1426.8,1.912,2624.11,Normal
2026-03-28 04:45:00,P-101,60.88,4.777,199.99,26.49,1470.1,2.067,2624.12,Normal
2026-03-28 05:00:00,P-103,60.74,5.03,202.6,26.82,1465.8,1.741,2624.14,Normal
2026-03-28 05:15:00,P-102,58.53,4.965,201.11,29.52,1479.9,1.869,2624.16,Normal
2026-03-28 05:30:00,P-102,61.54,5.053,214.53,30.37,1419.4,1.663,2624.17,Normal
2026-03-28 05:45:00,P-103,64.46,4.909,208.2,30.64,1415.6,1.931,2624.18,Normal
2026-03-28 06:00:00,P-103,58.58,5.041,219.24,29.16,1478.1,1.802,2624.2,Normal
2026-03-28 06:15:00,P-101,59.11,4.967,218.26,29.16,1399.5,2.079,2624.22,Normal
2026-03-28 06:30:00,P-101,62.84,4.876,207.72,28.66,1428.1,2.073,2624.23,Normal
2026-03-28 06:45:00,P-101,61.39,4.947,214.83,30.24,1451.0,2.223,2624.24,Normal
2026-03-28 07:00:00,P-104,62.49,5.049,222.23,31.93,1426.1,2.369,2624.26,Normal
2026-03-28 07:15:00,P-103,64.63,4.954,232.52,32.03,1453.8,2.059,2624.28,Normal
2026-03-28 07:30:00,P-103,59.11,4.824,220.5,30.67,1429.3,1.856,2624.29,Normal
2026-03-28 07:45:00,P-103,61.44,5.134,227.09,31.87,1473.2,2.19,2624.3,Normal
2026-03-28 08:00:00,P-104,60.05,4.945,203.8,28.49,1462.9,1.961,2624.32,Normal
2026-03-28 08:15:00,P-102,61.86,5.126,235.63,32.55,1455.0,1.999,2624.34,Normal
2026-03-28 08:30:00,P-102,65.14,4.924,225.96,34.96,1443.6,2.075,2624.35,Normal
2026-03-28 08:45:00,P-104,60.2,5.385,241.73,36.28,1431.4,2.087,2624.36,Normal
2026-03-28 09:00:00,P-101,59.71,5.373,231.12,31.48,1447.6,2.453,2624.38,Normal
2026-03-28 09:15:00,P-103,60.05,5.312,230.51,34.28,1427.8,2.079,2624.4,Normal
2026-03-28 09:30:00,P-104,66.7,5.374,233.74,34.54,1484.5,2.154,2624.41,Normal
2026-03-28 09:45:00,P-104,61.12,5.191,223.84,32.82,1455.7,2.223,2624.42,Normal
2026-03-28 10:00:00,P-102,62.66,5.229,235.53,34.96,1434.3,2.526,2624.44,Normal
2026-03-28 10:15:00,P-104,59.84,5.199,236.64,33.96,1478.2,2.085,2624.46,Normal
2026-03-28 10:30:00,P-102,62.77,5.063,239.04,33.58,1449.2,1.779,2624.47,Normal
2026-03-28 10:45:00,P-103,65.51,5.269,234.08,35.47,1475.2,2.11,2624.48,Normal
2026-03-28 11:00:00,P-101,65.74,5.407,244.61,37.15,1474.6,1.914,2624.5,Normal
2026-03-28 11:15:00,P-102,63.59,5.125,236.02,33.82,1457.9,2.028,2624.52,Normal
2026-03-28 11:30:00,P-103,61.62,5.352,236.6,35.72,1427.2,2.462,2624.53,Normal
2026-03-28 11:45:00,P-103,64.29,,246.64,34.58,1439.6,2.034,2624.54,Normal
2026-03-28 12:00:00,P-102,63.97,5.039,226.53,30.83,1514.6,1.888,2624.56,Normal
2026-03-28 12:15:00,P-102,63.35,5.379,240.09,36.42,1440.1,2.345,2624.58,Normal
2026-03-28 12:30:00,P-102,65.4,5.162,220.29,33.79,1445.4,2.034,2624.59,Normal
2026-03-28 12:45:00,P-101,67.9,5.264,244.84,36.23,1441.5,2.412,2624.6,Normal
2026-03-28 13:00:00,P-103,63.91,5.143,230.57,34.35,1433.1,2.073,2624.62,Normal
2026-03-28 13:15:00,P-101,67.28,5.247,235.28,33.39,1462.7,2.267,2624.64,Normal
2026-03-28 13:30:00,P-103,64.4,4.883,216.08,31.4,1425.9,1.791,2624.65,Normal
2026-03-28 13:45:00,P-101,68.56,5.132,233.28,32.86,1435.0,1.981,2624.66,Normal
2026-03-28 14:00:00,P-103,71.35,5.135,238.49,35.34,1455.6,2.158,2624.68,Normal
2026-03-28 14:15:00,P-102,63.01,5.123,228.26,33.65,1445.5,2.009,2624.7,Normal
2026-03-28 14:30:00,P-104,67.38,5.26,225.54,31.78,1452.9,2.536,2624.71,Normal
2026-03-28 14:45:00,P-103,69.6,5.271,221.36,34.13,1449.4,2.325,2624.72,Normal
2026-03-28 15:00:00,P-103,64.68,5.143,231.63,34.87,1428.9,2.314,2624.74,Normal
2026-03-28 15:15:00,P-104,62.99,4.844,201.21,30.39,1476.4,1.922,2624.76,Normal
2026-03-28 15:30:00,P-102,,5.225,238.73,34.22,1470.6,1.96,2624.77,Normal
2026-03-28 15:45:00,P-103,66.71,5.408,235.38,32.76,1432.8,2.413,2624.78,Normal
2026-03-28 16:00:00,P-102,66.39,5.176,221.93,32.45,1458.6,1.82,2624.8,Normal
2026-03-28 16:15:00,P-101,66.0,5.1,223.49,30.57,1441.2,1.952,2624.82,Normal
2026-03-28 16:30:00,P-101,66.73,4.653,203.88,28.08,1469.5,2.041,2624.83,Normal
2026-03-28 16:45:00,P-104,62.98,4.976,222.27,30.05,1465.5,2.548,2624.84,Normal
2026-03-28 17:00:00,P-103,63.87,4.984,209.1,29.58,1472.6,2.306,2624.86,Normal
2026-03-28 17:15:00,P-104,68.45,5.012,223.16,31.58,1432.9,2.16,2624.88,Normal
2026-03-28 17:30:00,P-101,67.45,5.002,215.83,28.71,1425.6,2.377,2624.89,Normal
2026-03-28 17:45:00,P-102,64.26,5.023,207.21,29.81,1416.5,1.917,2624.9,Normal
2026-03-28 18:00:00,P-104,66.83,4.972,211.61,28.46,1498.2,2.015,2624.92,Normal
2026-03-28 18:15:00,P-104,69.91,,211.83,30.92,1466.3,2.283,2624.94,Normal
2026-03-28 18:30:00,P-104,64.94,4.695,201.16,25.21,1472.4,1.633,2624.95,Normal
2026-03-28 18:45:00,P-103,65.82,5.107,220.04,33.27,1424.2,2.147,2624.96,Normal
2026-03-28 19:00:00,P-101,69.84,5.024,222.01,32.96,1461.4,2.147,2624.98,Normal
2026-03-28 19:15:00,P-102,71.03,4.993,211.37,29.88,1419.0,2.094,2625.0,Normal
2026-03-28 19:30:00,P-103,64.84,4.995,210.66,31.9,1458.2,1.8,2625.01,Normal
2026-03-28 19:45:00,P-101,65.51,4.754,199.6,27.98,1450.4,1.974,2625.02,Normal
2026-03-28 20:00:00,P-104,68.8,4.963,203.75,29.52,1444.6,2.013,2625.04,Normal
2026-03-28 20:15:00,P-103,65.36,4.877,199.28,27.71,1440.2,1.775,2625.06,Normal
2026-03-28 20:30:00,P-104,59.79,4.674,186.59,23.19,1471.2,1.918,2625.07,Normal
2026-03-28 20:45:00,P-104,67.19,5.014,221.86,28.49,1440.6,2.195,2625.08,Normal
2026-03-28 21:00:00,P-103,63.55,4.62,208.71,28.83,1474.4,,2625.1,Normal
2026-03-28 21:15:00,P-101,61.69,4.694,199.27,25.12,1449.1,1.932,2625.12,Normal
2026-03-28 21:30:00,P-101,59.43,4.753,173.66,23.68,1456.7,2.012,2625.13,Normal
2026-03-28 21:45:00,P-104,66.24,4.589,177.04,25.6,1459.9,2.047,2625.14,Normal
2026-03-28 22:00:00,P-102,60.48,4.452,174.31,23.28,1458.3,1.687,2625.16,Normal
2026-03-28 22:15:00,P-101,65.36,4.798,206.78,26.94,1454.1,2.068,2625.18,Normal
2026-03-28 22:30:00,P-101,63.42,4.574,188.53,23.05,1488.7,1.674,2625.19,Normal
2026-03-28 22:45:00,P-103,64.01,4.676,187.74,25.46,1470.3,1.974,2625.2,Normal
2026-03-28 23:00:00,P-103,63.11,4.854,178.45,24.92,1404.0,1.622,2625.22,Normal
2026-03-28 23:15:00,P-103,62.58,4.611,178.92,25.49,1446.3,1.444,2625.24,Normal
2026-03-28 23:30:00,P-102,63.37,4.615,188.69,25.75,1476.7,1.912,2625.25,Normal
2026-03-28 23:45:00,P-101,60.7,4.498,183.94,26.05,1435.4,1.939,2625.26,Normal
2026-03-29 00:00:00,P-101,61.39,4.824,197.59,25.75,1450.1,1.977,2625.28,Normal
2026-03-29 00:15:00,P-101,60.96,4.475,190.67,22.32,1451.4,1.577,2625.3,Normal
2026-03-29 00:30:00,P-101,61.21,4.892,187.99,22.97,1478.7,1.311,2625.31,Normal
2026-03-29 00:45:00,P-101,60.81,4.542,177.62,20.51,1431.2,1.817,2625.32,Normal
2026-03-29 01:00:00,P-101,62.33,4.58,161.1,21.61,1433.7,1.938,2625.34,Normal
2026-03-29 01:15:00,P-102,64.1,4.906,209.02,29.08,1459.1,1.576,2625.36,Normal
2026-03-29 01:30:00,P-103,61.69,5.043,201.82,29.78,1456.2,1.884,2625.37,Normal
2026-03-29 01:45:00,P-101,56.76,4.449,199.2,24.99,1459.4,1.656,2625.38,Normal
2026-03-29 02:00:00,P-103,58.93,4.518,190.81,23.98,1455.8,1.819,2625.4,Normal
2026-03-29 02:15:00,P-103,58.03,4.843,192.23,25.31,1447.9,2.053,2625.42,Normal
2026-03-29 02:30:00,P-102,60.35,5.014,196.11,27.57,1460.1,1.848,2625.43,Normal
2026-03-29 02:45:00,P-102,61.15,4.572,186.98,26.05,1453.7,1.723,2625.44,Normal
2026-03-29 03:00:00,P-103,61.41,4.582,194.7,26.22,1445.5,1.937,2625.46,Normal
2026-03-29 03:15:00,P-102,65.03,4.811,199.64,26.29,1448.9,1.478,2625.48,Normal
2026-03-29 03:30:00,P-102,61.46,4.813,194.51,27.54,1440.3,1.987,2625.49,Normal
2026-03-29 03:45:00,P-101,64.6,4.79,201.26,25.89,1437.3,2.039,2625.5,Normal
2026-03-29 04:00:00,P-103,62.69,4.854,210.35,27.06,1460.0,1.908,2625.52,Normal
2026-03-29 04:15:00,P-103,62.35,4.54,189.02,25.95,1426.5,1.763,2625.54,Normal
2026-03-29 04:30:00,P-103,60.46,4.862,208.88,28.66,1462.4,1.888,2625.55,Normal
2026-03-29 04:45:00,P-104,58.07,4.814,202.72,25.55,1445.3,1.844,2625.56,Normal
2026-03-29 05:00:00,P-101,60.01,4.846,206.42,28.1,1448.1,1.931,2625.58,Normal
2026-03-29 05:15:00,P-103,62.14,4.812,223.55,31.49,1446.8,1.747,2625.6,Normal
2026-03-29 05:30:00,P-102,59.43,4.99,210.09,31.18,1459.1,2.021,2625.61,Normal
2026-03-29 05:45:00,P-102,59.65,5.139,215.35,30.23,1476.6,1.957,2625.62,Normal
2026-03-29 06:00:00,P-102,60.41,4.713,196.76,27.76,1482.5,1.876,2625.64,Normal
2026-03-29 06:15:00,P-101,58.55,4.923,208.24,29.45,1468.9,1.86,2625.66,Normal
2026-03-29 06:30:00,P-103,57.93,4.948,212.07,31.75,1451.4,2.074,2625.67,Normal
2026-03-29 06:45:00,P-104,60.65,5.137,232.52,33.13,1464.4,2.37,2625.68,Normal
2026-03-29 07:00:00,P-104,59.22,4.923,196.0,29.11,1413.6,1.947,2625.7,Normal
2026-03-29 07:15:00,P-103,59.36,5.11,221.78,32.78,1460.9,1.737,2625.72,Normal
2026-03-29 07:30:00,P-103,62.57,5.333,240.76,35.77,1457.0,2.137,2625.73,Normal
2026-03-29 07:45:00,P-101,62.52,5.145,216.97,32.28,1422.2,2.05,2625.74,Normal
2026-03-29 08:00:00,P-101,63.12,5.065,227.6,32.03,1439.5,2.047,2625.76,Normal
2026-03-29 08:15:00,P-103,61.05,5.491,229.51,33.7,1455.0,1.962,2625.78,Normal
2026-03-29 08:30:00,P-102,59.67,5.337,223.73,32.51,1456.9,2.092,2625.79,Normal
2026-03-29 08:45:00,P-101,62.68,5.21,251.52,33.0,1467.2,2.344,2625.8,Normal
2026-03-29 09:00:00,P-102,64.56,5.216,221.34,34.28,1480.1,2.081,2625.82,Normal
2026-03-29 09:15:00,P-102,66.04,5.054,241.86,35.55,1447.3,2.443,2625.84,Normal
2026-03-29 09:30:00,P-101,63.52,5.155,225.07,34.19,1429.5,1.984,2625.85,Normal
2026-03-29 09:45:00,P-103,65.23,5.329,234.63,33.62,1464.8,1.9,2625.86,Normal
2026-03-29 10:00:00,P-103,67.04,5.517,232.9,32.36,1473.2,2.081,2625.88,Normal
2026-03-29 10:15:00,P-101,61.52,5.093,237.66,35.01,1472.8,1.706,2625.9,Normal
2026-03-29 10:30:00,P-104,67.52,5.303,239.29,35.63,1458.5,2.174,2625.91,Normal
2026-03-29 10:45:00,P-102,63.08,5.264,228.7,32.24,1486.0,2.068,2625.92,Normal
2026-03-29 11:00:00,P-103,65.83,5.408,222.06,32.01,1445.1,2.237,2625.94,Normal
2026-03-29 11:15:00,P-103,66.38,5.162,246.17,32.88,1478.8,1.879,2625.96,Normal
2026-03-29 11:30:00,P-103,59.17,5.453,223.18,33.63,1429.1,2.228,2625.97,Normal
2026-03-29 11:45:00,P-102,63.3,5.271,241.2,35.43,1409.2,2.234,2625.98,Normal
2026-03-29 12:00:00,P-104,61.78,5.057,239.19,32.88,1428.8,2.417,2626.0,Normal
2026-03-29 12:15:00,P-101,62.19,5.306,251.78,35.98,1439.7,2.199,2626.02,Normal
2026-03-29 12:30:00,P-102,66.81,5.105,230.5,33.63,1450.0,2.196,2626.03,Normal
2026-03-29 12:45:00,P-101,70.5,5.342,239.47,36.42,1433.2,2.309,2626.04,Normal
2026-03-29 13:00:00,P-103,65.13,5.049,228.86,32.88,1452.3,1.799,2626.06,Normal
2026-03-29 13:15:00,P-103,68.22,5.31,231.55,34.46,1461.6,2.395,2626.08,Normal
2026-03-29 13:30:00,P-102,69.17,5.309,239.84,35.07,1456.3,2.13,2626.09,Normal
2026-03-29 13:45:00,P-104,64.89,5.24,225.09,30.65,1447.5,1.813,2626.1,Normal
2026-03-29 14:00:00,P-104,66.89,5.376,243.79,36.48,1471.6,2.183,2626.12,Normal
2026-03-29 14:15:00,P-103,65.52,5.357,233.04,33.1,1435.6,2.335,2626.14,Normal
2026-03-29 14:30:00,P-104,,5.183,234.87,36.91,1445.7,2.109,2626.15,Normal
2026-03-29 14:45:00,P-104,68.86,5.282,243.89,34.88,1440.1,2.175,2626.16,Normal
2026-03-29 15:00:00,P-103,66.71,4.824,214.45,33.37,1461.7,1.701,2626.18,Normal
2026-03-29 15:15:00,P-104,66.56,5.052,218.68,32.05,1442.3,1.89,2626.2,Normal
2026-03-29 15:30:00,P-103,66.97,5.24,233.53,34.52,1457.2,2.256,2626.21,Normal
2026-03-29 15:45:00,P-104,62.75,5.15,223.5,31.02,1464.7,2.252,2626.22,Normal
2026-03-29 16:00:00,P-102,69.37,5.0,232.34,35.15,1440.9,2.164,2626.24,Normal
2026-03-29 16:15:00,P-102,63.57,5.027,219.13,31.83,1421.2,2.154,2626.26,Normal
2026-03-29 16:30:00,P-103,68.84,5.135,232.87,32.15,1445.9,2.038,2626.27,Normal
2026-03-29 16:45:00,P-103,68.59,5.043,217.62,29.43,1435.7,2.067,2626.28,Normal
2026-03-29 17:00:00,P-102,64.27,5.153,220.31,31.59,1438.4,1.853,2626.3,Normal
2026-03-29 17:15:00,P-103,64.81,4.963,216.15,31.83,1405.5,1.904,2626.32,Normal
2026-03-29 17:30:00,P-101,71.31,5.038,215.74,29.61,1420.8,2.012,2626.33,Normal
2026-03-29 17:45:00,P-101,67.27,5.036,223.73,30.84,1464.4,1.782,2626.34,Normal
2026-03-29 18:00:00,P-103,63.56,5.093,212.88,29.21,1433.1,2.408,2626.36,Normal
2026-03-29 18:15:00,P-101,68.45,5.137,206.21,31.55,1470.8,1.873,2626.38,Normal
2026-03-29 18:30:00,P-101,64.46,4.902,201.07,26.92,1437.1,1.997,2626.39,Normal
2026-03-29 18:45:00,P-104,61.9,5.271,209.12,28.16,1458.8,1.727,2626.4,Normal
2026-03-29 19:00:00,P-102,68.59,4.963,217.02,30.03,1445.4,1.493,2626.42,Normal
2026-03-29 19:15:00,P-102,64.84,5.112,211.47,30.74,1461.7,2.302,2626.44,Normal
2026-03-29 19:30:00,P-102,66.42,4.76,206.28,27.8,1445.4,1.926,2626.45,Normal
2026-03-29 19:45:00,P-104,,4.963,198.13,27.49,1453.8,1.522,2626.46,Normal
2026-03-29 20:00:00,P-102,66.27,4.855,182.02,25.99,1472.2,1.663,2626.48,Normal
2026-03-29 20:15:00,P-101,65.44,4.683,205.36,27.71,1458.5,2.242,2626.5,Normal
2026-03-29 20:30:00,P-104,59.61,4.818,205.78,28.61,1437.6,1.976,2626.51,Normal
2026-03-29 20:45:00,P-102,66.47,5.093,208.93,29.11,1416.3,1.448,2626.52,Normal
2026-03-29 21:00:00,P-102,64.73,4.749,195.33,28.19,1448.0,1.806,2626.54,Normal
2026-03-29 21:15:00,P-101,66.63,4.715,184.1,26.12,1457.7,1.745,2626.56,Normal
2026-03-29 21:30:00,P-104,66.08,4.884,194.33,26.33,1452.8,1.99,2626.57,Normal
2026-03-29 21:45:00,P-104,65.73,4.732,190.64,26.09,1434.2,1.823,2626.58,Normal
2026-03-29 22:00:00,P-101,61.51,4.44,180.93,26.95,1452.7,1.453,2626.6,Normal
2026-03-29 22:15:00,P-102,63.24,4.948,195.69,25.32,1461.9,1.785,2626.62,Normal
2026-03-29 22:30:00,P-104,64.85,4.854,203.97,26.95,1475.1,1.738,2626.63,Normal
2026-03-29 22:45:00,P-104,62.84,4.871,189.7,24.4,1445.9,1.96,2626.64,Normal
2026-03-29 23:00:00,P-102,66.79,4.801,202.8,26.58,1494.2,1.751,2626.66,Normal
2026-03-29 23:15:00,P-104,63.38,4.782,194.74,27.98,1476.2,1.75,2626.68,Normal
2026-03-29 23:30:00,P-102,61.41,4.873,186.49,27.82,1453.0,1.838,2626.69,Normal
2026-03-29 23:45:00,P-101,61.51,4.648,184.5,25.85,1454.7,1.689,2626.7,Normal
2026-03-30 00:00:00,P-103,63.43,4.767,187.02,23.7,1475.0,1.992,2626.72,Normal
2026-03-30 00:15:00,P-102,63.77,4.836,202.34,27.76,1432.7,2.123,2626.74,Normal
2026-03-30 00:30:00,P-104,62.64,4.755,197.7,26.89,1435.6,2.076,2626.75,Normal
2026-03-30 00:45:00,P-103,63.89,4.814,183.82,25.07,1426.8,1.551,2626.76,Normal
2026-03-30 01:00:00,P-102,58.93,4.646,186.93,25.73,1445.4,1.808,2626.78,Normal
2026-03-30 01:15:00,P-104,57.27,4.731,183.44,26.54,1434.5,1.982,2626.8,Normal
2026-03-30 01:30:00,P-104,59.47,4.745,193.73,25.19,1443.6,1.612,2626.81,Normal
2026-03-30 01:45:00,P-104,62.3,4.833,199.08,28.41,1449.4,1.627,2626.82,Normal
2026-03-30 02:00:00,P-104,61.48,4.789,196.98,24.4,1425.2,1.69,2626.84,Normal
2026-03-30 02:15:00,P-103,57.32,4.805,189.06,24.8,1474.6,1.533,2626.86,Normal
2026-03-30 02:30:00,P-102,62.4,4.503,181.55,23.37,1471.5,1.959,2626.87,Normal
2026-03-30 02:45:00,P-103,61.79,4.833,188.4,26.43,1441.7,2.04,2626.88,Normal
2026-03-30 03:00:00,P-101,61.39,4.827,193.25,26.25,1476.7,1.762,2626.9,Normal
2026-03-30 03:15:00,P-104,62.01,4.88,198.37,27.96,1457.0,1.859,2626.92,Normal
2026-03-30 03:30:00,P-104,56.84,4.416,187.44,24.12,1469.8,1.667,2626.93,Normal
2026-03-30 03:45:00,P-102,61.31,4.782,198.83,27.45,1425.6,2.281,2626.94,Normal
2026-03-30 04:00:00,P-102,63.49,4.754,202.75,27.34,1443.9,1.854,2626.96,Normal
2026-03-30 04:15:00,P-101,63.89,5.059,213.77,26.99,1461.3,1.842,2626.98,Normal
2026-03-30 04:30:00,P-102,61.72,4.749,196.32,26.7,1447.0,1.841,2626.99,Normal
2026-03-30 04:45:00,P-101,60.93,4.919,197.36,26.05,1446.8,1.615,2627.0,Normal
2026-03-30 05:00:00,P-101,57.07,4.755,204.61,30.25,1448.0,1.983,2627.02,Normal
2026-03-30 05:15:00,P-102,61.39,5.015,217.3,32.19,1456.7,2.235,2627.04,Normal
2026-03-30 05:30:00,P-103,59.23,4.972,212.88,28.97,1452.0,1.949,2627.05,Normal
2026-03-30 05:45:00,P-101,63.39,5.238,205.98,26.37,1478.0,2.082,2627.06,Normal
2026-03-30 06:00:00,P-101,63.86,5.138,220.74,28.52,1432.2,1.645,2627.08,Normal
2026-03-30 06:15:00,P-104,60.45,5.257,217.65,31.49,1451.7,1.91,2627.1,Normal
2026-03-30 06:30:00,P-104,61.36,5.267,215.77,30.9,1462.7,2.033,2627.11,Normal
2026-03-30 06:45:00,P-103,60.46,4.91,200.54,27.69,1427.6,1.584,2627.12,Normal
2026-03-30 07:00:00,P-101,63.67,5.046,222.2,29.78,1443.8,2.098,2627.14,Normal
2026-03-30 07:15:00,P-104,59.78,5.215,238.65,36.88,1453.1,2.105,2627.16,Normal
2026-03-30 07:30:00,P-101,55.74,4.997,211.04,30.25,1477.1,2.025,2627.17,Normal
2026-03-30 07:45:00,P-104,62.01,4.76,219.87,34.03,1452.5,2.02,2627.18,Normal
2026-03-30 08:00:00,P-101,56.28,5.085,222.64,29.61,1463.6,2.027,2627.2,Normal
2026-03-30 08:15:00,P-102,62.64,,228.41,34.12,1464.8,1.617,2627.22,Normal
2026-03-30 08:30:00,P-102,63.85,5.133,228.03,32.86,1400.4,1.905,2627.23,Normal
2026-03-30 08:45:00,P-104,66.28,5.067,243.51,34.46,1451.4,2.258,2627.24,Normal
2026-03-30 09:00:00,P-104,61.42,5.151,233.51,33.38,1442.2,1.857,2627.26,Normal
2026-03-30 09:15:00,P-103,64.39,5.104,241.49,34.81,1477.1,2.015,2627.28,Normal
2026-03-30 09:30:00,P-101,64.4,5.386,219.18,33.28,1462.6,2.037,2627.29,Normal
2026-03-30 09:45:00,P-102,60.35,5.132,228.85,34.38,1465.7,2.047,2627.3,Normal
2026-03-30 10:00:00,P-101,64.85,4.896,231.31,30.52,1459.4,2.225,2627.32,Normal
2026-03-30 10:15:00,P-101,62.6,5.024,218.06,32.91,1451.9,2.074,2627.34,Normal
2026-03-30 10:30:00,P-101,62.73,5.352,238.91,35.27,1465.0,2.044,2627.35,Normal
2026-03-30 10:45:00,P-101,66.16,5.432,251.51,37.96,1449.6,1.965,2627.36,Normal
2026-03-30 11:00:00,P-101,64.29,5.162,241.1,36.46,1473.1,2.732,2627.38,Normal
2026-03-30 11:15:00,P-104,66.7,5.215,249.2,36.26,1430.8,2.205,2627.4,Normal
2026-03-30 11:30:00,P-101,63.39,5.166,237.31,33.38,1468.7,2.298,2627.41,Normal
2026-03-30 11:45:00,P-104,65.01,5.165,228.45,33.36,1443.5,1.716,2627.42,Normal
2026-03-30 12:00:00,P-101,64.42,5.177,236.83,38.25,1462.2,2.152,2627.44,Normal
2026-03-30 12:15:00,P-102,64.81,5.412,255.73,36.51,1421.7,2.206,2627.46,Normal
2026-03-30 12:30:00,P-103,66.95,5.212,254.9,37.07,1454.9,2.164,2627.47,Normal
2026-03-30 12:45:00,P-103,64.14,5.421,234.86,34.34,1447.3,,2627.48,Normal
2026-03-30 13:00:00,P-101,78.27,4.814,235.4,35.19,1449.2,4.735,2627.5,Warning
2026-03-30 13:15:00,P-101,75.44,4.405,249.28,34.69,1418.2,3.293,2627.52,Warning
2026-03-30 13:30:00,P-101,76.32,4.346,227.56,31.53,1450.6,3.724,2627.53,Warning
2026-03-30 13:45:00,P-104,76.47,4.613,235.13,30.68,1452.3,4.327,2627.54,Warning
2026-03-30 14:00:00,P-103,68.52,4.556,220.27,32.16,1417.9,3.486,2627.56,Warning
2026-03-30 14:15:00,P-101,72.21,4.526,230.01,34.27,1429.3,4.206,2627.58,Warning
2026-03-30 14:30:00,P-102,78.92,4.751,225.96,30.83,1452.8,3.499,2627.59,Warning
2026-03-30 14:45:00,P-101,75.6,4.425,212.34,37.86,1457.3,7.896,2627.6,Warning
2026-03-30 15:00:00,P-103,76.05,5.091,220.99,33.34,1449.1,4.028,2627.62,Warning
2026-03-30 15:15:00,P-104,77.77,4.583,224.84,33.88,1450.8,4.701,2627.64,Warning
2026-03-30 15:30:00,P-101,73.2,4.397,218.37,31.75,1450.5,3.726,2627.65,Warning
2026-03-30 15:45:00,P-102,74.57,4.215,219.36,31.27,1440.2,3.547,2627.66,Warning
2026-03-30 16:00:00,P-104,74.43,4.767,219.6,32.82,1446.8,3.657,2627.68,Warning
2026-03-30 16:15:00,P-103,79.71,4.446,225.34,30.46,1424.8,4.404,2627.7,Warning
2026-03-30 16:30:00,P-102,70.48,4.568,234.23,29.38,1439.5,3.336,2627.71,Warning
2026-03-30 16:45:00,P-102,72.98,4.479,203.21,29.91,1449.2,3.868,2627.72,Warning
2026-03-30 17:00:00,P-101,67.15,4.223,204.42,28.3,1472.2,3.767,2627.74,Warning
2026-03-30 17:15:00,P-101,74.82,4.459,208.92,30.87,1447.8,3.404,2627.76,Warning
2026-03-30 17:30:00,P-102,75.81,4.599,217.62,30.48,1487.1,4.61,2627.77,Warning
2026-03-30 17:45:00,P-103,80.29,4.537,216.89,31.02,1484.7,3.32,2627.78,Warning
2026-03-30 18:00:00,P-103,81.3,4.364,205.93,28.82,1451.3,3.904,2627.8,Warning
2026-03-30 18:15:00,P-104,70.88,4.154,203.22,27.55,1442.6,3.876,2627.82,Warning
2026-03-30 18:30:00,P-103,75.83,4.15,208.31,28.25,1490.8,3.441,2627.83,Warning
2026-03-30 18:45:00,P-103,74.94,4.177,197.21,28.13,1463.4,4.291,2627.84,Warning
2026-03-30 19:00:00,P-102,78.32,4.527,227.04,29.89,1457.9,3.827,2627.86,Warning
2026-03-30 19:15:00,P-102,81.01,4.342,206.37,26.25,1437.0,3.894,2627.88,Warning
2026-03-30 19:30:00,P-103,76.82,4.207,200.4,28.09,1442.3,4.143,2627.89,Warning
2026-03-30 19:45:00,P-104,79.23,4.587,212.92,32.74,1432.0,3.536,2627.9,Warning
2026-03-30 20:00:00,P-104,74.37,4.06,185.99,26.04,1476.8,3.902,2627.92,Warning
2026-03-30 20:15:00,P-102,73.81,4.553,213.11,27.16,1459.0,4.387,2627.94,Warning
2026-03-30 20:30:00,P-102,74.84,4.403,201.65,25.76,1444.4,3.817,2627.95,Warning
2026-03-30 20:45:00,P-104,74.41,4.046,205.78,26.11,1441.5,4.21,2627.96,Warning
2026-03-30 21:00:00,P-101,69.21,4.228,192.39,25.25,1432.2,2.712,2627.98,Warning
2026-03-30 21:15:00,P-104,78.02,3.935,193.7,27.59,1448.7,4.0,2628.0,Warning
2026-03-30 21:30:00,P-102,72.88,4.14,192.16,24.01,1453.1,4.299,2628.01,Warning
2026-03-30 21:45:00,P-104,74.43,4.072,188.13,25.45,1409.0,3.163,2628.02,Warning
2026-03-30 22:00:00,P-104,77.06,4.266,193.95,25.78,1432.6,3.517,2628.04,Warning
2026-03-30 22:15:00,P-103,73.35,4.335,202.18,29.34,1437.8,3.687,2628.06,Warning
2026-03-30 22:30:00,P-101,73.88,4.473,194.71,28.6,1469.5,4.064,2628.07,Warning
2026-03-30 22:45:00,P-104,77.04,3.96,190.91,25.66,1440.0,3.709,2628.08,Warning
2026-03-30 23:00:00,P-104,71.72,4.365,186.63,27.82,1417.7,4.087,2628.1,Warning
2026-03-30 23:15:00,P-104,67.09,4.202,176.69,25.66,1430.2,3.655,2628.12,Warning
2026-03-30 23:30:00,P-103,,3.977,184.79,26.26,1481.0,4.44,2628.13,Warning
2026-03-30 23:45:00,P-104,74.71,4.113,197.36,25.64,1443.3,3.467,2628.14,Warning
2026-03-31 00:00:00,P-101,73.1,4.123,207.29,24.91,1431.3,4.225,2628.16,Warning
2026-03-31 00:15:00,P-102,71.98,4.228,178.81,23.72,1419.9,3.768,2628.18,Warning
2026-03-31 00:30:00,P-101,68.46,4.037,183.9,24.53,1450.4,3.34,2628.19,Warning
2026-03-31 00:45:00,P-101,70.73,4.16,196.64,26.11,1452.3,3.767,2628.2,Warning
2026-03-31 01:00:00,P-101,72.8,4.209,190.81,25.37,1457.9,3.92,2628.22,Warning
2026-03-31 01:15:00,P-104,72.17,4.254,199.31,24.97,1499.1,3.068,2628.24,Warning
2026-03-31 01:30:00,P-101,71.1,4.156,189.55,27.51,1427.7,3.581,2628.25,Warning
2026-03-31 01:45:00,P-101,71.15,3.872,194.46,26.41,1443.4,4.197,2628.26,Warning
2026-03-31 02:00:00,P-101,74.4,4.284,190.88,24.16,1455.3,3.907,2628.28,Warning
2026-03-31 02:15:00,P-103,73.13,4.2,192.18,27.37,1442.1,3.995,2628.3,Warning
2026-03-31 02:30:00,P-104,74.82,4.36,207.83,28.35,1412.8,3.279,2628.31,Warning
2026-03-31 02:45:00,P-103,64.74,4.101,184.91,25.15,1459.2,3.602,2628.32,Warning
2026-03-31 03:00:00,P-104,75.62,4.317,198.18,25.88,1438.6,3.872,2628.34,Warning
2026-03-31 03:15:00,P-102,71.2,4.276,210.79,29.11,1430.8,3.145,2628.36,Warning
2026-03-31 03:30:00,P-101,69.22,3.99,204.15,25.07,1433.9,4.265,2628.37,Warning
2026-03-31 03:45:00,P-102,73.38,4.416,187.31,26.12,1477.9,4.618,2628.38,Warning
2026-03-31 04:00:00,P-103,75.56,4.688,210.22,31.03,1473.4,3.688,2628.4,Warning
2026-03-31 04:15:00,P-101,64.88,4.552,202.52,28.9,1430.4,4.076,2628.42,Warning
2026-03-31 04:30:00,P-102,68.11,4.59,205.58,27.43,1418.8,3.448,2628.43,Warning
2026-03-31 04:45:00,P-101,70.97,4.322,213.27,41.78,1466.2,7.504,2628.44,Warning
2026-03-31 05:00:00,P-101,67.85,4.302,200.76,29.13,1487.0,3.608,2628.46,Warning
2026-03-31 05:15:00,P-104,70.56,4.07,197.91,27.67,1492.0,3.268,2628.48,Warning
2026-03-31 05:30:00,P-102,72.96,4.451,212.77,27.74,1424.5,4.057,2628.49,Warning
2026-03-31 05:45:00,P-102,70.55,4.28,208.13,30.72,1474.4,,2628.5,Warning
2026-03-31 06:00:00,P-102,73.54,4.328,204.34,26.84,1449.9,4.29,2628.52,Warning
2026-03-31 06:15:00,P-102,72.69,4.376,207.5,29.66,1415.3,4.146,2628.54,Warning
2026-03-31 06:30:00,P-103,70.16,4.326,196.7,29.83,1434.5,3.251,2628.55,Warning
2026-03-31 06:45:00,P-101,72.03,4.304,216.79,33.82,1435.9,3.844,2628.56,Warning
2026-03-31 07:00:00,P-103,69.88,4.148,213.78,28.05,1458.6,3.836,2628.58,Warning
2026-03-31 07:15:00,P-101,72.63,4.54,211.43,29.66,1425.4,3.462,2628.6,Warning
2026-03-31 07:30:00,P-101,65.32,4.244,207.15,26.1,1467.0,3.674,2628.61,Warning
2026-03-31 07:45:00,P-103,74.73,4.671,226.61,32.02,1458.6,,2628.62,Warning
2026-03-31 08:00:00,P-101,71.27,4.542,207.7,28.33,1468.4,3.422,2628.64,Warning
2026-03-31 08:15:00,P-101,78.23,4.311,226.44,32.27,1438.1,4.707,2628.66,Warning
2026-03-31 08:30:00,P-104,71.07,4.901,238.81,34.91,1457.1,4.503,2628.67,Warning
2026-03-31 08:45:00,P-102,73.42,4.747,230.96,36.81,1431.4,4.372,2628.68,Warning
2026-03-31 09:00:00,P-103,58.35,5.003,218.78,29.52,1462.2,1.826,2628.7,Normal
2026-03-31 09:15:00,P-104,64.12,5.151,241.38,34.52,1445.7,1.961,2628.72,Normal
2026-03-31 09:30:00,P-102,61.25,5.018,217.91,31.83,1447.5,2.039,2628.73,Normal
2026-03-31 09:45:00,P-103,60.28,5.124,220.92,31.07,1449.4,1.99,2628.74,Normal
2026-03-31 10:00:00,P-101,61.65,5.059,240.25,32.97,1418.7,2.252,2628.76,Normal
2026-03-31 10:15:00,P-101,65.91,5.581,240.72,36.62,1471.4,2.019,2628.78,Normal
2026-03-31 10:30:00,P-103,61.93,5.111,242.0,37.01,1451.5,2.043,2628.79,Normal
2026-03-31 10:45:00,P-104,61.13,5.047,251.42,32.34,1471.5,2.08,2628.8,Normal
2026-03-31 11:00:00,P-102,66.79,5.169,245.13,35.83,1470.2,2.214,2628.82,Normal
2026-03-31 11:15:00,P-101,61.99,5.057,218.36,31.4,1435.4,2.032,2628.84,Normal
2026-03-31 11:30:00,P-102,65.97,5.292,234.99,33.35,1445.1,2.078,2628.85,Normal
2026-03-31 11:45:00,P-102,63.2,5.228,234.03,31.18,1422.1,1.969,2628.86,Normal
2026-03-31 12:00:00,P-102,64.97,,234.33,35.43,1472.1,2.269,2628.88,Normal
2026-03-31 12:15:00,P-102,65.23,5.122,226.59,32.55,1455.8,2.36,2628.9,Normal
2026-03-31 12:30:00,P-104,68.15,5.304,238.59,32.64,1453.6,2.206,2628.91,Normal
2026-03-31 12:45:00,P-103,68.1,5.183,238.8,32.75,1445.0,2.042,2628.92,Normal
2026-03-31 13:00:00,P-101,68.09,5.26,234.85,34.39,1432.5,1.81,2628.94,Normal
2026-03-31 13:15:00,P-101,64.77,5.407,248.37,34.23,1473.1,2.482,2628.96,Normal
2026-03-31 13:30:00,P-104,63.77,5.03,243.57,32.86,1486.1,2.124,2628.97,Normal
2026-03-31 13:45:00,P-103,67.34,5.425,235.97,34.15,1473.8,2.362,2628.98,Normal
2026-03-31 14:00:00,P-101,69.43,5.223,235.61,34.69,1447.0,2.456,2629.0,Normal
2026-03-31 14:15:00,P-103,69.44,5.076,229.19,36.19,1457.0,2.324,2629.02,Normal
2026-03-31 14:30:00,P-101,65.76,5.051,226.43,31.83,1469.3,2.261,2629.03,Normal
2026-03-31 14:45:00,P-102,67.86,,221.19,33.26,1451.7,2.269,2629.04,Normal
2026-03-31 15:00:00,P-102,69.07,5.182,227.55,36.17,1485.0,2.137,2629.06,Normal
2026-03-31 15:15:00,P-102,65.78,4.803,222.71,29.54,1472.5,1.826,2629.08,Normal
2026-03-31 15:30:00,P-103,68.54,5.308,248.07,35.03,1500.1,2.342,2629.09,Normal
2026-03-31 15:45:00,P-102,65.54,4.913,205.2,31.4,1453.5,1.724,2629.1,Normal
2026-03-31 16:00:00,P-101,64.51,5.152,220.49,31.6,1406.5,1.979,2629.12,Normal
2026-03-31 16:15:00,P-104,64.2,4.876,215.27,30.11,1451.3,1.887,2629.14,Normal
2026-03-31 16:30:00,P-102,66.99,5.542,238.31,35.26,1443.2,2.283,2629.15,Normal
2026-03-31 16:45:00,P-103,62.57,5.073,209.16,31.9,1453.1,2.05,2629.16,Normal
2026-03-31 17:00:00,P-102,66.38,5.018,221.18,30.1,1482.1,1.881,2629.18,Normal
2026-03-31 17:15:00,P-102,66.06,5.064,207.27,30.08,1440.2,1.917,2629.2,Normal
2026-03-31 17:30:00,P-103,68.19,4.795,206.52,30.45,1435.0,2.362,2629.21,Normal
2026-03-31 17:45:00,P-104,68.85,4.898,204.29,27.53,1438.4,1.831,2629.22,Normal
2026-03-31 18:00:00,P-102,69.09,5.172,213.56,30.07,1488.8,1.939,2629.24,Normal
2026-03-31 18:15:00,P-102,66.16,4.596,180.18,22.94,1441.7,1.861,2629.26,Normal
2026-03-31 18:30:00,P-103,64.51,4.932,205.64,27.63,1454.7,1.973,2629.27,Normal
2026-03-31 18:45:00,P-101,62.88,4.863,210.21,26.67,1483.2,2.056,2629.28,Normal
2026-03-31 19:00:00,P-101,68.88,5.169,216.08,28.26,1461.9,2.193,2629.3,Normal
2026-03-31 19:15:00,P-101,69.99,4.972,203.56,27.52,1409.4,2.26,2629.32,Normal
2026-03-31 19:30:00,P-102,68.9,4.7,203.82,26.32,1441.3,1.908,2629.33,Normal
2026-03-31 19:45:00,P-103,67.3,5.234,213.94,28.34,1438.2,2.022,2629.34,Normal
2026-03-31 20:00:00,P-103,59.97,4.571,190.17,26.87,1418.6,1.862,2629.36,Normal
2026-03-31 20:15:00,P-101,66.69,4.877,203.66,28.31,1441.4,1.765,2629.38,Normal
2026-03-31 20:30:00,P-103,65.74,4.653,201.93,26.21,1401.0,1.871,2629.39,Normal
2026-03-31 20:45:00,P-104,66.55,4.601,182.61,26.29,1455.9,1.494,2629.4,Normal
2026-03-31 21:00:00,P-104,67.67,4.635,192.39,22.63,1450.1,1.909,2629.42,Normal
2026-03-31 21:15:00,P-101,67.77,4.828,206.85,28.78,1437.3,1.545,2629.44,Normal
2026-03-31 21:30:00,P-102,63.2,4.89,194.35,26.59,1417.4,1.67,2629.45,Normal
2026-03-31 21:45:00,P-102,63.23,4.652,202.66,29.07,1475.1,2.074,2629.46,Normal
2026-03-31 22:00:00,P-101,64.46,4.82,185.08,22.33,1439.8,1.863,2629.48,Normal
2026-03-31 22:15:00,P-103,,4.953,206.54,26.38,1469.8,1.878,2629.5,Normal
2026-03-31 22:30:00,P-104,66.24,4.723,188.04,23.25,1447.7,1.693,2629.51,Normal
2026-03-31 22:45:00,P-104,59.85,4.75,190.3,24.03,1476.3,1.667,2629.52,Normal
2026-03-31 23:00:00,P-102,64.66,4.762,185.81,28.26,1460.5,1.716,2629.54,Normal
2026-03-31 23:15:00,P-101,64.33,4.936,189.78,25.41,1452.0,1.966,2629.56,Normal
2026-03-31 23:30:00,P-104,62.62,4.515,194.53,26.53,1434.9,1.771,2629.57,Normal
2026-03-31 23:45:00,P-103,59.97,4.721,173.49,24.76,1473.4,1.381,2629.58,Normal
2026-04-01 00:00:00,P-104,58.76,4.69,206.78,24.61,1446.3,1.631,2629.6,Normal
2026-04-01 00:15:00,P-102,62.72,4.956,201.68,27.04,1435.3,1.758,2629.62,Normal
2026-04-01 00:30:00,P-103,60.52,4.576,176.0,24.24,1447.2,1.719,2629.63,Normal
2026-04-01 00:45:00,P-102,62.81,4.625,173.74,22.87,1449.2,1.641,2629.64,Normal
2026-04-01 01:00:00,P-101,60.6,4.568,188.46,26.31,1465.7,1.646,2629.66,Normal
2026-04-01 01:15:00,P-101,62.43,4.481,183.99,26.85,1416.1,1.9,2629.68,Normal
2026-04-01 01:30:00,P-104,58.64,4.695,180.75,26.24,1492.9,1.449,2629.69,Normal
2026-04-01 01:45:00,P-101,63.03,4.95,193.45,27.1,1458.3,1.718,2629.7,Normal
2026-04-01 02:00:00,P-104,56.03,4.759,176.44,26.08,1449.7,1.938,2629.72,Normal
2026-04-01 02:15:00,P-104,65.63,4.785,186.45,26.98,1458.0,1.911,2629.74,Normal
2026-04-01 02:30:00,P-104,60.77,4.85,187.65,25.04,1422.4,1.783,2629.75,Normal
2026-04-01 02:45:00,P-104,56.26,4.852,203.26,26.52,1452.2,2.102,2629.76,Normal
2026-04-01 03:00:00,P-104,59.46,4.855,191.18,25.65,1461.7,1.901,2629.78,Normal
2026-04-01 03:15:00,P-101,57.92,4.611,185.91,23.03,1444.7,1.8,2629.8,Normal
2026-04-01 03:30:00,P-102,58.39,4.66,191.76,23.79,1459.4,1.907,2629.81,Normal
2026-04-01 03:45:00,P-103,60.2,4.81,201.45,27.37,1464.3,1.961,2629.82,Normal
2026-04-01 04:00:00,P-102,58.38,4.668,197.05,24.89,1436.9,2.062,2629.84,Normal
2026-04-01 04:15:00,P-102,57.64,4.702,185.92,25.94,1472.5,1.757,2629.86,Normal
2026-04-01 04:30:00,P-104,58.86,4.893,209.65,29.22,1448.9,1.906,2629.87,Normal
2026-04-01 04:45:00,P-101,63.28,4.86,211.76,29.67,1484.3,1.999,2629.88,Normal
2026-04-01 05:00:00,P-102,63.19,4.85,208.57,26.33,1473.6,1.915,2629.9,Normal
2026-04-01 05:15:00,P-102,60.62,4.962,206.19,28.16,1457.3,2.297,2629.92,Normal
2026-04-01 05:30:00,P-101,61.1,4.82,214.52,27.06,1435.4,2.062,2629.93,Normal
2026-04-01 05:45:00,P-101,59.09,5.057,211.31,31.02,1448.0,1.874,2629.94,Normal
2026-04-01 06:00:00,P-104,61.8,4.965,214.39,32.97,1468.1,1.748,2629.96,Normal
2026-04-01 06:15:00,P-102,59.35,4.777,190.58,26.11,1439.9,2.118,2629.98,Normal
2026-04-01 06:30:00,P-101,60.58,4.904,215.76,30.25,1457.8,1.922,2629.99,Normal
2026-04-01 06:45:00,P-101,62.72,5.195,215.92,30.85,1459.8,2.106,2630.0,Normal
2026-04-01 07:00:00,P-102,61.81,5.118,210.53,30.02,1448.0,1.999,2630.02,Normal
2026-04-01 07:15:00,P-102,59.34,4.934,217.28,32.85,1435.2,2.185,2630.04,Normal
2026-04-01 07:30:00,P-102,65.06,5.204,228.16,32.94,1478.8,1.994,2630.05,Normal
2026-04-01 07:45:00,P-102,61.52,5.27,219.18,32.77,1458.6,2.086,2630.06,Normal
2026-04-01 08:00:00,P-101,67.09,5.127,238.39,36.29,1444.6,2.062,2630.08,Normal
2026-04-01 08:15:00,P-101,64.15,5.117,233.51,35.68,1435.8,2.648,2630.1,Normal
2026-04-01 08:30:00,P-104,66.6,5.212,229.63,32.54,1466.2,1.947,2630.11,Normal
2026-04-01 08:45:00,P-103,64.95,4.973,227.25,32.75,1448.8,2.188,2630.12,Normal
2026-04-01 09:00:00,P-101,60.65,4.811,215.0,28.05,1467.6,2.448,2630.14,Normal
2026-04-01 09:15:00,P-103,61.0,5.022,228.77,33.48,1433.4,2.293,2630.16,Normal
2026-04-01 09:30:00,P-102,60.31,5.152,214.63,30.87,1455.4,2.038,2630.17,Normal
2026-04-01 09:45:00,P-103,64.63,5.131,233.59,34.65,1441.4,2.173,2630.18,Normal
2026-04-01 10:00:00,P-103,63.89,5.183,235.05,35.53,1481.3,1.999,2630.2,Normal
2026-04-01 10:15:00,P-104,62.96,5.185,235.65,33.37,1456.6,2.486,2630.22,Normal
2026-04-01 10:30:00,P-101,66.9,5.483,254.22,34.55,1432.1,2.189,2630.23,Normal
2026-04-01 10:45:00,P-102,64.06,5.12,233.92,34.34,1466.8,2.136,2630.24,Normal
2026-04-01 11:00:00,P-103,68.08,5.267,251.75,39.41,1472.2,2.133,2630.26,Normal
2026-04-01 11:15:00,P-103,62.43,5.082,239.35,35.37,1443.9,2.114,2630.28,Normal
2026-04-01 11:30:00,P-102,65.57,5.203,221.45,30.98,1435.4,2.092,2630.29,Normal
2026-04-01 11:45:00,P-104,65.32,5.281,237.14,34.82,1410.3,2.322,2630.3,Normal
2026-04-01 12:00:00,P-102,67.2,5.356,237.75,36.36,1469.8,2.186,2630.32,Normal
2026-04-01 12:15:00,P-102,67.75,5.141,242.49,34.7,1418.4,2.392,2630.34,Normal
2026-04-01 12:30:00,P-102,64.19,5.125,231.93,32.18,1449.1,1.69,2630.35,Normal
2026-04-01 12:45:00,P-103,64.75,5.499,231.57,34.13,1418.9,2.391,2630.36,Normal
2026-04-01 13:00:00,P-101,69.31,5.18,227.31,34.11,1482.4,1.903,2630.38,Normal
2026-04-01 13:15:00,P-103,64.63,5.118,230.36,35.11,1474.0,2.262,2630.4,Normal
2026-04-01 13:30:00,P-102,68.18,5.29,239.3,36.08,1455.4,1.635,2630.41,Normal
2026-04-01 13:45:00,P-102,65.66,5.333,229.56,34.95,1468.9,2.192,2630.42,Normal
2026-04-01 14:00:00,P-103,62.99,5.37,238.02,35.35,1447.6,2.376,2630.44,Normal
2026-04-01 14:15:00,P-103,63.14,,223.95,31.45,1435.2,1.958,2630.46,Normal
2026-04-01 14:30:00,P-104,68.21,5.222,236.54,37.38,1419.8,2.201,2630.47,Normal
2026-04-01 14:45:00,P-101,66.63,5.015,226.27,31.89,1464.3,2.2,2630.48,Normal
2026-04-01 15:00:00,P-103,66.04,4.948,220.86,30.77,1431.8,2.156,2630.5,Normal
2026-04-01 15:15:00,P-101,67.87,4.891,223.38,31.06,1495.5,1.745,2630.52,Normal
2026-04-01 15:30:00,P-102,67.36,5.352,229.94,32.59,1430.0,2.27,2630.53,Normal
2026-04-01 15:45:00,P-104,65.9,5.179,241.34,32.37,1468.2,2.46,2630.54,Normal
2026-04-01 16:00:00,P-103,67.32,5.009,219.79,29.45,1473.0,2.253,2630.56,Normal
2026-04-01 16:15:00,P-104,66.51,5.008,226.84,30.83,1425.9,1.81,2630.58,Normal
2026-04-01 16:30:00,P-103,65.1,5.044,213.78,30.94,1441.9,1.841,2630.59,Normal
2026-04-01 16:45:00,P-104,68.1,5.161,224.59,32.2,1445.9,2.086,2630.6,Normal
2026-04-01 17:00:00,P-101,66.26,4.941,209.59,32.2,1512.7,2.103,2630.62,Normal
2026-04-01 17:15:00,P-103,64.67,5.111,218.89,29.42,1445.6,2.14,2630.64,Normal
2026-04-01 17:30:00,P-104,64.83,4.956,206.48,27.24,1429.5,1.78,2630.65,Normal
2026-04-01 17:45:00,P-101,68.97,4.913,215.09,29.14,1458.9,1.944,2630.66,Normal
2026-04-01 18:00:00,P-101,70.4,4.996,214.95,29.94,1431.1,1.903,2630.68,Normal
2026-04-01 18:15:00,P-103,66.71,5.091,208.37,29.7,1448.9,1.792,2630.7,Normal
2026-04-01 18:30:00,P-104,65.58,4.849,194.0,27.0,1441.8,1.985,2630.71,Normal
2026-04-01 18:45:00,P-104,63.97,4.879,219.43,31.01,1459.3,2.006,2630.72,Normal
2026-04-01 19:00:00,P-103,69.15,4.97,198.88,27.29,1439.9,1.98,2630.74,Normal
2026-04-01 19:15:00,P-104,69.33,4.924,219.79,30.25,1437.5,1.904,2630.76,Normal
2026-04-01 19:30:00,P-102,68.56,5.097,214.52,30.85,1469.4,2.116,2630.77,Normal
2026-04-01 19:45:00,P-104,60.55,4.554,191.11,28.53,1455.2,1.701,2630.78,Normal
2026-04-01 20:00:00,P-101,64.09,4.656,179.21,27.44,1450.5,1.718,2630.8,Normal
2026-04-01 20:15:00,P-103,66.97,5.165,217.8,31.53,1415.4,1.818,2630.82,Normal
2026-04-01 20:30:00,P-102,66.88,4.841,202.71,27.1,1461.2,1.945,2630.83,Normal
2026-04-01 20:45:00,P-103,63.58,4.835,182.18,25.3,1441.5,2.168,2630.84,Normal
2026-04-01 21:00:00,P-104,65.04,4.757,202.22,28.24,1455.0,1.976,2630.86,Normal
2026-04-01 21:15:00,P-102,66.51,4.872,194.35,28.97,1416.8,1.869,2630.88,Normal
2026-04-01 21:30:00,P-101,63.81,4.874,197.88,29.0,1455.0,1.88,2630.89,Normal
2026-04-01 21:45:00,P-103,62.29,4.715,182.93,23.91,1453.5,,2630.9,Normal
2026-04-01 22:00:00,P-101,64.67,5.01,194.06,26.63,1445.9,2.042,2630.92,Normal
2026-04-01 22:15:00,P-102,65.65,4.778,176.74,23.97,1434.1,1.822,2630.94,Normal
2026-04-01 22:30:00,P-101,65.96,4.876,184.95,27.62,1471.0,1.552,2630.95,Normal
2026-04-01 22:45:00,P-102,65.74,4.809,189.2,25.57,1436.6,2.004,2630.96,Normal
2026-04-01 23:00:00,P-103,63.61,4.625,188.91,25.89,1466.4,1.666,2630.98,Normal
2026-04-01 23:15:00,P-103,66.19,4.635,182.08,23.45,1468.8,1.677,2631.0,Normal
2026-04-01 23:30:00,P-101,58.79,4.496,184.1,25.61,1435.0,1.859,2631.01,Normal
2026-04-01 23:45:00,P-104,66.34,4.47,178.65,22.05,1463.5,1.641,2631.02,Normal
2026-04-02 00:00:00,P-101,67.95,4.665,194.24,26.31,1442.3,2.251,2631.04,Normal
2026-04-02 00:15:00,P-101,64.68,,198.6,26.63,1461.5,1.847,2631.06,Normal
2026-04-02 00:30:00,P-103,63.5,4.505,183.95,23.48,1433.2,1.882,2631.07,Normal
2026-04-02 00:45:00,P-101,62.43,4.75,192.3,26.62,1447.9,1.559,2631.08,Normal
2026-04-02 01:00:00,P-104,61.8,4.73,196.01,25.8,1451.4,1.721,2631.1,Normal
2026-04-02 01:15:00,P-101,60.39,4.579,196.8,22.38,1449.5,1.786,2631.12,Normal
2026-04-02 01:30:00,P-102,60.12,4.766,176.71,22.85,1456.9,1.902,2631.13,Normal
2026-04-02 01:45:00,P-103,61.53,4.452,176.21,23.07,1435.4,1.547,2631.14,Normal
2026-04-02 02:00:00,P-104,61.58,4.8,177.19,25.94,1440.1,1.993,2631.16,Normal
2026-04-02 02:15:00,P-104,63.7,4.282,177.26,21.11,1462.8,1.725,2631.18,Normal
2026-04-02 02:30:00,P-103,62.65,4.865,199.72,30.42,1442.6,1.981,2631.19,Normal
2026-04-02 02:45:00,P-104,58.14,4.656,208.41,27.72,1441.0,1.733,2631.2,Normal
2026-04-02 03:00:00,P-103,64.6,4.698,208.4,25.95,1434.8,1.677,2631.22,Normal
2026-04-02 03:15:00,P-102,56.3,4.812,176.8,22.77,1441.7,1.338,2631.24,Normal
2026-04-02 03:30:00,P-101,58.04,4.6,173.81,23.27,1431.5,1.815,2631.25,Normal
2026-04-02 03:45:00,P-103,61.47,4.687,201.75,27.42,1463.1,1.993,2631.26,Normal
2026-04-02 04:00:00,P-104,63.54,5.071,226.63,29.5,1441.9,1.943,2631.28,Normal
2026-04-02 04:15:00,P-101,57.03,4.745,188.98,26.34,1430.5,1.573,2631.3,Normal
2026-04-02 04:30:00,P-103,59.98,4.963,219.4,27.92,1446.3,1.863,2631.31,Normal
2026-04-02 04:45:00,P-102,57.16,4.73,191.09,28.24,1424.9,1.961,2631.32,Normal
2026-04-02 05:00:00,P-104,62.3,4.801,199.03,28.73,1434.6,1.97,2631.34,Normal
2026-04-02 05:15:00,P-103,,4.932,218.99,30.15,1474.4,2.139,2631.36,Normal
2026-04-02 05:30:00,P-104,57.97,4.999,211.25,28.21,1430.4,1.645,2631.37,Normal
2026-04-02 05:45:00,P-104,62.6,4.863,204.61,27.43,1447.4,1.854,2631.38,Normal
2026-04-02 06:00:00,P-102,64.43,4.972,226.2,32.39,1489.7,2.047,2631.4,Normal
2026-04-02 06:15:00,P-103,59.78,5.011,219.77,28.57,1454.5,2.108,2631.42,Normal
2026-04-02 06:30:00,P-101,57.9,5.113,230.58,33.21,1440.8,1.96,2631.43,Normal
2026-04-02 06:45:00,P-104,58.41,5.03,208.31,29.73,1414.2,2.07,2631.44,Normal
2026-04-02 07:00:00,P-102,61.46,5.109,225.94,32.77,1453.0,1.94,2631.46,Normal
2026-04-02 07:15:00,P-102,65.26,5.072,227.73,32.42,1436.2,2.093,2631.48,Normal
2026-04-02 07:30:00,P-104,61.89,5.163,227.58,32.76,1460.0,2.022,2631.49,Normal
2026-04-02 07:45:00,P-101,59.8,4.98,227.23,30.83,1437.8,2.004,2631.5,Normal
2026-04-02 08:00:00,P-104,61.92,5.166,217.15,32.88,1455.0,2.474,2631.52,Normal
2026-04-02 08:15:00,P-103,59.36,5.122,229.18,29.44,1476.0,2.02,2631.54,Normal
2026-04-02 08:30:00,P-101,63.1,4.962,218.19,33.27,1462.1,1.987,2631.55,Normal
2026-04-02 08:45:00,P-104,61.25,5.101,237.72,34.42,1426.3,1.9,2631.56,Normal
2026-04-02 09:00:00,P-104,60.7,5.131,228.63,34.05,1451.6,2.273,2631.58,Normal
2026-04-02 09:15:00,P-104,62.37,4.972,219.11,32.65,1467.3,1.928,2631.6,Normal
2026-04-02 09:30:00,P-104,65.41,5.124,221.94,30.31,1422.6,2.016,2631.61,Normal
2026-04-02 09:45:00,P-104,66.54,5.005,213.48,30.48,1480.4,1.874,2631.62,Normal
2026-04-02 10:00:00,P-101,61.71,5.296,242.17,35.47,1452.5,2.248,2631.64,Normal
2026-04-02 10:15:00,P-103,61.28,5.007,225.05,30.86,1460.4,2.24,2631.66,Normal
2026-04-02 10:30:00,P-103,65.22,5.244,233.63,34.45,1443.8,2.4,2631.67,Normal
2026-04-02 10:45:00,P-104,66.7,5.396,230.2,34.18,1450.8,2.138,2631.68,Normal
2026-04-02 11:00:00,P-102,59.37,5.207,245.07,33.01,1433.9,2.043,2631.7,Normal
2026-04-02 11:15:00,P-103,64.96,5.208,239.79,34.82,1477.8,2.064,2631.72,Normal
2026-04-02 11:30:00,P-101,63.62,5.148,236.32,35.85,1482.3,2.171,2631.73,Normal
2026-04-02 11:45:00,P-102,58.06,4.993,208.87,30.96,1488.6,2.043,2631.74,Normal
2026-04-02 12:00:00,P-101,61.67,5.38,239.77,33.95,1418.2,2.239,2631.76,Normal
2026-04-02 12:15:00,P-103,64.2,5.114,245.51,35.53,1455.9,2.033,2631.78,Normal
2026-04-02 12:30:00,P-101,66.83,5.379,254.41,37.22,1457.8,2.281,2631.79,Normal
2026-04-02 12:45:00,P-103,69.12,5.181,250.13,35.49,1437.3,2.074,2631.8,Normal
2026-04-02 13:00:00,P-103,65.08,5.059,228.67,30.99,1456.7,2.049,2631.82,Normal
2026-04-02 13:15:00,P-103,67.44,5.226,228.68,34.99,1424.1,2.381,2631.84,Normal
2026-04-02 13:30:00,P-101,64.45,4.889,223.28,33.1,1476.5,2.011,2631.85,Normal
2026-04-02 13:45:00,P-102,65.74,5.296,246.72,35.83,1422.4,2.073,2631.86,Normal
2026-04-02 14:00:00,P-102,66.55,5.33,243.38,37.13,1454.5,2.26,2631.88,Normal
2026-04-02 14:15:00,P-104,67.99,5.242,226.66,33.01,1464.2,2.312,2631.9,Normal
2026-04-02 14:30:00,P-102,68.65,5.24,242.6,33.31,1439.2,1.994,2631.91,Normal
2026-04-02 14:45:00,P-104,67.23,5.18,250.34,35.69,1474.7,1.954,2631.92,Normal
2026-04-02 15:00:00,P-101,65.43,5.305,233.99,34.97,1417.2,2.034,2631.94,Normal
2026-04-02 15:15:00,P-104,68.23,5.18,241.01,34.13,1449.4,2.089,2631.96,Normal
2026-04-02 15:30:00,P-104,67.95,5.261,223.65,33.63,1419.6,2.39,2631.97,Normal
2026-04-02 15:45:00,P-101,68.92,4.811,223.54,32.78,1436.1,1.806,2631.98,Normal
2026-04-02 16:00:00,P-103,65.75,5.139,219.98,31.71,1441.1,1.811,2632.0,Normal
2026-04-02 16:15:00,P-102,65.83,5.175,228.47,33.39,1440.0,2.158,2632.02,Normal
2026-04-02 16:30:00,P-101,68.05,5.218,217.71,32.41,1472.9,1.909,2632.03,Normal
2026-04-02 16:45:00,P-104,65.33,5.036,223.09,30.19,1428.9,1.838,2632.04,Normal
2026-04-02 17:00:00,P-104,66.55,5.164,236.35,32.19,1422.0,2.212,2632.06,Normal
2026-04-02 17:15:00,P-104,70.74,5.218,239.26,32.4,1442.2,2.131,2632.08,Normal
2026-04-02 17:30:00,P-103,62.74,5.088,215.09,31.5,1452.0,2.139,2632.09,Normal
2026-04-02 17:45:00,P-102,70.66,4.918,212.11,31.36,1459.1,2.108,2632.1,Normal
2026-04-02 18:00:00,P-103,65.27,4.833,217.09,29.9,1470.8,1.784,2632.12,Normal
2026-04-02 18:15:00,P-103,68.56,4.805,216.56,31.57,1411.3,1.695,2632.14,Normal
2026-04-02 18:30:00,P-103,65.41,4.967,198.81,27.58,1480.4,2.127,2632.15,Normal
2026-04-02 18:45:00,P-101,68.31,5.114,228.69,31.63,1435.3,2.036,2632.16,Normal
2026-04-02 19:00:00,P-102,65.7,4.907,212.78,27.84,1445.0,2.501,2632.18,Normal
2026-04-02 19:15:00,P-104,68.14,4.861,212.36,26.77,1450.4,2.128,2632.2,Normal
2026-04-02 19:30:00,P-102,66.46,5.047,205.88,29.98,1410.9,2.263,2632.21,Normal
2026-04-02 19:45:00,P-102,63.83,4.835,199.86,26.36,1442.2,1.703,2632.22,Normal
2026-04-02 20:00:00,P-104,69.26,4.885,204.17,27.67,1467.9,1.87,2632.24,Normal
2026-04-02 20:15:00,P-102,64.13,4.574,188.08,25.91,1461.4,1.95,2632.26,Normal
2026-04-02 20:30:00,P-102,63.39,4.578,193.26,26.37,1441.0,1.845,2632.27,Normal
2026-04-02 20:45:00,P-101,60.24,4.548,176.84,23.11,1453.8,1.782,2632.28,Normal
2026-04-02 21:00:00,P-102,69.47,4.684,193.75,26.7,1458.3,1.941,2632.3,Normal
2026-04-02 21:15:00,P-101,,4.636,197.88,28.68,1445.3,1.74,2632.32,Normal
2026-04-02 21:30:00,P-104,68.62,4.919,189.15,26.27,1458.9,1.662,2632.33,Normal
2026-04-02 21:45:00,P-104,64.93,4.464,189.6,27.32,1435.6,1.791,2632.34,Normal
2026-04-02 22:00:00,P-103,64.96,4.861,204.74,28.9,1433.0,1.795,2632.36,Normal
2026-04-02 22:15:00,P-103,63.12,4.734,174.4,22.99,1444.7,1.592,2632.38,Normal
2026-04-02 22:30:00,P-103,68.64,4.857,189.34,26.64,1406.5,1.803,2632.39,Normal
2026-04-02 22:45:00,P-102,59.21,4.811,203.05,25.22,1462.5,1.616,2632.4,Normal
2026-04-02 23:00:00,P-101,62.08,4.707,172.08,23.78,1451.5,1.836,2632.42,Normal
2026-04-02 23:15:00,P-101,63.06,4.981,193.96,27.12,1446.0,1.951,2632.44,Normal
2026-04-02 23:30:00,P-103,60.87,4.515,173.03,20.04,1464.3,1.824,2632.45,Normal
2026-04-02 23:45:00,P-103,62.9,4.744,190.11,25.32,1457.0,1.642,2632.46,Normal
2026-04-03 00:00:00,P-101,60.87,4.748,167.63,22.25,1469.1,1.556,2632.48,Normal
2026-04-03 00:15:00,P-104,64.03,4.726,198.34,26.79,1478.4,2.124,2632.5,Normal
2026-04-03 00:30:00,P-101,61.08,4.569,178.44,22.54,1456.0,1.697,2632.51,Normal
2026-04-03 00:45:00,P-102,57.64,,169.37,23.75,1437.0,1.807,2632.52,Normal
2026-04-03 01:00:00,P-101,62.83,4.777,191.16,24.53,1463.0,1.607,2632.54,Normal
2026-04-03 01:15:00,P-103,62.93,4.449,189.33,23.08,1437.1,1.733,2632.56,Normal
2026-04-03 01:30:00,P-102,59.05,4.758,179.23,22.15,1436.3,1.938,2632.57,Normal
2026-04-03 01:45:00,P-104,66.06,4.839,203.29,26.01,1444.7,1.874,2632.58,Normal
2026-04-03 02:00:00,P-103,62.51,4.628,172.22,23.16,1470.8,1.66,2632.6,Normal
2026-04-03 02:15:00,P-102,62.18,4.369,185.62,25.64,1463.5,1.87,2632.62,Normal
2026-04-03 02:30:00,P-102,62.48,4.579,190.25,25.68,1465.9,1.86,2632.63,Normal
2026-04-03 02:45:00,P-104,61.87,5.018,199.08,28.07,1452.2,2.268,2632.64,Normal
2026-04-03 03:00:00,P-104,64.69,4.874,211.1,29.24,1460.2,1.938,2632.66,Normal
2026-04-03 03:15:00,P-102,65.4,4.684,206.47,29.26,1460.8,2.044,2632.68,Normal
2026-04-03 03:30:00,P-104,62.55,4.818,189.91,27.79,1437.6,1.837,2632.69,Normal
2026-04-03 03:45:00,P-101,57.43,4.683,182.23,26.39,1460.6,1.556,2632.7,Normal
2026-04-03 04:00:00,P-104,61.11,4.934,200.6,28.87,1449.9,1.989,2632.72,Normal
2026-04-03 04:15:00,P-104,63.42,4.965,211.82,30.26,1442.7,1.725,2632.74,Normal
2026-04-03 04:30:00,P-102,63.79,5.114,211.71,29.26,1443.6,2.163,2632.75,Normal
2026-04-03 04:45:00,P-104,61.1,4.841,211.79,29.24,1440.1,1.713,2632.76,Normal
2026-04-03 05:00:00,P-102,58.56,4.858,201.43,27.96,1444.9,1.703,2632.78,Normal
2026-04-03 05:15:00,P-101,63.93,4.886,202.29,26.44,1449.9,1.739,2632.8,Normal
2026-04-03 05:30:00,P-102,60.35,5.093,223.89,33.74,1462.0,2.184,2632.81,Normal
2026-04-03 05:45:00,P-103,57.68,4.779,188.71,26.61,1477.2,1.682,2632.82,Normal
2026-04-03 06:00:00,P-102,57.15,4.825,199.23,27.57,1460.2,2.003,2632.84,Normal
2026-04-03 06:15:00,P-103,59.96,5.076,216.91,32.18,1452.1,1.927,2632.86,Normal
2026-04-03 06:30:00,P-104,63.64,4.931,213.48,28.98,1414.0,1.957,2632.87,Normal
2026-04-03 06:45:00,P-104,63.14,5.004,206.79,29.27,1493.5,1.848,2632.88,Normal
2026-04-03 07:00:00,P-103,62.71,5.113,226.72,32.14,1437.3,2.537,2632.9,Normal
2026-04-03 07:15:00,P-103,63.13,5.286,224.77,33.08,1437.8,1.766,2632.92,Normal
2026-04-03 07:30:00,P-101,61.39,4.969,218.23,31.17,1472.8,2.114,2632.93,Normal
2026-04-03 07:45:00,P-104,58.25,5.097,201.04,29.97,1430.2,1.989,2632.94,Normal
2026-04-03 08:00:00,P-103,68.77,5.405,247.06,36.01,1456.7,2.052,2632.96,Normal
2026-04-03 08:15:00,P-103,65.21,5.138,230.85,32.37,1441.7,2.15,2632.98,Normal
2026-04-03 08:30:00,P-102,64.41,5.269,237.66,35.64,1445.5,2.001,2632.99,Normal
2026-04-03 08:45:00,P-102,61.46,5.141,237.7,34.25,1450.9,1.959,2633.0,Normal
2026-04-03 09:00:00,P-103,61.75,5.052,223.83,31.97,1428.5,1.87,2633.02,Normal
2026-04-03 09:15:00,P-101,60.9,5.153,218.6,30.44,1447.8,2.099,2633.04,Normal
2026-04-03 09:30:00,P-101,64.59,5.309,254.64,37.81,1468.5,2.102,2633.05,Normal
2026-04-03 09:45:00,P-104,65.25,5.468,248.64,35.01,1448.7,2.061,2633.06,Normal
2026-04-03 10:00:00,P-102,61.0,4.98,222.9,32.8,1513.0,2.085,2633.08,Normal
2026-04-03 10:15:00,P-104,60.92,5.214,237.56,34.85,1451.6,2.369,2633.1,Normal
2026-04-03 10:30:00,P-103,68.4,5.009,239.75,35.58,1428.5,1.884,2633.11,Normal
2026-04-03 10:45:00,P-101,63.59,5.21,220.31,33.92,1440.6,2.148,2633.12,Normal
2026-04-03 11:00:00,P-103,65.43,5.321,237.09,36.15,1415.2,2.264,2633.14,Normal
2026-04-03 11:15:00,P-103,62.23,5.231,229.09,32.37,1469.4,2.305,2633.16,Normal
2026-04-03 11:30:00,P-104,60.69,5.32,229.81,32.43,1478.9,2.078,2633.17,Normal
2026-04-03 11:45:00,P-101,63.83,5.262,234.91,33.11,1465.2,2.39,2633.18,Normal
2026-04-03 12:00:00,P-103,63.74,5.295,234.4,33.48,1434.9,2.235,2633.2,Normal
2026-04-03 12:15:00,P-103,66.56,5.306,237.41,34.46,1434.3,1.817,2633.22,Normal
2026-04-03 12:30:00,P-101,66.31,5.238,224.81,31.46,1463.3,2.152,2633.23,Normal
2026-04-03 12:45:00,P-101,68.48,5.155,251.53,37.06,1440.6,2.248,2633.24,Normal
2026-04-03 13:00:00,P-104,68.15,5.143,249.89,31.9,1434.5,2.361,2633.26,Normal
2026-04-03 13:15:00,P-104,71.25,5.236,251.37,37.26,1432.5,2.47,2633.28,Normal
2026-04-03 13:30:00,P-101,66.52,5.357,236.58,34.2,1483.6,1.962,2633.29,Normal
2026-04-03 13:45:00,P-103,67.85,5.069,233.44,32.3,1441.6,2.272,2633.3,Normal
2026-04-03 14:00:00,P-103,68.71,5.287,242.47,36.79,1465.0,2.218,2633.32,Normal
2026-04-03 14:15:00,P-103,61.44,5.143,227.4,33.05,1459.9,1.967,2633.34,Normal
2026-04-03 14:30:00,P-103,65.73,5.019,229.6,34.56,1434.7,2.373,2633.35,Normal
2026-04-03 14:45:00,P-101,65.05,5.283,226.17,35.94,1450.7,2.073,2633.36,Normal
2026-04-03 15:00:00,P-101,65.78,4.794,223.48,31.49,1432.0,2.039,2633.38,Normal
2026-04-03 15:15:00,P-101,,5.071,229.78,34.15,1476.1,2.128,2633.4,Normal
2026-04-03 15:30:00,P-102,68.35,5.211,235.53,34.13,1433.6,2.217,2633.41,Normal
2026-04-03 15:45:00,P-103,69.83,5.085,232.68,36.77,1456.6,2.394,2633.42,Normal
2026-04-03 16:00:00,P-102,70.0,5.341,242.18,34.27,1441.1,2.413,2633.44,Normal
2026-04-03 16:15:00,P-101,71.29,5.212,232.53,34.39,1433.4,2.3,2633.46,Normal
2026-04-03 16:30:00,P-104,62.77,5.199,230.42,32.67,1469.4,1.738,2633.47,Normal
2026-04-03 16:45:00,P-102,63.13,5.022,212.23,29.9,1440.6,2.248,2633.48,Normal
2026-04-03 17:00:00,P-102,74.86,5.228,235.8,33.5,1417.1,2.261,2633.5,Normal
2026-04-03 17:15:00,P-104,67.33,4.766,212.32,28.72,1457.6,2.121,2633.52,Normal
2026-04-03 17:30:00,P-103,65.64,4.988,199.12,28.23,1437.3,1.864,2633.53,Normal
2026-04-03 17:45:00,P-102,66.95,5.091,218.78,30.66,1452.8,2.023,2633.54,Normal
2026-04-03 18:00:00,P-101,67.64,5.366,228.35,33.02,1465.4,2.248,2633.56,Normal
2026-04-03 18:15:00,P-102,62.13,5.069,214.21,27.49,1456.4,2.342,2633.58,Normal
2026-04-03 18:30:00,P-104,65.32,4.977,217.48,30.02,1466.0,2.051,2633.59,Normal
2026-04-03 18:45:00,P-104,63.97,4.772,190.48,24.58,1426.6,1.6,2633.6,Normal
2026-04-03 19:00:00,P-102,63.87,4.906,205.96,26.72,1471.6,2.011,2633.62,Normal
2026-04-03 19:15:00,P-103,62.8,4.854,189.72,25.06,1444.6,1.776,2633.64,Normal
2026-04-03 19:30:00,P-101,71.97,5.096,214.05,28.0,1424.3,1.768,2633.65,Normal
2026-04-03 19:45:00,P-102,63.55,4.692,190.5,27.2,1405.8,1.784,2633.66,Normal
2026-04-03 20:00:00,P-103,64.81,4.574,192.58,25.88,1444.4,1.899,2633.68,Normal
2026-04-03 20:15:00,P-104,66.19,4.644,208.41,26.89,1435.8,2.1,2633.7,Normal
2026-04-03 20:30:00,P-102,67.28,4.764,204.39,26.36,1436.1,1.847,2633.71,Normal
2026-04-03 20:45:00,P-101,63.67,4.707,200.15,25.61,1456.0,1.773,2633.72,Normal
2026-04-03 21:00:00,P-102,67.95,5.011,198.67,26.82,1481.0,1.869,2633.74,Normal
2026-04-03 21:15:00,P-101,65.97,4.998,191.08,26.19,1433.8,2.193,2633.76,Normal
2026-04-03 21:30:00,P-102,61.3,4.852,189.19,28.66,1451.7,2.066,2633.77,Normal
2026-04-03 21:45:00,P-102,62.92,4.795,179.03,22.14,1439.8,1.866,2633.78,Normal
2026-04-03 22:00:00,P-104,64.09,4.702,197.35,26.53,1432.2,1.953,2633.8,Normal
2026-04-03 22:15:00,P-102,63.84,4.601,193.68,26.24,1431.7,1.799,2633.82,Normal
2026-04-03 22:30:00,P-103,65.51,4.68,197.4,26.41,1479.6,2.006,2633.83,Normal
2026-04-03 22:45:00,P-104,65.08,4.498,196.46,23.38,1450.2,1.649,2633.84,Normal
2026-04-03 23:00:00,P-101,,4.47,186.13,23.37,1446.6,1.822,2633.86,Normal
2026-04-03 23:15:00,P-104,64.4,4.707,195.13,26.35,1437.7,1.479,2633.88,Normal
2026-04-03 23:30:00,P-103,63.04,4.722,193.13,25.89,1451.2,1.506,2633.89,Normal
2026-04-03 23:45:00,P-101,57.51,4.673,182.68,38.02,1438.5,5.184,2633.9,Normal
2026-04-04 00:00:00,P-101,63.95,4.591,177.25,26.02,1484.7,2.121,2633.92,Normal
2026-04-04 00:15:00,P-104,62.79,4.707,175.96,21.53,1454.5,1.73,2633.94,Normal
2026-04-04 00:30:00,P-102,60.8,4.702,194.07,26.11,1452.5,1.611,2633.95,Normal
2026-04-04 00:45:00,P-104,61.36,4.579,180.25,26.0,1452.1,2.157,2633.96,Normal
2026-04-04 01:00:00,P-101,62.4,4.487,179.18,24.95,1473.5,1.607,2633.98,Normal
2026-04-04 01:15:00,P-101,64.01,4.815,192.03,23.0,1449.6,1.884,2634.0,Normal
2026-04-04 01:30:00,P-104,64.17,4.868,211.86,27.94,1441.4,1.77,2634.01,Normal
2026-04-04 01:45:00,P-102,63.13,4.904,194.31,25.83,1452.9,2.025,2634.02,Normal
2026-04-04 02:00:00,P-101,,4.443,187.9,22.65,1464.2,1.723,2634.04,Normal
2026-04-04 02:15:00,P-102,61.8,4.888,194.65,30.25,1471.3,1.777,2634.06,Normal
2026-04-04 02:30:00,P-102,63.29,4.946,212.99,29.18,1453.9,1.678,2634.07,Normal
2026-04-04 02:45:00,P-101,58.66,4.416,183.79,22.54,1454.1,1.647,2634.08,Normal
2026-04-04 03:00:00,P-103,61.19,4.692,172.78,21.67,1467.9,1.521,2634.1,Normal
2026-04-04 03:15:00,P-102,57.35,4.636,195.3,26.44,1400.8,1.54,2634.12,Normal
2026-04-04 03:30:00,P-102,63.72,4.932,202.44,28.23,1451.6,,2634.13,Normal
2026-04-04 03:45:00,P-101,62.34,5.178,219.14,29.93,1439.5,2.176,2634.14,Normal
2026-04-04 04:00:00,P-104,62.19,4.871,189.23,25.02,1451.0,1.715,2634.16,Normal
2026-04-04 04:15:00,P-103,60.7,4.829,212.93,29.93,1456.4,1.631,2634.18,Normal
2026-04-04 04:30:00,P-104,59.03,4.645,177.5,23.5,1472.4,1.843,2634.19,Normal
2026-04-04 04:45:00,P-102,60.66,4.998,197.6,27.12,1425.1,1.928,2634.2,Normal
2026-04-04 05:00:00,P-101,61.46,4.765,198.9,28.62,1437.1,1.728,2634.22,Normal
2026-04-04 05:15:00,P-102,59.65,4.978,213.09,30.96,1434.0,2.003,2634.24,Normal
2026-04-04 05:30:00,P-102,63.54,5.005,218.85,30.32,1439.1,1.538,2634.25,Normal
2026-04-04 05:45:00,P-102,57.83,5.107,212.93,32.28,1425.3,2.027,2634.26,Normal
2026-04-04 06:00:00,P-102,58.42,4.664,209.08,28.81,1488.5,1.871,2634.28,Normal
2026-04-04 06:15:00,P-103,58.52,5.14,220.22,31.42,1465.7,2.283,2634.3,Normal
2026-04-04 06:30:00,P-104,63.56,4.976,221.55,30.85,1436.0,2.08,2634.31,Normal
2026-04-04 06:45:00,P-101,60.76,4.871,207.6,30.06,1450.3,1.931,2634.32,Normal
2026-04-04 07:00:00,P-104,60.64,4.827,211.73,29.55,1442.2,2.256,2634.34,Normal
2026-04-04 07:15:00,P-101,65.8,5.222,233.32,31.19,1452.8,1.957,2634.36,Normal
2026-04-04 07:30:00,P-103,60.9,5.055,219.0,32.7,1436.2,1.769,2634.37,Normal
2026-04-04 07:45:00,P-103,62.09,5.147,207.23,31.82,1422.6,2.147,2634.38,Normal
2026-04-04 08:00:00,P-104,62.01,5.205,224.6,32.59,1439.7,2.246,2634.4,Normal
2026-04-04 08:15:00,P-102,62.34,5.057,234.32,32.49,1474.9,2.294,2634.42,Normal
2026-04-04 08:30:00,P-103,65.17,5.291,227.34,32.15,1423.3,2.043,2634.43,Normal
2026-04-04 08:45:00,P-101,65.72,5.047,216.09,32.43,1469.7,,2634.44,Normal
2026-04-04 09:00:00,P-102,63.46,5.351,246.37,37.49,1460.1,1.997,2634.46,Normal
2026-04-04 09:15:00,P-102,65.63,5.365,229.79,35.83,1442.8,2.016,2634.48,Normal
2026-04-04 09:30:00,P-104,63.47,5.029,229.85,35.88,1463.5,1.832,2634.49,Normal
2026-04-04 09:45:00,P-104,63.72,5.002,234.06,32.13,1453.8,2.033,2634.5,Normal
2026-04-04 10:00:00,P-104,64.31,5.239,236.42,34.54,1411.5,2.456,2634.52,Normal
2026-04-04 10:15:00,P-103,61.88,5.038,230.75,32.49,1442.7,1.976,2634.54,Normal
2026-04-04 10:30:00,P-101,56.22,5.497,243.56,34.63,1443.2,2.189,2634.55,Normal
2026-04-04 10:45:00,P-103,66.18,5.014,222.19,29.96,1476.0,2.169,2634.56,Normal
2026-04-04 11:00:00,P-101,62.59,5.229,237.78,35.62,1442.8,2.085,2634.58,Normal
2026-04-04 11:15:00,P-104,62.79,5.153,227.1,31.72,1446.2,2.02,2634.6,Normal
2026-04-04 11:30:00,P-102,63.06,5.285,217.42,31.83,1429.1,2.323,2634.61,Normal
2026-04-04 11:45:00,P-103,64.48,5.268,249.59,37.2,1448.9,2.292,2634.62,Normal
2026-04-04 12:00:00,P-103,65.48,5.052,232.33,34.55,1428.6,2.367,2634.64,Normal
2026-04-04 12:15:00,P-102,65.16,5.425,239.33,34.92,1469.5,2.602,2634.66,Normal
2026-04-04 12:30:00,P-103,61.84,5.066,223.61,32.41,1442.4,1.881,2634.67,Normal
2026-04-04 12:45:00,P-104,65.17,5.278,230.51,34.99,1428.6,2.093,2634.68,Normal
2026-04-04 13:00:00,P-103,65.87,5.375,235.46,35.04,1472.1,2.151,2634.7,Normal
2026-04-04 13:15:00,P-102,67.89,5.367,238.46,34.06,1426.5,2.073,2634.72,Normal
2026-04-04 13:30:00,P-101,60.92,4.98,229.56,30.53,1454.6,1.939,2634.73,Normal
2026-04-04 13:45:00,P-102,64.34,5.153,225.3,33.47,1423.2,2.406,2634.74,Normal
2026-04-04 14:00:00,P-103,67.96,4.997,237.87,34.62,1455.3,,2634.76,Normal
2026-04-04 14:15:00,P-102,65.89,5.191,240.7,34.95,1469.2,2.655,2634.78,Normal
2026-04-04 14:30:00,P-104,63.66,5.133,224.35,35.09,1438.3,2.01,2634.79,Normal
2026-04-04 14:45:00,P-102,63.0,4.887,211.84,29.86,1428.8,2.252,2634.8,Normal
2026-04-04 15:00:00,P-101,65.27,4.934,219.81,30.88,1429.3,2.364,2634.82,Normal
2026-04-04 15:15:00,P-104,65.24,5.055,222.53,31.97,1449.0,2.018,2634.84,Normal
2026-04-04 15:30:00,P-103,66.69,5.362,232.19,32.48,1484.7,2.214,2634.85,Normal
2026-04-04 15:45:00,P-101,61.82,4.869,192.78,27.15,1469.2,2.076,2634.86,Normal
2026-04-04 16:00:00,P-103,67.85,4.929,227.32,31.91,1471.1,1.943,2634.88,Normal
2026-04-04 16:15:00,P-103,70.76,5.37,240.61,34.45,1430.7,2.445,2634.9,Normal
2026-04-04 16:30:00,P-102,62.36,4.981,218.75,32.84,1469.7,1.903,2634.91,Normal
2026-04-04 16:45:00,P-103,63.93,5.315,227.85,29.49,1467.8,1.998,2634.92,Normal
2026-04-04 17:00:00,P-103,67.25,4.861,211.2,29.27,1455.5,1.836,2634.94,Normal
2026-04-04 17:15:00,P-104,68.49,4.891,209.03,27.4,1438.6,1.96,2634.96,Normal
2026-04-04 17:30:00,P-101,63.04,5.322,234.12,31.31,1467.5,2.149,2634.97,Normal
2026-04-04 17:45:00,P-102,68.26,4.835,216.58,28.1,1437.8,1.883,2634.98,Normal
2026-04-04 18:00:00,P-102,69.99,4.853,216.95,29.18,1461.8,1.966,2635.0,Normal
2026-04-04 18:15:00,P-102,63.31,4.813,208.45,29.49,1443.1,1.701,2635.02,Normal
2026-04-04 18:30:00,P-103,69.69,4.927,208.13,30.37,1432.3,2.172,2635.03,Normal
2026-04-04 18:45:00,P-103,64.59,5.131,200.17,28.9,1442.7,2.001,2635.04,Normal
2026-04-04 19:00:00,P-104,67.66,4.9,204.9,39.0,1485.4,6.997,2635.06,Normal
2026-04-04 19:15:00,P-101,66.65,4.972,218.9,32.73,1429.0,2.051,2635.08,Normal
2026-04-04 19:30:00,P-102,68.28,4.798,209.27,26.72,1467.8,1.821,2635.09,Normal
2026-04-04 19:45:00,P-102,66.76,4.821,199.33,24.68,1465.1,1.695,2635.1,Normal
2026-04-04 20:00:00,P-103,66.86,4.666,177.04,23.3,1446.7,1.543,2635.12,Normal
2026-04-04 20:15:00,P-101,66.85,,181.57,22.82,1440.1,1.612,2635.14,Normal
2026-04-04 20:30:00,P-101,66.41,4.948,208.23,28.21,1427.5,2.136,2635.15,Normal
2026-04-04 20:45:00,P-101,70.77,4.933,188.4,25.04,1473.2,1.986,2635.16,Normal
2026-04-04 21:00:00,P-101,67.33,4.75,180.12,27.29,1428.6,1.584,2635.18,Normal
2026-04-04 21:15:00,P-102,66.29,4.865,201.38,27.15,1399.8,2.01,2635.2,Normal
2026-04-04 21:30:00,P-102,63.47,5.116,205.01,26.61,1455.5,1.706,2635.21,Normal
2026-04-04 21:45:00,P-104,60.6,4.644,191.26,23.27,1425.7,1.956,2635.22,Normal
2026-04-04 22:00:00,P-101,60.42,4.608,186.86,25.14,1448.0,1.815,2635.24,Normal
2026-04-04 22:15:00,P-102,61.78,4.678,183.73,24.82,1425.8,1.729,2635.26,Normal
2026-04-04 22:30:00,P-101,66.05,4.601,178.71,24.54,1439.5,1.856,2635.27,Normal
2026-04-04 22:45:00,P-103,63.95,4.444,191.7,24.14,1451.2,2.018,2635.28,Normal
2026-04-04 23:00:00,P-103,62.23,4.763,188.53,25.69,1454.9,1.493,2635.3,Normal
2026-04-04 23:15:00,P-102,62.9,4.748,193.54,26.81,1474.1,2.019,2635.32,Normal
2026-04-04 23:30:00,P-101,64.2,4.872,199.89,29.59,1450.0,1.786,2635.33,Normal
2026-04-04 23:45:00,P-102,64.83,4.77,191.1,26.11,1451.9,2.083,2635.34,Normal
2026-04-05 00:00:00,P-104,61.6,4.835,194.79,25.68,1445.7,2.025,2635.36,Normal
2026-04-05 00:15:00,P-103,62.14,4.446,177.28,22.76,1466.6,1.534,2635.38,Normal
2026-04-05 00:30:00,P-103,63.3,4.784,190.34,26.75,1429.6,1.728,2635.39,Normal
2026-04-05 00:45:00,P-104,59.5,4.707,189.23,25.57,1442.1,1.847,2635.4,Normal
2026-04-05 01:00:00,P-101,65.72,4.553,201.24,24.22,1450.0,2.0,2635.42,Normal
2026-04-05 01:15:00,P-103,61.7,4.952,195.68,28.12,1433.7,1.937,2635.44,Normal
2026-04-05 01:30:00,P-102,59.46,4.577,187.73,24.48,1475.1,1.887,2635.45,Normal
2026-04-05 01:45:00,P-104,65.52,4.808,203.27,30.03,1455.7,1.848,2635.46,Normal
2026-04-05 02:00:00,P-104,62.77,4.889,195.61,31.17,1427.9,1.916,2635.48,Normal
2026-04-05 02:15:00,P-102,63.22,4.916,208.63,25.67,1457.4,1.888,2635.5,Normal
2026-04-05 02:30:00,P-104,59.25,4.918,191.58,27.72,1473.6,1.613,2635.51,Normal
2026-04-05 02:45:00,P-102,64.46,4.993,205.99,28.51,1437.0,2.011,2635.52,Normal
2026-04-05 03:00:00,P-102,64.5,4.587,183.67,24.71,1474.5,1.7,2635.54,Normal
2026-04-05 03:15:00,P-101,59.41,4.928,194.23,27.96,1454.6,2.191,2635.56,Normal
2026-04-05 03:30:00,P-102,,4.678,182.75,22.3,1453.6,2.022,2635.57,Normal
2026-04-05 03:45:00,P-103,58.64,4.79,187.15,25.26,1471.6,1.879,2635.58,Normal
2026-04-05 04:00:00,P-103,67.27,4.894,201.18,28.59,1453.7,2.122,2635.6,Normal
2026-04-05 04:15:00,P-103,64.68,4.901,212.77,31.15,1457.0,2.085,2635.62,Normal
2026-04-05 04:30:00,P-103,60.42,4.721,198.4,26.54,1451.7,1.838,2635.63,Normal
2026-04-05 04:45:00,P-103,57.69,4.615,196.75,29.1,1418.4,1.637,2635.64,Normal
2026-04-05 05:00:00,P-102,58.8,5.009,204.34,28.0,1457.4,1.911,2635.66,Normal
2026-04-05 05:15:00,P-104,62.39,4.936,205.29,27.75,1454.5,1.874,2635.68,Normal
2026-04-05 05:30:00,P-102,58.74,4.735,212.04,30.85,1443.2,1.988,2635.69,Normal
2026-04-05 05:45:00,P-101,61.19,5.357,241.07,34.69,1404.1,2.133,2635.7,Normal
2026-04-05 06:00:00,P-102,61.5,5.001,217.95,31.71,1461.2,2.204,2635.72,Normal
2026-04-05 06:15:00,P-103,60.82,4.809,194.2,27.13,1434.5,2.166,2635.74,Normal
2026-04-05 06:30:00,P-103,60.95,4.766,207.98,29.27,1429.7,1.838,2635.75,Normal
2026-04-05 06:45:00,P-102,60.13,4.911,215.03,31.55,1428.0,1.757,2635.76,Normal
2026-04-05 07:00:00,P-104,62.68,4.843,212.19,29.85,1414.7,1.795,2635.78,Normal
2026-04-05 07:15:00,P-102,60.15,5.003,229.96,33.14,1458.3,2.289,2635.8,Normal
2026-04-05 07:30:00,P-101,63.54,5.318,216.52,31.54,1492.4,2.248,2635.81,Normal
2026-04-05 07:45:00,P-102,61.95,5.092,213.1,30.1,1439.6,1.827,2635.82,Normal
2026-04-05 08:00:00,P-102,65.16,5.528,240.65,35.99,1464.8,1.925,2635.84,Normal
2026-04-05 08:15:00,P-103,64.14,5.081,208.33,30.34,1448.3,1.929,2635.86,Normal
2026-04-05 08:30:00,P-103,61.26,5.193,225.27,32.86,1455.0,2.406,2635.87,Normal
2026-04-05 08:45:00,P-104,61.66,5.1,238.07,34.42,1448.8,2.212,2635.88,Normal
2026-04-05 09:00:00,P-104,59.8,5.221,239.09,34.66,1464.1,2.118,2635.9,Normal
2026-04-05 09:15:00,P-103,59.6,5.278,241.79,35.99,1428.3,2.169,2635.92,Normal
2026-04-05 09:30:00,P-102,63.07,5.297,234.26,35.15,1451.8,1.81,2635.93,Normal
2026-04-05 09:45:00,P-103,63.96,5.283,239.36,35.55,1470.4,2.14,2635.94,Normal
2026-04-05 10:00:00,P-102,60.45,5.186,225.77,32.31,1462.6,2.319,2635.96,Normal
2026-04-05 10:15:00,P-104,62.54,5.333,243.17,36.77,1455.9,2.126,2635.98,Normal
2026-04-05 10:30:00,P-103,67.98,5.265,234.83,36.23,1451.8,2.157,2635.99,Normal
2026-04-05 10:45:00,P-103,67.29,5.313,255.48,37.65,1443.5,2.3,2636.0,Normal
2026-04-05 11:00:00,P-101,59.91,5.0,218.7,32.4,1443.7,1.851,2636.02,Normal
2026-04-05 11:15:00,P-101,62.58,5.283,231.83,33.24,1422.0,2.162,2636.04,Normal
2026-04-05 11:30:00,P-102,66.18,5.275,243.98,35.71,1459.1,2.059,2636.05,Normal
2026-04-05 11:45:00,P-104,60.96,5.04,209.31,29.5,1474.6,1.911,2636.06,Normal
2026-04-05 12:00:00,P-104,63.56,5.265,247.52,35.47,1455.3,2.121,2636.08,Normal
2026-04-05 12:15:00,P-101,65.28,5.462,251.1,37.15,1450.3,2.155,2636.1,Normal
2026-04-05 12:30:00,P-101,67.11,4.947,224.18,34.31,1460.8,2.142,2636.11,Normal
2026-04-05 12:45:00,P-101,67.6,5.232,232.61,34.05,1411.9,2.117,2636.12,Normal
2026-04-05 13:00:00,P-101,62.95,4.984,228.33,33.12,1440.9,2.057,2636.14,Normal
2026-04-05 13:15:00,P-104,66.22,5.226,221.03,32.22,1448.7,2.141,2636.16,Normal
2026-04-05 13:30:00,P-101,65.35,5.158,220.45,32.92,1419.3,1.953,2636.17,Normal
2026-04-05 13:45:00,P-101,63.09,4.973,224.65,33.82,1452.9,1.712,2636.18,Normal
2026-04-05 14:00:00,P-102,64.72,5.178,221.03,31.76,1416.7,2.09,2636.2,Normal
2026-04-05 14:15:00,P-104,63.12,5.197,225.38,33.55,1462.4,1.99,2636.22,Normal
2026-04-05 14:30:00,P-104,68.54,5.131,222.98,33.23,1454.1,2.188,2636.23,Normal
2026-04-05 14:45:00,P-103,71.42,5.329,245.71,36.57,1446.6,2.128,2636.24,Normal
2026-04-05 15:00:00,P-103,65.13,5.145,222.04,33.35,1463.7,1.742,2636.26,Normal
2026-04-05 15:15:00,P-104,65.33,5.32,236.98,33.82,1452.6,2.098,2636.28,Normal
2026-04-05 15:30:00,P-101,68.29,5.045,223.46,30.3,1458.6,2.244,2636.29,Normal
2026-04-05 15:45:00,P-103,68.67,5.189,225.11,32.07,1455.1,2.101,2636.3,Normal
2026-04-05 16:00:00,P-101,62.56,4.947,202.12,28.74,1434.5,1.712,2636.32,Normal
2026-04-05 16:15:00,P-104,64.82,5.103,207.09,27.65,1478.2,1.853,2636.34,Normal
2026-04-05 16:30:00,P-102,65.34,4.936,212.44,30.48,1472.4,1.887,2636.35,Normal
2026-04-05 16:45:00,P-104,65.02,4.993,223.99,30.14,1457.7,2.016,2636.36,Normal
2026-04-05 17:00:00,P-103,68.34,5.005,224.3,32.32,1452.7,1.985,2636.38,Normal
2026-04-05 17:15:00,P-103,63.33,4.858,199.83,28.11,1463.5,1.592,2636.4,Normal
2026-04-05 17:30:00,P-101,64.75,4.861,208.99,29.34,1472.7,1.946,2636.41,Normal
2026-04-05 17:45:00,P-102,64.92,5.033,201.1,27.06,1484.3,2.168,2636.42,Normal
2026-04-05 18:00:00,P-102,62.78,4.842,220.89,28.06,1440.3,1.847,2636.44,Normal
2026-04-05 18:15:00,P-104,62.66,4.966,221.07,30.21,1468.8,1.809,2636.46,Normal
2026-04-05 18:30:00,P-103,67.74,4.964,205.53,27.04,1448.4,2.186,2636.47,Normal
2026-04-05 18:45:00,P-102,64.34,,200.73,28.51,1421.0,2.288,2636.48,Normal
2026-04-05 19:00:00,P-103,71.91,5.119,211.67,30.13,1465.1,1.947,2636.5,Normal
2026-04-05 19:15:00,P-101,70.52,,207.01,27.21,1476.4,1.992,2636.52,Normal
2026-04-05 19:30:00,P-103,63.84,4.789,202.16,26.31,1467.5,1.905,2636.53,Normal
2026-04-05 19:45:00,P-104,70.79,4.857,201.62,27.04,1447.0,2.07,2636.54,Normal
2026-04-05 20:00:00,P-102,66.67,5.002,192.27,26.34,1457.0,1.639,2636.56,Normal
2026-04-05 20:15:00,P-102,64.15,5.061,198.25,28.13,1462.6,1.9,2636.58,Normal
2026-04-05 20:30:00,P-104,59.81,4.938,192.73,29.2,1460.3,1.705,2636.59,Normal
2026-04-05 20:45:00,P-101,65.15,4.802,186.84,25.26,1472.1,1.841,2636.6,Normal
2026-04-05 21:00:00,P-103,64.92,4.898,194.92,25.3,1467.0,2.136,2636.62,Normal
2026-04-05 21:15:00,P-103,65.35,4.612,194.9,23.34,1439.6,1.898,2636.64,Normal
2026-04-05 21:30:00,P-101,64.32,4.8,197.88,24.95,1450.5,1.717,2636.65,Normal
2026-04-05 21:45:00,P-104,62.38,5.0,193.71,26.44,1440.9,2.059,2636.66,Normal
2026-04-05 22:00:00,P-104,63.45,4.866,195.88,24.4,1452.9,1.743,2636.68,Normal
2026-04-05 22:15:00,P-104,65.05,4.693,181.1,24.27,1416.4,1.886,2636.7,Normal
2026-04-05 22:30:00,P-103,63.65,4.986,198.17,26.81,1484.7,1.73,2636.71,Normal
2026-04-05 22:45:00,P-102,61.82,4.68,181.3,23.26,1436.0,1.518,2636.72,Normal
2026-04-05 23:00:00,P-101,58.68,4.681,185.15,23.54,1440.8,1.59,2636.74,Normal
2026-04-05 23:15:00,P-103,60.48,4.475,158.42,19.95,1451.5,1.134,2636.76,Normal
2026-04-05 23:30:00,P-103,60.34,4.761,180.5,24.02,1425.2,1.602,2636.77,Normal
2026-04-05 23:45:00,P-102,63.95,4.7,178.71,25.84,1444.0,2.137,2636.78,Normal
2026-04-06 00:00:00,P-101,61.24,4.892,193.83,25.56,1453.0,1.316,2636.8,Normal
2026-04-06 00:15:00,P-103,59.91,4.695,157.3,22.26,1479.7,1.399,2636.82,Normal
2026-04-06 00:30:00,P-104,66.35,4.59,186.75,25.09,1452.6,2.076,2636.83,Normal
2026-04-06 00:45:00,P-101,61.76,4.79,190.81,26.85,1442.7,1.659,2636.84,Normal
2026-04-06 01:00:00,P-102,59.97,4.769,174.14,23.19,1429.7,1.672,2636.86,Normal
2026-04-06 01:15:00,P-102,63.39,4.735,190.35,27.11,1488.5,1.831,2636.88,Normal
2026-04-06 01:30:00,P-101,57.17,4.513,181.08,23.97,1451.4,1.484,2636.89,Normal
2026-04-06 01:45:00,P-104,64.2,4.616,183.66,26.64,1451.5,2.004,2636.9,Normal
2026-04-06 02:00:00,P-104,64.08,4.689,186.03,25.03,1425.3,1.838,2636.92,Normal
2026-04-06 02:15:00,P-102,63.27,4.776,203.18,26.86,1459.4,1.773,2636.94,Normal
2026-04-06 02:30:00,P-102,53.82,4.675,190.58,26.35,1439.4,2.013,2636.95,Normal
2026-04-06 02:45:00,P-103,59.78,4.817,184.97,25.33,1476.5,1.556,2636.96,Normal
2026-04-06 03:00:00,P-104,57.8,4.705,195.19,24.62,1458.4,1.832,2636.98,Normal
2026-04-06 03:15:00,P-102,64.0,5.001,201.47,25.56,1452.3,1.717,2637.0,Normal
2026-04-06 03:30:00,P-104,62.3,4.578,180.96,25.78,1426.2,1.583,2637.01,Normal
2026-04-06 03:45:00,P-101,61.57,4.762,200.39,26.51,1448.2,2.23,2637.02,Normal
2026-04-06 04:00:00,P-103,57.86,4.813,204.11,26.23,1446.2,1.89,2637.04,Normal
2026-04-06 04:15:00,P-103,64.03,4.939,202.97,29.39,1452.2,2.065,2637.06,Normal
2026-04-06 04:30:00,P-102,59.36,4.913,190.13,25.93,1414.5,1.757,2637.07,Normal
2026-04-06 04:45:00,P-102,63.16,4.652,181.65,24.66,1433.6,1.626,2637.08,Normal
2026-04-06 05:00:00,P-101,61.93,5.066,205.63,27.11,1441.1,1.404,2637.1,Normal
2026-04-06 05:15:00,P-102,62.9,4.802,215.89,29.0,1459.0,1.946,2637.12,Normal
2026-04-06 05:30:00,P-103,58.34,4.878,201.37,27.29,1415.3,1.55,2637.13,Normal
2026-04-06 05:45:00,P-101,64.46,4.825,209.88,29.09,1474.9,2.007,2637.14,Normal
2026-04-06 06:00:00,P-102,63.42,5.121,217.94,32.21,1472.4,1.812,2637.16,Normal
2026-04-06 06:15:00,P-102,64.9,5.177,223.89,29.42,1432.1,2.112,2637.18,Normal
2026-04-06 06:30:00,P-101,61.3,5.074,209.87,28.6,1494.4,2.349,2637.19,Normal
2026-04-06 06:45:00,P-104,60.43,4.741,217.86,28.03,1454.3,2.467,2637.2,Normal
2026-04-06 07:00:00,P-104,62.88,4.994,218.58,31.66,1448.0,2.089,2637.22,Normal
2026-04-06 07:15:00,P-102,65.02,5.165,228.09,31.42,1460.7,2.051,2637.24,Normal
2026-04-06 07:30:00,P-102,64.08,5.165,224.43,30.39,1457.5,1.928,2637.25,Normal
2026-04-06 07:45:00,P-103,62.04,5.106,225.25,32.42,1452.1,1.908,2637.26,Normal
2026-04-06 08:00:00,P-104,56.99,4.743,214.81,30.95,1430.5,1.84,2637.28,Normal
2026-04-06 08:15:00,P-101,64.37,5.302,228.93,33.56,1442.1,2.372,2637.3,Normal
2026-04-06 08:30:00,P-101,,5.342,233.3,33.86,1456.4,2.047,2637.31,Normal
2026-04-06 08:45:00,P-103,62.8,5.186,234.22,32.28,1465.0,2.5,2637.32,Normal
2026-04-06 09:00:00,P-103,62.56,5.198,233.3,34.91,1475.9,1.947,2637.34,Normal
2026-04-06 09:15:00,P-104,61.28,5.384,235.87,36.24,1441.8,2.191,2637.36,Normal
2026-04-06 09:30:00,P-103,63.33,5.303,228.02,32.91,1451.4,1.857,2637.37,Normal
2026-04-06 09:45:00,P-102,69.15,5.34,240.12,36.54,1438.1,2.302,2637.38,Normal
2026-04-06 10:00:00,P-101,62.09,5.115,224.9,31.64,1469.7,2.055,2637.4,Normal
2026-04-06 10:15:00,P-102,66.31,5.358,245.88,38.4,1444.4,2.202,2637.42,Normal
2026-04-06 10:30:00,P-101,70.11,5.329,253.78,36.46,1439.4,2.165,2637.43,Normal
2026-04-06 10:45:00,P-101,65.64,5.199,232.11,33.98,1451.1,2.233,2637.44,Normal
2026-04-06 11:00:00,P-103,64.26,5.168,259.72,36.99,1419.9,2.374,2637.46,Normal
2026-04-06 11:15:00,P-104,65.31,5.34,234.91,36.82,1459.7,2.334,2637.48,Normal
2026-04-06 11:30:00,P-104,64.82,5.299,235.71,34.6,1444.4,1.936,2637.49,Normal
2026-04-06 11:45:00,P-103,67.55,5.328,236.01,34.25,1499.8,2.195,2637.5,Normal
2026-04-06 12:00:00,P-101,68.59,5.456,247.39,34.96,1438.9,2.138,2637.52,Normal
2026-04-06 12:15:00,P-101,59.8,5.316,251.48,36.13,1445.2,2.454,2637.54,Normal
2026-04-06 12:30:00,P-101,62.39,5.16,224.88,32.78,1468.3,2.14,2637.55,Normal
2026-04-06 12:45:00,P-103,65.1,5.365,241.76,33.84,1464.1,2.202,2637.56,Normal
2026-04-06 13:00:00,P-104,63.48,5.353,236.79,33.72,1468.6,2.116,2637.58,Normal
2026-04-06 13:15:00,P-104,57.07,5.358,228.29,31.7,1445.0,1.974,2637.6,Normal
2026-04-06 13:30:00,P-101,66.33,5.351,247.93,40.28,1429.4,2.301,2637.61,Normal
2026-04-06 13:45:00,P-101,66.13,5.152,244.3,35.48,1498.0,2.376,2637.62,Normal
2026-04-06 14:00:00,P-102,64.83,5.158,238.88,33.96,1459.3,1.994,2637.64,Normal
2026-04-06 14:15:00,P-102,65.02,5.189,240.26,35.14,1454.1,2.439,2637.66,Normal
2026-04-06 14:30:00,P-101,66.0,4.993,231.6,33.46,1464.5,2.203,2637.67,Normal
2026-04-06 14:45:00,P-102,67.98,5.32,239.8,35.42,1426.5,1.81,2637.68,Normal
2026-04-06 15:00:00,P-103,63.85,5.059,214.23,29.94,1441.8,1.842,2637.7,Normal
2026-04-06 15:15:00,P-102,69.05,5.137,229.65,32.66,1431.2,2.483,2637.72,Normal
2026-04-06 15:30:00,P-103,67.56,5.271,232.84,35.12,1453.0,2.131,2637.73,Normal
2026-04-06 15:45:00,P-104,66.02,5.086,228.0,35.96,1425.2,2.011,2637.74,Normal
2026-04-06 16:00:00,P-101,63.38,4.978,219.54,29.8,1462.1,1.867,2637.76,Normal
2026-04-06 16:15:00,P-103,65.29,4.974,216.19,30.91,1471.3,1.982,2637.78,Normal
2026-04-06 16:30:00,P-104,69.52,5.13,223.44,33.93,1470.6,2.248,2637.79,Normal
2026-04-06 16:45:00,P-104,64.17,4.826,210.6,30.59,1457.9,1.94,2637.8,Normal
2026-04-06 17:00:00,P-102,67.59,4.904,208.64,33.16,1453.5,1.871,2637.82,Normal
2026-04-06 17:15:00,P-103,67.48,5.049,222.5,31.87,1442.5,1.66,2637.84,Normal
2026-04-06 17:30:00,P-102,70.33,5.083,206.62,27.37,1458.1,1.807,2637.85,Normal
2026-04-06 17:45:00,P-104,65.46,4.842,202.48,25.86,1448.0,1.748,2637.86,Normal
2026-04-06 18:00:00,P-101,63.59,4.975,204.1,26.8,1416.3,1.96,2637.88,Normal
2026-04-06 18:15:00,P-101,67.84,4.939,208.29,30.05,1438.9,2.042,2637.9,Normal
2026-04-06 18:30:00,P-102,66.14,4.767,196.26,27.13,1464.3,2.104,2637.91,Normal
2026-04-06 18:45:00,P-102,64.87,4.95,204.43,28.43,1429.7,1.713,2637.92,Normal
2026-04-06 19:00:00,P-104,62.09,4.754,193.01,26.61,1429.4,1.874,2637.94,Normal
2026-04-06 19:15:00,P-102,68.43,4.956,217.55,33.08,1446.4,2.049,2637.96,Normal
2026-04-06 19:30:00,P-103,67.73,4.883,229.5,30.35,1411.0,1.861,2637.97,Normal
2026-04-06 19:45:00,P-102,61.21,4.684,195.79,25.84,1463.1,2.001,2637.98,Normal
2026-04-06 20:00:00,P-104,66.14,4.958,200.5,27.15,1461.5,2.212,2638.0,Normal
2026-04-06 20:15:00,P-101,62.93,4.885,195.05,24.15,1467.0,1.827,2638.02,Normal
2026-04-06 20:30:00,P-101,61.42,4.685,198.92,23.88,1454.0,1.766,2638.03,Normal
2026-04-06 20:45:00,P-103,65.71,4.746,212.11,30.95,1434.6,2.238,2638.04,Normal
2026-04-06 21:00:00,P-102,67.09,4.848,189.26,24.7,1427.9,1.903,2638.06,Normal
2026-04-06 21:15:00,P-101,66.91,4.75,189.31,25.39,1459.9,1.609,2638.08,Normal
2026-04-06 21:30:00,P-104,65.56,4.509,179.46,25.03,1462.9,1.746,2638.09,Normal
2026-04-06 21:45:00,P-101,65.77,4.475,202.03,26.1,1429.9,1.834,2638.1,Normal
2026-04-06 22:00:00,P-104,62.33,4.327,160.84,19.87,1427.5,1.476,2638.12,Normal
2026-04-06 22:15:00,P-102,63.59,4.632,184.22,24.77,1449.7,1.648,2638.14,Normal
2026-04-06 22:30:00,P-103,61.11,4.578,192.13,24.75,1452.5,1.69,2638.15,Normal
2026-04-06 22:45:00,P-104,60.81,4.738,191.8,22.72,1466.8,1.916,2638.16,Normal
2026-04-06 23:00:00,P-102,62.65,4.689,197.34,27.2,1461.9,1.805,2638.18,Normal
2026-04-06 23:15:00,P-101,67.19,4.815,197.37,26.36,1448.6,1.891,2638.2,Normal
2026-04-06 23:30:00,P-102,63.95,4.86,175.97,23.12,1468.6,1.891,2638.21,Normal
2026-04-06 23:45:00,P-102,62.18,4.903,210.51,28.31,1443.7,1.872,2638.22,Normal
2026-04-07 00:00:00,P-103,61.34,4.558,177.7,24.07,1444.4,1.498,2638.24,Normal
2026-04-07 00:15:00,P-103,62.61,4.805,199.15,27.4,1465.3,2.048,2638.26,Normal
2026-04-07 00:30:00,P-104,61.96,4.796,190.27,24.23,1467.2,1.742,2638.27,Normal
2026-04-07 00:45:00,P-101,60.38,4.725,176.68,25.73,1467.7,2.094,2638.28,Normal
2026-04-07 01:00:00,P-101,64.59,4.552,186.92,23.97,1446.8,1.963,2638.3,Normal
2026-04-07 01:15:00,P-101,61.66,4.662,184.16,24.21,1451.3,1.903,2638.32,Normal
2026-04-07 01:30:00,P-101,62.26,4.659,193.08,24.5,1434.4,1.867,2638.33,Normal
2026-04-07 01:45:00,P-101,61.14,4.611,178.79,21.28,1466.2,1.965,2638.34,Normal
2026-04-07 02:00:00,P-102,58.89,4.934,191.84,24.52,1439.4,1.855,2638.36,Normal
2026-04-07 02:15:00,P-104,60.8,4.75,184.55,25.08,1414.1,1.393,2638.38,Normal
2026-04-07 02:30:00,P-101,62.41,4.637,176.86,22.48,1442.1,1.746,2638.39,Normal
2026-04-07 02:45:00,P-101,63.59,4.843,185.45,26.94,1434.6,1.899,2638.4,Normal
2026-04-07 03:00:00,P-102,57.45,4.698,196.29,21.91,1401.3,1.603,2638.42,Normal
2026-04-07 03:15:00,P-103,57.24,4.558,181.1,24.97,1439.7,2.303,2638.44,Normal
2026-04-07 03:30:00,P-103,61.43,5.044,201.58,25.68,1464.1,1.87,2638.45,Normal
2026-04-07 03:45:00,P-101,63.42,4.812,194.44,28.32,1457.4,1.988,2638.46,Normal
2026-04-07 04:00:00,P-101,63.42,4.742,223.05,31.24,1457.4,2.219,2638.48,Normal
2026-04-07 04:15:00,P-104,60.35,4.46,187.15,23.88,1475.7,1.877,2638.5,Normal
2026-04-07 04:30:00,P-104,58.27,5.044,207.58,26.88,1439.6,1.92,2638.51,Normal
2026-04-07 04:45:00,P-103,59.6,4.694,208.93,26.71,1429.4,1.995,2638.52,Normal
2026-04-07 05:00:00,P-101,56.78,5.135,213.8,30.04,1458.9,1.948,2638.54,Normal
2026-04-07 05:15:00,P-104,61.25,4.992,213.36,29.08,1456.4,1.971,2638.56,Normal
2026-04-07 05:30:00,P-103,56.06,5.006,204.66,28.11,1427.2,1.74,2638.57,Normal
2026-04-07 05:45:00,P-104,64.12,4.937,210.25,29.55,1446.8,1.932,2638.58,Normal
2026-04-07 06:00:00,P-103,63.85,4.966,203.79,27.99,1459.7,1.719,2638.6,Normal
2026-04-07 06:15:00,P-104,62.05,5.081,218.98,28.91,1454.9,2.028,2638.62,Normal
2026-04-07 06:30:00,P-101,56.26,4.832,190.52,25.72,1463.2,1.817,2638.63,Normal
2026-04-07 06:45:00,P-101,62.91,4.965,228.64,30.36,1437.9,2.152,2638.64,Normal
2026-04-07 07:00:00,P-104,65.57,5.081,228.2,30.04,1424.5,1.756,2638.66,Normal
2026-04-07 07:15:00,P-103,62.23,4.795,214.03,30.57,1433.6,1.842,2638.68,Normal
2026-04-07 07:30:00,P-103,64.16,5.164,225.68,31.24,1465.6,1.869,2638.69,Normal
2026-04-07 07:45:00,P-103,60.69,5.099,221.21,33.02,1468.6,2.047,2638.7,Normal
2026-04-07 08:00:00,P-104,61.3,5.277,232.32,32.68,1447.0,2.104,2638.72,Normal
2026-04-07 08:15:00,P-101,64.96,5.097,250.77,38.47,1477.2,2.471,2638.74,Normal
2026-04-07 08:30:00,P-102,59.23,5.109,237.81,33.86,1447.1,2.17,2638.75,Normal
2026-04-07 08:45:00,P-101,67.01,5.036,220.3,34.38,1440.8,2.065,2638.76,Normal
2026-04-07 09:00:00,P-102,63.59,5.298,237.98,34.16,1424.6,1.955,2638.78,Normal
2026-04-07 09:15:00,P-102,65.4,5.12,233.82,33.92,1448.6,2.104,2638.8,Normal
2026-04-07 09:30:00,P-103,61.22,5.407,218.89,32.41,1469.1,1.827,2638.81,Normal
2026-04-07 09:45:00,P-104,58.72,5.049,222.33,31.95,1472.8,2.143,2638.82,Normal
2026-04-07 10:00:00,P-101,66.52,5.076,229.69,33.46,1469.2,2.282,2638.84,Normal
2026-04-07 10:15:00,P-104,61.88,5.262,239.47,36.3,1459.0,1.919,2638.86,Normal
2026-04-07 10:30:00,P-103,63.13,4.96,221.55,33.4,1478.7,2.058,2638.87,Normal
2026-04-07 10:45:00,P-104,64.33,5.019,223.04,34.31,1432.6,2.088,2638.88,Normal
2026-04-07 11:00:00,P-104,64.86,5.404,248.18,35.36,1471.3,2.405,2638.9,Normal
2026-04-07 11:15:00,P-102,62.68,5.3,240.93,36.82,1455.1,1.979,2638.92,Normal
2026-04-07 11:30:00,P-104,65.5,5.427,245.32,37.76,1453.8,2.107,2638.93,Normal
2026-04-07 11:45:00,P-104,61.37,5.266,225.21,30.98,1424.4,2.122,2638.94,Normal
2026-04-07 12:00:00,P-103,68.8,5.51,259.58,38.99,1456.1,2.213,2638.96,Normal
2026-04-07 12:15:00,P-101,64.94,4.973,225.3,31.82,1470.8,1.989,2638.98,Normal
2026-04-07 12:30:00,P-104,63.36,5.14,229.45,30.58,1411.7,1.955,2638.99,Normal
2026-04-07 12:45:00,P-104,64.08,5.094,234.85,34.89,1464.3,2.247,2639.0,Normal
2026-04-07 13:00:00,P-102,69.15,5.071,232.74,30.34,1408.9,2.29,2639.02,Normal
2026-04-07 13:15:00,P-102,62.77,5.217,228.69,36.3,1424.5,2.133,2639.04,Normal
2026-04-07 13:30:00,P-102,62.34,5.195,228.6,34.93,1448.3,2.093,2639.05,Normal
2026-04-07 13:45:00,P-103,65.57,4.98,241.25,31.64,1478.5,2.249,2639.06,Normal
2026-04-07 14:00:00,P-102,64.71,5.012,224.57,33.31,1447.7,2.123,2639.08,Normal
2026-04-07 14:15:00,P-104,68.95,5.231,230.56,35.13,1458.5,2.184,2639.1,Normal
2026-04-07 14:30:00,P-101,67.37,5.082,229.03,34.87,1433.6,2.308,2639.11,Normal
2026-04-07 14:45:00,P-102,67.37,5.407,246.28,37.42,1446.5,1.99,2639.12,Normal
2026-04-07 15:00:00,P-102,67.32,5.3,224.45,35.17,1449.0,2.049,2639.14,Normal
2026-04-07 15:15:00,P-102,66.64,4.927,220.4,31.01,1479.3,1.864,2639.16,Normal
2026-04-07 15:30:00,P-102,69.6,4.99,204.12,30.55,1436.5,1.892,2639.17,Normal
2026-04-07 15:45:00,P-102,66.93,5.294,222.24,31.57,1438.1,1.84,2639.18,Normal
2026-04-07 16:00:00,P-102,63.91,4.975,219.14,31.23,1469.4,1.926,2639.2,Normal
2026-04-07 16:15:00,P-101,65.78,4.919,208.14,27.05,1445.6,2.045,2639.22,Normal
2026-04-07 16:30:00,P-102,61.27,5.224,219.71,30.92,1452.0,1.607,2639.23,Normal
2026-04-07 16:45:00,P-103,64.87,4.864,201.66,27.85,1457.8,1.872,2639.24,Normal
2026-04-07 17:00:00,P-104,70.2,5.319,227.26,33.25,1438.5,2.095,2639.26,Normal
2026-04-07 17:15:00,P-104,67.95,4.966,222.22,31.09,1413.1,1.975,2639.28,Normal
2026-04-07 17:30:00,P-104,67.05,4.944,217.02,31.77,1469.4,1.699,2639.29,Normal
2026-04-07 17:45:00,P-104,66.87,4.989,208.2,27.56,1452.1,2.102,2639.3,Normal
2026-04-07 18:00:00,P-102,69.41,5.051,218.7,29.38,1427.0,2.196,2639.32,Normal
2026-04-07 18:15:00,P-104,69.35,4.965,207.51,28.89,1464.0,2.174,2639.34,Normal
2026-04-07 18:30:00,P-104,66.49,4.644,199.48,27.23,1486.2,1.815,2639.35,Normal
2026-04-07 18:45:00,P-101,65.5,4.893,211.23,29.72,1471.5,1.988,2639.36,Normal
2026-04-07 19:00:00,P-103,59.29,4.852,199.91,27.65,1487.5,1.701,2639.38,Normal
2026-04-07 19:15:00,P-101,66.45,4.642,186.1,27.33,1427.9,1.631,2639.4,Normal
2026-04-07 19:30:00,P-102,65.77,4.85,188.45,27.42,1454.5,1.641,2639.41,Normal
2026-04-07 19:45:00,P-102,66.15,4.914,198.51,27.43,1456.4,1.957,2639.42,Normal
2026-04-07 20:00:00,P-104,63.83,4.811,204.01,27.1,1447.9,2.04,2639.44,Normal
2026-04-07 20:15:00,P-103,68.26,5.077,206.94,29.2,1444.1,2.174,2639.46,Normal
2026-04-07 20:30:00,P-102,63.64,4.682,192.37,24.46,1396.7,1.806,2639.47,Normal
2026-04-07 20:45:00,P-103,65.3,4.811,198.13,26.63,1480.5,1.773,2639.48,Normal
2026-04-07 21:00:00,P-101,64.46,4.743,196.9,26.61,1420.9,1.828,2639.5,Normal
2026-04-07 21:15:00,P-104,64.65,4.692,184.42,23.07,1466.3,1.963,2639.52,Normal
2026-04-07 21:30:00,P-104,62.15,4.883,188.07,27.84,1450.2,2.152,2639.53,Normal
2026-04-07 21:45:00,P-101,65.32,4.563,195.74,25.18,1449.5,2.038,2639.54,Normal
2026-04-07 22:00:00,P-103,61.81,4.784,185.44,25.31,1446.3,1.981,2639.56,Normal
2026-04-07 22:15:00,P-103,62.3,4.74,188.85,25.78,1453.6,2.066,2639.58,Normal
2026-04-07 22:30:00,P-101,65.42,4.775,189.72,26.65,1461.5,1.819,2639.59,Normal
2026-04-07 22:45:00,P-102,61.07,4.988,180.32,22.45,1467.1,1.851,2639.6,Normal
2026-04-07 23:00:00,P-101,64.79,4.611,187.09,26.05,1447.7,1.972,2639.62,Normal
2026-04-07 23:15:00,P-102,62.08,4.441,174.23,24.65,1428.3,1.818,2639.64,Normal
2026-04-07 23:30:00,P-102,59.29,4.732,187.55,25.49,1427.7,1.962,2639.65,Normal
2026-04-07 23:45:00,P-104,64.95,4.671,186.63,24.44,1468.7,1.643,2639.66,Normal
2026-04-08 00:00:00,P-102,62.26,4.713,182.29,24.21,1445.1,1.991,2639.68,Normal
2026-04-08 00:15:00,P-104,62.98,4.614,184.69,23.57,1431.6,1.696,2639.7,Normal
2026-04-08 00:30:00,P-103,65.05,4.669,193.26,26.22,1436.6,2.046,2639.71,Normal
2026-04-08 00:45:00,P-103,65.48,4.538,176.7,26.43,1448.3,1.798,2639.72,Normal
2026-04-08 01:00:00,P-104,61.83,4.497,179.85,22.22,1426.9,1.678,2639.74,Normal
2026-04-08 01:15:00,P-101,62.57,4.613,184.94,24.95,1449.4,1.416,2639.76,Normal
2026-04-08 01:30:00,P-102,62.99,4.764,190.81,26.42,1472.6,1.813,2639.77,Normal
2026-04-08 01:45:00,P-102,58.56,4.76,163.65,22.71,1447.9,1.45,2639.78,Normal
2026-04-08 02:00:00,P-104,58.6,4.605,199.79,25.3,1418.2,1.706,2639.8,Normal
2026-04-08 02:15:00,P-104,60.05,4.617,182.74,22.09,1465.6,1.81,2639.82,Normal
2026-04-08 02:30:00,P-104,62.93,4.541,177.33,22.14,1470.0,1.479,2639.83,Normal
2026-04-08 02:45:00,P-103,61.91,4.747,193.77,23.66,1470.9,2.035,2639.84,Normal
2026-04-08 03:00:00,P-102,60.62,4.908,216.28,30.76,1451.1,2.437,2639.86,Normal
2026-04-08 03:15:00,P-104,64.88,,204.89,28.49,1492.0,1.875,2639.88,Normal
2026-04-08 03:30:00,P-103,60.86,4.993,199.37,27.1,1463.2,2.13,2639.89,Normal
2026-04-08 03:45:00,P-102,56.59,4.839,210.46,28.9,1503.8,1.65,2639.9,Normal
2026-04-08 04:00:00,P-102,61.41,4.84,178.93,24.05,1474.3,1.85,2639.92,Normal
2026-04-08 04:15:00,P-102,58.9,4.956,199.55,28.97,1471.6,1.974,2639.94,Normal
2026-04-08 04:30:00,P-104,64.26,4.984,208.08,25.73,1438.8,2.432,2639.95,Normal
2026-04-08 04:45:00,P-103,62.64,4.805,194.71,26.44,1432.9,1.806,2639.96,Normal
2026-04-08 05:00:00,P-104,60.52,5.028,213.89,27.59,1452.1,2.026,2639.98,Normal
2026-04-08 05:15:00,P-104,61.5,4.783,198.42,28.65,1446.5,1.883,2640.0,Normal
2026-04-08 05:30:00,P-102,67.08,4.909,216.88,30.21,1440.3,1.942,2640.01,Normal
2026-04-08 05:45:00,P-104,61.49,5.04,200.09,27.19,1447.7,1.827,2640.02,Normal
2026-04-08 06:00:00,P-102,61.69,4.846,210.53,29.99,1446.4,1.951,2640.04,Normal
2026-04-08 06:15:00,P-103,66.75,4.856,207.11,26.25,1438.5,1.825,2640.06,Normal
2026-04-08 06:30:00,P-104,61.17,4.741,215.82,29.33,1461.8,2.027,2640.07,Normal
2026-04-08 06:45:00,P-104,62.94,4.949,215.08,29.29,1436.5,1.872,2640.08,Normal
2026-04-08 07:00:00,P-101,58.44,4.82,220.64,29.55,1449.2,1.888,2640.1,Normal
2026-04-08 07:15:00,P-104,58.09,4.991,226.75,32.2,1428.1,2.394,2640.12,Normal
2026-04-08 07:30:00,P-103,60.93,5.09,218.18,32.0,1451.8,2.015,2640.13,Normal
2026-04-08 07:45:00,P-104,61.39,5.095,216.57,30.62,1453.6,2.18,2640.14,Normal
2026-04-08 08:00:00,P-104,62.35,4.942,230.3,29.41,1432.7,2.028,2640.16,Normal
2026-04-08 08:15:00,P-104,58.94,5.011,222.95,32.43,1451.3,2.209,2640.18,Normal
2026-04-08 08:30:00,P-101,63.13,5.195,218.62,31.91,1448.2,2.012,2640.19,Normal
2026-04-08 08:45:00,P-101,60.72,5.353,234.36,32.76,1441.7,1.634,2640.2,Normal
2026-04-08 09:00:00,P-103,63.8,5.287,220.45,32.84,1441.9,2.085,2640.22,Normal
2026-04-08 09:15:00,P-101,64.4,4.92,225.42,30.13,1458.1,1.898,2640.24,Normal
2026-04-08 09:30:00,P-103,63.63,5.47,245.42,36.51,1450.5,2.164,2640.25,Normal
2026-04-08 09:45:00,P-101,61.51,5.454,232.74,34.43,1467.2,2.278,2640.26,Normal
2026-04-08 10:00:00,P-103,66.49,4.966,222.7,31.91,1431.3,2.44,2640.28,Normal
2026-04-08 10:15:00,P-103,65.68,5.355,236.0,35.07,1446.6,1.897,2640.3,Normal
2026-04-08 10:30:00,P-104,63.22,5.154,230.09,31.97,1438.9,2.042,2640.31,Normal
2026-04-08 10:45:00,P-104,66.84,5.147,228.69,33.97,1451.1,2.127,2640.32,Normal
2026-04-08 11:00:00,P-102,64.08,5.215,227.62,34.57,1454.8,2.143,2640.34,Normal
2026-04-08 11:15:00,P-101,61.88,5.176,232.52,32.88,1428.7,2.092,2640.36,Normal
2026-04-08 11:30:00,P-103,62.7,5.411,242.62,33.74,1460.7,2.283,2640.37,Normal
2026-04-08 11:45:00,P-103,64.04,5.327,230.97,33.37,1488.9,2.05,2640.38,Normal
2026-04-08 12:00:00,P-102,66.28,5.027,238.67,36.66,1453.1,2.103,2640.4,Normal
2026-04-08 12:15:00,P-103,67.61,5.11,233.46,35.4,1434.4,2.196,2640.42,Normal
2026-04-08 12:30:00,P-103,67.94,5.515,270.15,41.0,1444.7,2.21,2640.43,Normal
2026-04-08 12:45:00,P-103,67.46,5.364,234.38,33.81,1444.2,2.01,2640.44,Normal
2026-04-08 13:00:00,P-104,63.2,4.717,212.14,29.85,1438.0,2.018,2640.46,Normal
2026-04-08 13:15:00,P-102,62.51,5.008,219.19,31.53,1463.0,1.948,2640.48,Normal
2026-04-08 13:30:00,P-103,63.61,5.104,238.33,35.14,1417.2,2.016,2640.49,Normal
2026-04-08 13:45:00,P-101,66.01,5.168,247.02,36.43,1454.9,2.025,2640.5,Normal
2026-04-08 14:00:00,P-103,62.63,5.261,226.54,31.12,1473.2,2.087,2640.52,Normal
2026-04-08 14:15:00,P-101,71.71,5.246,237.74,37.22,1472.1,2.453,2640.54,Normal
2026-04-08 14:30:00,P-103,67.87,4.971,240.95,31.71,1468.4,2.238,2640.55,Normal
2026-04-08 14:45:00,P-101,65.93,5.137,234.3,34.14,1438.1,1.933,2640.56,Normal
2026-04-08 15:00:00,P-101,69.94,5.382,227.09,33.82,1476.2,2.37,2640.58,Normal
2026-04-08 15:15:00,P-101,63.74,4.947,231.11,36.06,1456.6,2.019,2640.6,Normal
2026-04-08 15:30:00,P-103,66.98,5.277,229.72,33.91,1475.6,2.428,2640.61,Normal
2026-04-08 15:45:00,P-102,71.28,5.344,226.67,32.48,1469.5,2.09,2640.62,Normal
2026-04-08 16:00:00,P-103,65.62,5.038,216.63,31.17,1455.7,2.077,2640.64,Normal
2026-04-08 16:15:00,P-103,71.79,5.305,224.55,32.25,1445.6,1.983,2640.66,Normal
2026-04-08 16:30:00,P-101,70.07,5.172,239.35,34.84,1492.6,2.114,2640.67,Normal
2026-04-08 16:45:00,P-103,69.65,5.253,220.63,30.26,1418.0,2.302,2640.68,Normal
2026-04-08 17:00:00,P-102,70.24,5.263,223.98,33.07,1446.9,2.046,2640.7,Normal
2026-04-08 17:15:00,P-103,66.97,5.067,211.69,31.53,1424.7,2.217,2640.72,Normal
2026-04-08 17:30:00,P-102,65.6,4.851,225.77,29.56,1452.1,2.028,2640.73,Normal
2026-04-08 17:45:00,P-101,66.21,4.877,204.34,28.23,1456.4,1.977,2640.74,Normal
2026-04-08 18:00:00,P-101,64.93,4.769,221.76,34.11,1438.4,2.146,2640.76,Normal
2026-04-08 18:15:00,P-103,66.72,5.088,216.75,31.53,1439.8,1.99,2640.78,Normal
2026-04-08 18:30:00,P-101,66.35,5.015,209.87,30.14,1426.2,1.831,2640.79,Normal
2026-04-08 18:45:00,P-101,69.11,4.864,201.66,27.5,1458.1,1.767,2640.8,Normal
2026-04-08 19:00:00,P-104,67.55,4.92,205.71,29.88,1441.6,2.061,2640.82,Normal
2026-04-08 19:15:00,P-103,70.91,5.04,207.01,26.77,1457.6,1.52,2640.84,Normal
2026-04-08 19:30:00,P-104,60.61,4.875,193.67,27.6,1440.6,1.96,2640.85,Normal
2026-04-08 19:45:00,P-104,65.23,5.025,225.04,32.2,1454.4,1.802,2640.86,Normal
2026-04-08 20:00:00,P-104,63.18,4.714,183.79,23.71,1463.3,1.829,2640.88,Normal
2026-04-08 20:15:00,P-103,69.34,5.152,204.27,28.42,1458.6,2.178,2640.9,Normal
2026-04-08 20:30:00,P-103,64.01,4.803,188.07,24.97,1453.8,1.66,2640.91,Normal
2026-04-08 20:45:00,P-102,61.75,4.757,196.19,25.84,1448.1,1.964,2640.92,Normal
2026-04-08 21:00:00,P-103,66.46,5.005,218.45,29.76,1458.6,2.209,2640.94,Normal
2026-04-08 21:15:00,P-102,61.01,4.736,185.52,22.63,1439.2,,2640.96,Normal
2026-04-08 21:30:00,P-103,60.61,4.64,191.31,26.12,1446.5,1.677,2640.97,Normal
2026-04-08 21:45:00,P-103,68.53,4.683,196.75,27.61,1456.2,1.897,2640.98,Normal
2026-04-08 22:00:00,P-102,62.42,4.659,185.37,23.22,1477.7,1.998,2641.0,Normal
2026-04-08 22:15:00,P-104,64.95,4.99,200.76,28.15,1439.0,2.282,2641.02,Normal
2026-04-08 22:30:00,P-104,62.9,4.767,195.1,24.5,1434.1,1.648,2641.03,Normal
2026-04-08 22:45:00,P-103,63.43,4.724,187.14,26.22,1455.1,1.965,2641.04,Normal
2026-04-08 23:00:00,P-102,60.17,4.694,182.76,21.64,1471.7,1.64,2641.06,Normal
2026-04-08 23:15:00,P-101,60.72,4.544,180.79,21.77,1464.6,1.492,2641.08,Normal
2026-04-08 23:30:00,P-103,63.39,4.723,187.99,25.34,1450.4,1.746,2641.09,Normal
2026-04-08 23:45:00,P-104,64.38,4.59,184.13,21.54,1472.1,1.665,2641.1,Normal
2026-04-09 00:00:00,P-103,65.95,4.583,208.89,26.43,1417.4,1.907,2641.12,Normal
2026-04-09 00:15:00,P-101,58.27,4.197,173.25,22.15,1468.2,1.784,2641.14,Normal
2026-04-09 00:30:00,P-104,63.41,4.636,177.85,19.41,1444.3,1.781,2641.15,Normal
2026-04-09 00:45:00,P-102,63.43,4.64,194.04,26.11,1461.3,2.047,2641.16,Normal
2026-04-09 01:00:00,P-101,59.97,4.46,180.39,25.04,1468.1,2.109,2641.18,Normal
2026-04-09 01:15:00,P-102,60.76,4.479,189.84,23.44,1453.5,1.721,2641.2,Normal
2026-04-09 01:30:00,P-103,64.69,5.015,210.16,29.64,1451.3,1.847,2641.21,Normal
2026-04-09 01:45:00,P-103,,4.681,182.02,23.44,1443.0,1.723,2641.22,Normal
2026-04-09 02:00:00,P-104,62.24,4.811,182.15,27.48,1480.4,1.771,2641.24,Normal
2026-04-09 02:15:00,P-104,59.17,4.781,191.2,24.43,1456.2,1.711,2641.26,Normal
2026-04-09 02:30:00,P-101,66.19,4.709,192.55,26.76,1454.0,1.61,2641.27,Normal
2026-04-09 02:45:00,P-102,57.26,4.902,201.26,26.45,1477.2,1.63,2641.28,Normal
2026-04-09 03:00:00,P-104,61.54,4.775,175.42,25.3,1441.0,1.926,2641.3,Normal
2026-04-09 03:15:00,P-103,61.47,4.749,200.16,25.77,1445.5,1.977,2641.32,Normal
2026-04-09 03:30:00,P-104,62.12,4.792,193.19,26.31,1466.9,1.915,2641.33,Normal
2026-04-09 03:45:00,P-103,59.99,4.982,196.22,27.4,1481.9,1.881,2641.34,Normal
2026-04-09 04:00:00,P-102,62.37,4.64,190.15,24.97,1450.8,1.729,2641.36,Normal
2026-04-09 04:15:00,P-103,62.42,5.163,218.04,28.13,1457.0,1.774,2641.38,Normal
2026-04-09 04:30:00,P-104,57.55,4.866,196.19,27.63,1421.4,1.748,2641.39,Normal
2026-04-09 04:45:00,P-101,58.44,4.883,211.12,26.9,1473.1,1.79,2641.4,Normal
2026-04-09 05:00:00,P-101,60.11,4.979,198.18,26.03,1430.5,1.609,2641.42,Normal
2026-04-09 05:15:00,P-103,56.24,4.645,200.69,25.43,1440.3,1.906,2641.44,Normal
2026-04-09 05:30:00,P-104,64.14,,200.56,28.34,1453.4,1.771,2641.45,Normal
2026-04-09 05:45:00,P-104,62.46,4.783,204.76,27.17,1438.3,1.917,2641.46,Normal
2026-04-09 06:00:00,P-102,64.75,4.976,202.29,26.08,1415.1,1.689,2641.48,Normal
2026-04-09 06:15:00,P-101,64.09,5.041,207.08,28.76,1427.8,2.039,2641.5,Normal
2026-04-09 06:30:00,P-102,61.13,4.95,217.43,30.57,1451.8,2.122,2641.51,Normal
2026-04-09 06:45:00,P-104,58.77,5.349,217.22,29.33,1476.9,1.876,2641.52,Normal
2026-04-09 07:00:00,P-103,54.81,4.88,211.66,30.49,1475.5,2.22,2641.54,Normal
2026-04-09 07:15:00,P-103,60.38,5.065,220.28,29.43,1456.9,2.0,2641.56,Normal
2026-04-09 07:30:00,P-103,66.54,5.163,231.22,33.18,1452.8,2.133,2641.57,Normal
2026-04-09 07:45:00,P-104,60.27,5.114,234.0,31.3,1464.4,1.791,2641.58,Normal
2026-04-09 08:00:00,P-104,61.5,5.001,216.0,33.17,1473.9,1.923,2641.6,Normal
2026-04-09 08:15:00,P-102,59.7,5.119,213.61,30.15,1452.1,1.877,2641.62,Normal
2026-04-09 08:30:00,P-104,62.17,4.929,213.09,30.77,1452.7,2.162,2641.63,Normal
2026-04-09 08:45:00,P-104,64.22,4.821,207.77,29.33,1453.7,2.195,2641.64,Normal
2026-04-09 09:00:00,P-104,60.5,5.144,235.41,36.37,1468.2,2.083,2641.66,Normal
2026-04-09 09:15:00,P-102,60.4,5.394,241.1,35.4,1425.4,2.178,2641.68,Normal
2026-04-09 09:30:00,P-102,65.57,5.257,224.63,31.27,1450.3,2.225,2641.69,Normal
2026-04-09 09:45:00,P-102,64.36,4.903,227.07,33.07,1457.2,2.035,2641.7,Normal
2026-04-09 10:00:00,P-103,62.13,5.227,230.74,33.32,1415.9,1.823,2641.72,Normal
2026-04-09 10:15:00,P-102,66.59,4.895,227.72,35.33,1466.5,2.216,2641.74,Normal
2026-04-09 10:30:00,P-104,61.23,5.258,241.98,35.59,1469.4,2.25,2641.75,Normal
2026-04-09 10:45:00,P-103,65.79,5.055,234.93,33.95,1415.0,2.186,2641.76,Normal
2026-04-09 11:00:00,P-102,65.91,5.525,256.04,38.05,1442.6,2.451,2641.78,Normal
2026-04-09 11:15:00,P-101,66.83,5.414,244.59,36.71,1443.2,2.419,2641.8,Normal
2026-04-09 11:30:00,P-101,60.48,5.473,252.83,37.91,1434.0,2.349,2641.81,Normal
2026-04-09 11:45:00,P-102,64.76,5.264,236.43,34.83,1436.5,1.989,2641.82,Normal
2026-04-09 12:00:00,P-104,66.14,5.179,233.08,35.11,1440.6,1.862,2641.84,Normal
2026-04-09 12:15:00,P-104,65.47,5.113,247.36,33.91,1461.0,2.259,2641.86,Normal
2026-04-09 12:30:00,P-104,67.68,5.083,233.14,34.87,1472.5,2.149,2641.87,Normal
2026-04-09 12:45:00,P-103,69.54,5.495,247.82,38.64,1459.9,2.28,2641.88,Normal
2026-04-09 13:00:00,P-101,63.79,5.311,250.93,36.21,1433.6,2.482,2641.9,Normal
2026-04-09 13:15:00,P-103,67.72,5.262,244.94,35.22,1464.2,2.331,2641.92,Normal
2026-04-09 13:30:00,P-101,63.73,5.382,236.87,35.02,1460.9,2.121,2641.93,Normal
2026-04-09 13:45:00,P-101,67.61,5.213,243.95,36.77,1397.2,2.113,2641.94,Normal
2026-04-09 14:00:00,P-102,66.19,5.161,211.68,30.24,1472.3,2.166,2641.96,Normal
2026-04-09 14:15:00,P-104,65.96,5.218,251.54,37.37,1452.4,2.323,2641.98,Normal
2026-04-09 14:30:00,P-102,67.8,5.345,236.68,33.41,1453.1,2.073,2641.99,Normal
2026-04-09 14:45:00,P-104,63.94,5.112,221.24,32.18,1418.6,1.539,2642.0,Normal
2026-04-09 15:00:00,P-104,64.43,5.209,214.99,31.77,1479.1,1.89,2642.02,Normal
2026-04-09 15:15:00,P-104,66.51,4.915,215.75,30.4,1456.1,2.152,2642.04,Normal
2026-04-09 15:30:00,P-104,65.24,5.455,230.28,34.17,1464.0,1.896,2642.05,Normal
2026-04-09 15:45:00,P-102,63.64,5.266,218.24,31.39,1426.2,2.122,2642.06,Normal
2026-04-09 16:00:00,P-104,68.99,5.172,235.73,33.58,1459.2,2.16,2642.08,Normal
2026-04-09 16:15:00,P-101,67.82,5.333,236.5,32.64,1459.6,1.949,2642.1,Normal
2026-04-09 16:30:00,P-103,62.76,4.977,219.06,31.3,1447.2,2.171,2642.11,Normal
2026-04-09 16:45:00,P-103,68.19,4.88,217.77,30.6,1426.7,2.007,2642.12,Normal
2026-04-09 17:00:00,P-104,64.45,5.018,209.98,29.6,1448.9,1.922,2642.14,Normal
2026-04-09 17:15:00,P-103,63.05,4.877,210.26,31.77,1432.8,1.785,2642.16,Normal
2026-04-09 17:30:00,P-104,63.23,5.394,239.49,32.13,1437.4,2.392,2642.17,Normal
2026-04-09 17:45:00,P-104,69.06,5.183,219.32,32.73,1470.9,1.824,2642.18,Normal
2026-04-09 18:00:00,P-103,64.17,4.974,205.95,29.11,1451.6,1.747,2642.2,Normal
2026-04-09 18:15:00,P-101,62.93,4.919,209.66,27.36,1448.5,1.957,2642.22,Normal
2026-04-09 18:30:00,P-101,67.49,5.05,197.51,28.46,1428.8,1.777,2642.23,Normal
2026-04-09 18:45:00,P-103,67.9,4.962,205.77,27.71,1449.2,2.325,2642.24,Normal
2026-04-09 19:00:00,P-103,63.79,4.814,205.45,28.38,1447.3,1.73,2642.26,Normal
2026-04-09 19:15:00,P-101,68.26,4.749,214.79,27.74,1432.3,2.097,2642.28,Normal
2026-04-09 19:30:00,P-101,69.3,4.896,197.27,27.81,1469.5,2.15,2642.29,Normal
2026-04-09 19:45:00,P-102,67.6,4.808,190.04,26.91,1468.7,1.972,2642.3,Normal
2026-04-09 20:00:00,P-104,68.3,5.199,202.67,28.15,1436.1,1.776,2642.32,Normal
2026-04-09 20:15:00,P-104,64.83,4.703,190.31,22.8,1457.1,1.872,2642.34,Normal
2026-04-09 20:30:00,P-101,64.71,4.907,211.0,26.34,1416.7,2.158,2642.35,Normal
2026-04-09 20:45:00,P-103,64.73,4.83,200.42,26.44,1455.7,1.591,2642.36,Normal
2026-04-09 21:00:00,P-104,64.01,4.693,184.31,23.56,1464.1,1.941,2642.38,Normal
2026-04-09 21:15:00,P-102,61.84,4.661,194.87,27.42,1429.8,1.94,2642.4,Normal
2026-04-09 21:30:00,P-104,61.12,4.595,173.36,19.93,1450.3,2.076,2642.41,Normal
2026-04-09 21:45:00,P-103,61.63,4.907,190.36,25.92,1452.3,1.949,2642.42,Normal
2026-04-09 22:00:00,P-104,64.25,4.674,187.26,26.23,1502.0,1.837,2642.44,Normal
2026-04-09 22:15:00,P-102,65.62,4.989,208.82,27.93,1496.5,2.053,2642.46,Normal
2026-04-09 22:30:00,P-101,63.11,4.829,195.71,26.42,1455.8,1.655,2642.47,Normal
2026-04-09 22:45:00,P-102,64.25,4.667,182.92,21.73,1438.1,1.599,2642.48,Normal
2026-04-09 23:00:00,P-102,59.1,4.665,167.7,23.47,1454.4,1.697,2642.5,Normal
2026-04-09 23:15:00,P-101,60.83,4.61,178.54,23.38,1470.3,1.664,2642.52,Normal
2026-04-09 23:30:00,P-101,63.47,4.418,184.68,24.55,1419.9,1.618,2642.53,Normal
2026-04-09 23:45:00,P-103,66.36,4.833,206.45,29.57,1412.4,2.277,2642.54,Normal
2026-04-10 00:00:00,P-103,60.74,4.6,185.88,26.57,1429.4,2.122,2642.56,Normal
2026-04-10 00:15:00,P-103,63.68,4.529,191.1,26.39,1463.7,1.399,2642.58,Normal
2026-04-10 00:30:00,P-101,60.2,4.664,190.1,24.03,1464.8,1.792,2642.59,Normal
2026-04-10 00:45:00,P-101,61.42,4.713,190.88,24.15,1458.0,1.578,2642.6,Normal
2026-04-10 01:00:00,P-104,62.16,4.829,191.27,27.47,1470.0,2.011,2642.62,Normal
2026-04-10 01:15:00,P-101,63.96,4.677,197.05,26.68,1446.7,1.916,2642.64,Normal
2026-04-10 01:30:00,P-104,62.58,4.759,186.48,27.08,1445.1,2.096,2642.65,Normal
2026-04-10 01:45:00,P-102,61.12,4.768,181.26,24.47,1456.9,1.6,2642.66,Normal
2026-04-10 02:00:00,P-102,60.45,4.813,211.24,27.62,1480.8,1.75,2642.68,Normal
2026-04-10 02:15:00,P-103,61.85,4.783,184.71,25.02,1457.4,1.773,2642.7,Normal
2026-04-10 02:30:00,P-103,61.97,4.907,189.09,26.67,1448.3,1.702,2642.71,Normal
2026-04-10 02:45:00,P-101,60.05,4.289,178.48,22.0,1457.3,1.658,2642.72,Normal
2026-04-10 03:00:00,P-101,60.0,4.869,198.46,26.77,1475.6,2.104,2642.74,Normal
2026-04-10 03:15:00,P-104,63.06,4.941,196.13,25.74,1443.5,1.952,2642.76,Normal
2026-04-10 03:30:00,P-101,58.1,4.773,191.26,27.33,1441.9,1.823,2642.77,Normal
2026-04-10 03:45:00,P-103,59.56,4.95,198.29,25.79,1441.5,1.866,2642.78,Normal
2026-04-10 04:00:00,P-101,59.73,4.859,191.43,27.12,1464.7,1.571,2642.8,Normal
2026-04-10 04:15:00,P-101,57.73,5.03,190.48,30.04,1436.0,1.527,2642.82,Normal
2026-04-10 04:30:00,P-103,60.62,4.978,201.83,29.2,1461.5,2.157,2642.83,Normal
2026-04-10 04:45:00,P-104,61.92,5.163,210.61,31.32,1423.5,1.823,2642.84,Normal
2026-04-10 05:00:00,P-101,56.66,4.915,196.04,27.21,1445.3,2.178,2642.86,Normal
2026-04-10 05:15:00,P-103,60.9,4.839,208.32,31.09,1449.0,1.947,2642.88,Normal
2026-04-10 05:30:00,P-101,57.05,4.852,211.16,30.43,1482.2,1.976,2642.89,Normal
2026-04-10 05:45:00,P-102,65.07,5.029,206.11,30.21,1467.5,2.087,2642.9,Normal
2026-04-10 06:00:00,P-104,61.75,5.108,209.32,31.54,1443.6,2.162,2642.92,Normal
2026-04-10 06:15:00,P-104,60.24,4.828,201.05,27.84,1440.7,1.818,2642.94,Normal
2026-04-10 06:30:00,P-103,62.0,5.243,226.09,31.77,1437.9,2.03,2642.95,Normal
2026-04-10 06:45:00,P-103,61.33,4.841,210.76,26.93,1429.8,1.919,2642.96,Normal
2026-04-10 07:00:00,P-101,62.73,5.003,209.64,31.2,1479.1,2.033,2642.98,Normal
2026-04-10 07:15:00,P-102,56.37,4.927,207.63,26.85,1436.4,1.952,2643.0,Normal
2026-04-10 07:30:00,P-101,64.48,4.898,220.88,32.78,1481.0,1.907,2643.01,Normal
2026-04-10 07:45:00,P-101,66.09,5.221,227.61,35.86,1451.8,2.183,2643.02,Normal
2026-04-10 08:00:00,P-101,61.8,5.38,213.89,33.2,1448.5,1.8,2643.04,Normal
2026-04-10 08:15:00,P-104,62.52,5.067,226.76,36.01,1451.8,2.119,2643.06,Normal
2026-04-10 08:30:00,P-102,57.66,5.421,238.84,38.06,1471.8,2.252,2643.07,Normal
2026-04-10 08:45:00,P-102,60.16,5.046,233.26,32.06,1434.6,1.946,2643.08,Normal
2026-04-10 09:00:00,P-101,63.16,4.98,220.69,32.62,1459.1,2.011,2643.1,Normal
2026-04-10 09:15:00,P-102,64.97,4.947,227.81,30.1,1449.3,1.985,2643.12,Normal
2026-04-10 09:30:00,P-102,64.67,5.297,234.09,33.54,1457.3,2.034,2643.13,Normal
2026-04-10 09:45:00,P-104,62.52,5.033,231.06,32.26,1446.3,2.228,2643.14,Normal
2026-04-10 10:00:00,P-101,67.17,5.306,224.43,33.83,1443.5,2.186,2643.16,Normal
2026-04-10 10:15:00,P-101,66.73,5.237,245.15,34.92,1459.5,2.374,2643.18,Normal
2026-04-10 10:30:00,P-101,63.87,5.327,238.8,35.17,1425.1,2.582,2643.19,Normal
2026-04-10 10:45:00,P-104,67.32,5.127,225.66,32.24,1475.1,2.249,2643.2,Normal
2026-04-10 11:00:00,P-104,61.04,4.963,235.52,34.55,1451.9,1.828,2643.22,Normal
2026-04-10 11:15:00,P-102,60.71,5.217,236.31,33.82,1440.1,2.011,2643.24,Normal
2026-04-10 11:30:00,P-102,64.16,5.334,240.85,38.51,1456.6,2.436,2643.25,Normal
2026-04-10 11:45:00,P-102,64.09,5.479,249.21,36.31,1437.5,2.157,2643.26,Normal
2026-04-10 12:00:00,P-101,66.53,5.368,251.62,40.38,1451.4,2.239,2643.28,Normal
2026-04-10 12:15:00,P-103,66.4,5.099,224.31,34.31,1451.5,2.192,2643.3,Normal
2026-04-10 12:30:00,P-104,64.78,5.279,235.69,33.54,1472.6,2.082,2643.31,Normal
2026-04-10 12:45:00,P-102,65.9,5.457,247.92,37.22,1455.0,2.5,2643.32,Normal
2026-04-10 13:00:00,P-101,65.05,5.098,224.37,32.3,1429.8,2.084,2643.34,Normal
2026-04-10 13:15:00,P-102,60.46,5.065,234.6,31.71,1460.5,2.576,2643.36,Normal
2026-04-10 13:30:00,P-101,62.1,5.144,233.89,33.46,1463.0,2.021,2643.37,Normal
2026-04-10 13:45:00,P-101,62.72,4.855,209.75,29.48,1421.0,1.866,2643.38,Normal
2026-04-10 14:00:00,P-103,64.29,5.263,233.0,35.51,1428.6,1.993,2643.4,Normal
2026-04-10 14:15:00,P-102,65.47,5.049,234.39,32.03,1486.2,1.977,2643.42,Normal
2026-04-10 14:30:00,P-103,70.47,5.415,242.91,36.49,1444.0,2.329,2643.43,Normal
2026-04-10 14:45:00,P-104,66.16,5.199,231.47,33.93,1444.5,1.874,2643.44,Normal
2026-04-10 15:00:00,P-102,62.35,5.168,214.49,31.49,1449.4,1.851,2643.46,Normal
2026-04-10 15:15:00,P-101,64.47,4.834,226.28,33.78,1438.5,2.177,2643.48,Normal
2026-04-10 15:30:00,P-101,68.37,4.735,208.08,29.22,1418.1,1.574,2643.49,Normal
2026-04-10 15:45:00,P-104,68.81,5.166,214.29,30.49,1429.8,1.742,2643.5,Normal
2026-04-10 16:00:00,P-103,68.43,5.076,227.16,33.77,1438.5,2.099,2643.52,Normal
2026-04-10 16:15:00,P-103,62.9,4.891,221.02,31.33,1440.9,2.118,2643.54,Normal
2026-04-10 16:30:00,P-101,68.06,5.132,224.99,31.5,1436.2,2.044,2643.55,Normal
2026-04-10 16:45:00,P-103,65.62,4.909,204.04,27.58,1423.1,1.998,2643.56,Normal
2026-04-10 17:00:00,P-101,66.36,4.999,214.83,30.24,1440.0,1.857,2643.58,Normal
2026-04-10 17:15:00,P-104,64.8,5.036,208.5,29.18,1470.1,2.259,2643.6,Normal
2026-04-10 17:30:00,P-102,66.49,5.131,213.62,31.52,1437.9,2.225,2643.61,Normal
2026-04-10 17:45:00,P-101,65.57,5.082,224.16,31.32,1446.7,1.886,2643.62,Normal
2026-04-10 18:00:00,P-104,64.36,5.19,221.28,30.4,1476.0,1.985,2643.64,Normal
2026-04-10 18:15:00,P-104,70.61,5.089,219.32,32.92,1437.6,1.707,2643.66,Normal
2026-04-10 18:30:00,P-103,67.73,4.896,209.39,29.5,1505.0,2.102,2643.67,Normal
2026-04-10 18:45:00,P-104,66.59,5.134,213.31,28.05,1466.1,1.795,2643.68,Normal
2026-04-10 19:00:00,P-102,65.73,4.872,195.69,25.08,1451.4,1.774,2643.7,Normal
2026-04-10 19:15:00,P-104,65.66,4.678,192.73,23.56,1445.5,1.805,2643.72,Normal
2026-04-10 19:30:00,P-101,71.47,4.923,207.6,28.71,1474.2,1.709,2643.73,Normal
2026-04-10 19:45:00,P-102,66.06,4.768,192.12,24.85,1437.5,1.66,2643.74,Normal
2026-04-10 20:00:00,P-104,67.7,4.816,202.59,28.38,1442.2,1.991,2643.76,Normal
2026-04-10 20:15:00,P-103,65.37,4.764,197.64,38.66,1478.9,4.143,2643.78,Normal
2026-04-10 20:30:00,P-103,65.04,4.735,209.74,44.81,1443.2,5.783,2643.79,Normal
2026-04-10 20:45:00,P-103,67.85,4.441,195.75,25.74,1441.6,1.991,2643.8,Normal
2026-04-10 21:00:00,P-101,66.17,4.739,192.25,26.41,1438.1,1.703,2643.82,Normal
2026-04-10 21:15:00,P-101,63.14,4.828,199.05,26.32,1415.2,1.794,2643.84,Normal
2026-04-10 21:30:00,P-101,64.73,4.565,192.11,23.16,1468.3,1.716,2643.85,Normal
2026-04-10 21:45:00,P-101,65.35,4.847,191.12,25.85,1449.2,1.715,2643.86,Normal
2026-04-10 22:00:00,P-101,59.78,4.653,188.11,26.84,1469.3,2.118,2643.88,Normal
2026-04-10 22:15:00,P-104,61.72,4.835,183.44,27.16,1447.0,1.851,2643.9,Normal
2026-04-10 22:30:00,P-103,64.02,4.734,191.02,23.25,1442.4,1.491,2643.91,Normal
2026-04-10 22:45:00,P-102,59.09,4.968,186.69,23.18,1438.1,1.687,2643.92,Normal
2026-04-10 23:00:00,P-102,60.76,4.917,190.5,26.48,1462.3,1.819,2643.94,Normal
2026-04-10 23:15:00,P-101,62.04,4.492,180.67,24.9,1435.5,1.853,2643.96,Normal
2026-04-10 23:30:00,P-103,63.51,4.786,181.62,25.37,1456.9,2.098,2643.97,Normal
2026-04-10 23:45:00,P-104,62.32,4.751,171.9,22.85,1450.7,1.84,2643.98,Normal
2026-04-11 00:00:00,P-103,65.94,4.484,190.98,25.11,1431.2,1.779,2644.0,Normal
2026-04-11 00:15:00,P-101,63.1,4.836,188.33,27.03,1441.9,1.687,2644.02,Normal
2026-04-11 00:30:00,P-102,62.1,4.881,199.29,25.76,1450.2,2.107,2644.03,Normal
2026-04-11 00:45:00,P-104,59.24,4.689,190.29,26.52,1444.4,1.757,2644.04,Normal
2026-04-11 01:00:00,P-103,61.88,4.505,189.8,28.99,1484.1,1.608,2644.06,Normal
2026-04-11 01:15:00,P-104,63.94,4.745,193.25,25.08,1454.2,1.918,2644.08,Normal
2026-04-11 01:30:00,P-102,64.25,4.751,201.04,26.74,1446.5,1.658,2644.09,Normal
2026-04-11 01:45:00,P-104,62.94,5.0,198.37,25.31,1443.5,1.996,2644.1,Normal
2026-04-11 02:00:00,P-103,63.98,4.867,205.66,26.88,1445.9,1.847,2644.12,Normal
2026-04-11 02:15:00,P-103,63.91,4.681,187.33,25.98,1439.1,1.765,2644.14,Normal
2026-04-11 02:30:00,P-104,60.14,4.566,184.44,21.93,1435.2,1.263,2644.15,Normal
2026-04-11 02:45:00,P-103,64.69,4.866,197.13,26.22,1460.8,2.078,2644.16,Normal
2026-04-11 03:00:00,P-101,60.12,4.856,213.92,28.81,1477.7,1.687,2644.18,Normal
2026-04-11 03:15:00,P-101,62.21,4.838,202.29,29.29,1441.9,1.825,2644.2,Normal
2026-04-11 03:30:00,P-101,61.0,4.953,221.24,29.72,1457.7,1.982,2644.21,Normal
2026-04-11 03:45:00,P-104,64.37,4.928,209.79,28.58,1438.0,1.97,2644.22,Normal
2026-04-11 04:00:00,P-103,59.18,4.58,211.34,28.35,1451.9,2.341,2644.24,Normal
2026-04-11 04:15:00,P-102,60.34,4.951,207.33,30.19,1426.4,1.604,2644.26,Normal
2026-04-11 04:30:00,P-102,55.5,4.811,186.8,24.91,1434.6,1.759,2644.27,Normal
2026-04-11 04:45:00,P-103,62.44,4.935,209.83,28.04,1434.0,2.082,2644.28,Normal
2026-04-11 05:00:00,P-104,63.13,4.797,198.81,28.26,1447.4,1.821,2644.3,Normal
2026-04-11 05:15:00,P-101,63.11,4.928,210.54,28.0,1428.9,1.957,2644.32,Normal
2026-04-11 05:30:00,P-103,62.8,5.038,210.21,30.0,1409.7,2.425,2644.33,Normal
2026-04-11 05:45:00,P-101,63.3,4.919,212.78,27.97,1425.3,2.008,2644.34,Normal
2026-04-11 06:00:00,P-102,62.55,5.064,209.28,26.61,1446.9,2.226,2644.36,Normal
2026-04-11 06:15:00,P-104,63.38,4.895,223.29,31.92,1435.7,2.165,2644.38,Normal
2026-04-11 06:30:00,P-103,60.32,4.78,188.5,24.84,1439.6,1.973,2644.39,Normal
2026-04-11 06:45:00,P-102,60.11,5.043,214.32,30.27,1454.8,1.991,2644.4,Normal
2026-04-11 07:00:00,P-104,62.14,5.268,233.35,34.02,1435.2,1.806,2644.42,Normal
2026-04-11 07:15:00,P-102,63.46,5.115,237.78,35.18,1448.6,2.346,2644.44,Normal
2026-04-11 07:30:00,P-102,61.68,5.042,221.23,31.32,1488.5,2.193,2644.45,Normal
2026-04-11 07:45:00,P-102,59.97,5.074,232.08,35.36,1443.1,2.257,2644.46,Normal
2026-04-11 08:00:00,P-104,59.49,5.052,215.34,32.08,1446.3,2.053,2644.48,Normal
2026-04-11 08:15:00,P-104,62.71,5.151,230.57,32.94,1456.8,1.964,2644.5,Normal
2026-04-11 08:30:00,P-102,64.84,4.966,235.13,33.58,1435.3,2.359,2644.51,Normal
2026-04-11 08:45:00,P-103,62.56,5.095,223.1,31.15,1439.3,2.157,2644.52,Normal
2026-04-11 09:00:00,P-103,68.09,5.164,226.54,31.03,1448.3,1.731,2644.54,Normal
2026-04-11 09:15:00,P-102,60.4,5.114,236.53,29.67,1453.5,2.075,2644.56,Normal
2026-04-11 09:30:00,P-102,63.05,5.093,215.01,31.99,1433.3,2.001,2644.57,Normal
2026-04-11 09:45:00,P-104,66.57,5.061,234.11,35.24,1460.0,1.689,2644.58,Normal
2026-04-11 10:00:00,P-104,65.79,5.193,225.97,33.2,1477.8,2.002,2644.6,Normal
2026-04-11 10:15:00,P-103,64.74,5.183,236.22,33.42,1415.6,2.587,2644.62,Normal
2026-04-11 10:30:00,P-103,65.66,5.149,229.96,32.18,1457.0,1.687,2644.63,Normal
2026-04-11 10:45:00,P-104,64.58,5.289,237.86,36.83,1448.4,1.973,2644.64,Normal
2026-04-11 11:00:00,P-101,68.55,5.264,243.73,34.37,1444.7,1.763,2644.66,Normal
2026-04-11 11:15:00,P-101,66.18,5.078,224.41,32.31,1455.9,1.804,2644.68,Normal
2026-04-11 11:30:00,P-104,61.52,4.997,224.16,30.91,1474.8,1.75,2644.69,Normal
2026-04-11 11:45:00,P-102,66.29,5.442,246.2,36.67,1454.6,2.004,2644.7,Normal
2026-04-11 12:00:00,P-101,60.26,4.969,222.6,33.61,1467.3,2.386,2644.72,Normal
2026-04-11 12:15:00,P-103,68.91,5.308,239.12,33.18,1449.3,2.356,2644.74,Normal
2026-04-11 12:30:00,P-104,67.18,5.601,249.35,38.32,1456.6,2.209,2644.75,Normal
2026-04-11 12:45:00,P-101,69.81,5.513,250.34,39.44,1440.2,2.555,2644.76,Normal
2026-04-11 13:00:00,P-104,65.96,5.358,245.25,35.99,1450.7,2.112,2644.78,Normal
2026-04-11 13:15:00,P-103,62.23,5.319,244.45,34.87,1445.1,2.021,2644.8,Normal
2026-04-11 13:30:00,P-104,73.63,5.407,246.2,38.28,1451.9,2.203,2644.81,Normal
2026-04-11 13:45:00,P-103,,4.894,222.23,29.6,1420.2,1.716,2644.82,Normal
2026-04-11 14:00:00,P-104,63.42,5.132,230.15,35.58,1429.9,1.769,2644.84,Normal
2026-04-11 14:15:00,P-101,69.43,5.34,238.17,36.32,1471.4,2.299,2644.86,Normal
2026-04-11 14:30:00,P-102,70.41,5.201,224.59,34.15,1475.1,2.162,2644.87,Normal
2026-04-11 14:45:00,P-102,66.99,5.379,251.03,38.17,1418.8,1.958,2644.88,Normal
2026-04-11 15:00:00,P-103,66.13,5.304,241.23,34.75,1439.8,2.189,2644.9,Normal
2026-04-11 15:15:00,P-104,67.09,5.141,238.99,33.04,1436.5,2.198,2644.92,Normal
2026-04-11 15:30:00,P-103,63.8,5.133,225.66,32.27,1454.6,1.964,2644.93,Normal
2026-04-11 15:45:00,P-103,64.54,4.845,223.41,34.39,1448.5,1.877,2644.94,Normal
2026-04-11 16:00:00,P-104,69.98,5.327,227.57,30.35,1462.2,2.18,2644.96,Normal
2026-04-11 16:15:00,P-103,66.51,5.064,224.23,32.11,1425.7,2.156,2644.98,Normal
2026-04-11 16:30:00,P-101,64.02,5.082,218.04,29.07,1456.3,2.316,2644.99,Normal
2026-04-11 16:45:00,P-104,66.41,5.093,229.21,30.68,1444.0,2.174,2645.0,Normal
2026-04-11 17:00:00,P-103,69.47,5.046,233.64,30.98,1436.7,1.747,2645.02,Normal
2026-04-11 17:15:00,P-101,63.12,5.093,233.33,31.43,1458.0,1.805,2645.04,Normal
2026-04-11 17:30:00,P-101,65.98,4.754,205.48,27.75,1445.6,1.897,2645.05,Normal
2026-04-11 17:45:00,P-103,70.26,4.537,207.47,28.02,1448.2,2.035,2645.06,Normal
2026-04-11 18:00:00,P-104,70.76,5.109,212.2,29.66,1474.1,2.038,2645.08,Normal
2026-04-11 18:15:00,P-104,70.08,5.279,231.82,35.42,1451.3,2.031,2645.1,Normal
2026-04-11 18:30:00,P-102,70.15,4.939,218.04,31.29,1485.0,1.73,2645.11,Normal
2026-04-11 18:45:00,P-104,68.39,4.922,203.58,28.07,1408.1,2.176,2645.12,Normal
2026-04-11 19:00:00,P-101,66.0,5.037,205.42,28.76,1449.8,2.215,2645.14,Normal
2026-04-11 19:15:00,P-101,,4.866,207.71,31.63,1430.0,1.712,2645.16,Normal
2026-04-11 19:30:00,P-101,68.34,4.793,184.27,25.22,1433.3,1.949,2645.17,Normal
2026-04-11 19:45:00,P-101,63.95,5.095,208.49,30.85,1438.2,2.029,2645.18,Normal
2026-04-11 20:00:00,P-101,66.47,4.647,199.67,25.62,1466.6,2.003,2645.2,Normal
2026-04-11 20:15:00,P-101,65.91,4.876,202.96,26.6,1442.7,2.148,2645.22,Normal
2026-04-11 20:30:00,P-101,65.28,4.852,201.95,29.23,1429.5,2.128,2645.23,Normal
2026-04-11 20:45:00,P-102,65.92,5.121,207.52,29.17,1461.9,2.021,2645.24,Normal
2026-04-11 21:00:00,P-101,64.52,4.778,180.87,23.51,1428.7,1.764,2645.26,Normal
2026-04-11 21:15:00,P-102,63.67,4.564,175.25,22.34,1480.1,1.688,2645.28,Normal
2026-04-11 21:30:00,P-102,67.08,4.749,194.29,28.35,1426.8,1.817,2645.29,Normal
2026-04-11 21:45:00,P-103,63.35,4.804,179.63,22.85,1444.8,2.199,2645.3,Normal
2026-04-11 22:00:00,P-101,63.3,4.666,185.55,24.82,1484.6,1.814,2645.32,Normal
2026-04-11 22:15:00,P-101,62.99,4.905,193.75,26.35,1444.2,2.03,2645.34,Normal
2026-04-11 22:30:00,P-104,63.07,4.744,201.4,25.84,1457.6,1.923,2645.35,Normal
2026-04-11 22:45:00,P-103,64.91,4.938,193.74,28.53,1448.0,1.694,2645.36,Normal
2026-04-11 23:00:00,P-102,62.22,4.901,187.82,25.25,1450.0,1.929,2645.38,Normal
2026-04-11 23:15:00,P-104,67.28,4.919,209.0,28.1,1435.3,1.829,2645.4,Normal
2026-04-11 23:30:00,P-103,63.27,4.601,182.61,24.88,1458.2,1.596,2645.41,Normal
2026-04-11 23:45:00,P-101,65.55,4.685,188.34,24.36,1473.9,1.931,2645.42,Normal
2026-04-12 00:00:00,P-101,60.7,4.453,183.89,23.22,1415.0,1.546,2645.44,Normal
2026-04-12 00:15:00,P-101,61.37,4.799,190.82,26.47,1433.4,2.016,2645.46,Normal
2026-04-12 00:30:00,P-102,64.62,4.706,184.65,24.98,1440.1,1.9,2645.47,Normal
2026-04-12 00:45:00,P-101,63.85,4.762,201.98,26.76,1434.0,2.134,2645.48,Normal
2026-04-12 01:00:00,P-103,60.95,4.441,173.78,24.93,1461.6,1.861,2645.5,Normal
2026-04-12 01:15:00,P-104,64.53,4.866,205.2,27.66,1439.1,1.722,2645.52,Normal
2026-04-12 01:30:00,P-103,63.59,4.814,187.41,23.88,1451.5,2.05,2645.53,Normal
2026-04-12 01:45:00,P-103,58.68,4.772,185.09,26.35,1476.8,2.026,2645.54,Normal
2026-04-12 02:00:00,P-104,64.9,4.666,200.29,25.75,1417.7,2.017,2645.56,Normal
2026-04-12 02:15:00,P-102,60.59,4.817,196.67,27.13,1455.7,1.978,2645.58,Normal
2026-04-12 02:30:00,P-103,65.23,4.766,195.99,28.98,1447.8,1.593,2645.59,Normal
2026-04-12 02:45:00,P-102,57.96,4.852,183.39,25.73,1447.8,1.986,2645.6,Normal
2026-04-12 03:00:00,P-104,61.08,4.599,185.93,24.49,1433.7,1.586,2645.62,Normal
2026-04-12 03:15:00,P-104,60.25,4.9,192.09,27.69,1443.1,1.729,2645.64,Normal
2026-04-12 03:30:00,P-103,55.05,4.835,182.58,23.23,1449.9,,2645.65,Normal
2026-04-12 03:45:00,P-104,63.08,4.91,211.15,30.63,1446.7,1.648,2645.66,Normal
2026-04-12 04:00:00,P-104,55.51,4.772,199.66,24.84,1462.5,1.848,2645.68,Normal
2026-04-12 04:15:00,P-102,60.0,4.925,202.58,26.47,1430.3,1.882,2645.7,Normal
2026-04-12 04:30:00,P-103,63.85,4.802,205.45,31.71,1424.9,2.189,2645.71,Normal
2026-04-12 04:45:00,P-102,60.44,4.9,217.29,29.91,1413.9,2.189,2645.72,Normal
2026-04-12 05:00:00,P-101,57.29,4.763,188.26,27.62,1452.5,1.859,2645.74,Normal
2026-04-12 05:15:00,P-104,62.6,5.152,193.55,28.56,1463.6,2.081,2645.76,Normal
2026-04-12 05:30:00,P-101,60.83,4.833,206.56,29.67,1428.9,1.965,2645.77,Normal
2026-04-12 05:45:00,P-104,60.18,5.154,199.2,25.94,1427.3,1.951,2645.78,Normal
2026-04-12 06:00:00,P-103,65.12,5.068,221.42,33.11,1484.0,2.083,2645.8,Normal
2026-04-12 06:15:00,P-101,57.88,4.91,206.2,29.14,1473.0,1.915,2645.82,Normal
2026-04-12 06:30:00,P-104,58.43,4.967,190.61,26.92,1474.0,1.919,2645.83,Normal
2026-04-12 06:45:00,P-103,64.02,5.338,219.49,32.69,1456.3,2.183,2645.84,Normal
2026-04-12 07:00:00,P-101,58.31,5.042,207.09,30.11,1462.7,1.775,2645.86,Normal
2026-04-12 07:15:00,P-101,63.95,5.038,205.06,27.27,1444.8,1.859,2645.88,Normal
2026-04-12 07:30:00,P-103,61.14,4.949,216.15,31.74,1424.4,2.179,2645.89,Normal
2026-04-12 07:45:00,P-103,64.93,5.137,238.4,33.73,1425.3,2.034,2645.9,Normal
2026-04-12 08:00:00,P-102,62.83,4.829,215.05,30.95,1450.1,1.898,2645.92,Normal
2026-04-12 08:15:00,P-104,,5.268,253.3,36.15,1466.7,2.403,2645.94,Normal
2026-04-12 08:30:00,P-104,60.56,5.127,218.13,30.74,1447.0,1.906,2645.95,Normal
2026-04-12 08:45:00,P-101,62.52,5.181,240.01,32.46,1461.0,2.182,2645.96,Normal
2026-04-12 09:00:00,P-102,63.18,5.258,219.71,30.1,1448.4,2.061,2645.98,Normal
2026-04-12 09:15:00,P-102,60.76,5.423,228.56,32.88,1455.5,2.278,2646.0,Normal
2026-04-12 09:30:00,P-102,60.3,5.156,242.83,33.94,1463.9,2.103,2646.01,Normal
2026-04-12 09:45:00,P-103,65.18,4.979,211.4,30.43,1474.0,1.898,2646.02,Normal
2026-04-12 10:00:00,P-103,64.37,5.597,254.23,37.64,1455.1,2.188,2646.04,Normal
2026-04-12 10:15:00,P-102,63.96,5.319,222.04,34.28,1484.9,2.41,2646.06,Normal
2026-04-12 10:30:00,P-102,62.92,5.228,221.85,33.31,1445.8,2.021,2646.07,Normal
2026-04-12 10:45:00,P-101,64.53,5.398,233.35,37.06,1473.8,2.101,2646.08,Normal
2026-04-12 11:00:00,P-101,68.97,5.46,254.21,37.49,1460.5,2.18,2646.1,Normal
2026-04-12 11:15:00,P-102,65.2,5.218,239.17,35.92,1417.0,2.175,2646.12,Normal
2026-04-12 11:30:00,P-103,62.68,4.983,225.6,30.52,1475.4,2.013,2646.13,Normal
2026-04-12 11:45:00,P-102,64.33,5.253,243.17,33.73,1433.5,2.274,2646.14,Normal
2026-04-12 12:00:00,P-101,62.1,5.047,223.8,30.47,1445.5,2.065,2646.16,Normal
2026-04-12 12:15:00,P-102,64.4,5.354,246.46,36.63,1465.7,2.107,2646.18,Normal
2026-04-12 12:30:00,P-104,62.66,5.075,229.37,31.75,1436.6,2.19,2646.19,Normal
2026-04-12 12:45:00,P-104,68.32,4.958,237.95,32.01,1448.7,2.159,2646.2,Normal
2026-04-12 13:00:00,P-103,67.09,4.977,229.87,31.2,1461.8,2.393,2646.22,Normal
2026-04-12 13:15:00,P-104,65.31,5.354,241.77,35.77,1435.2,2.234,2646.24,Normal
2026-04-12 13:30:00,P-104,67.73,5.116,231.6,34.93,1445.8,2.108,2646.25,Normal
2026-04-12 13:45:00,P-103,63.8,5.321,246.25,38.01,1443.6,2.196,2646.26,Normal
2026-04-12 14:00:00,P-104,69.72,5.202,232.09,34.12,1467.4,2.205,2646.28,Normal
2026-04-12 14:15:00,P-101,69.57,5.143,235.49,36.19,1478.2,2.234,2646.3,Normal
2026-04-12 14:30:00,P-101,70.05,4.961,219.63,32.25,1430.2,2.049,2646.31,Normal
2026-04-12 14:45:00,P-101,70.07,5.448,252.03,37.07,1451.4,2.138,2646.32,Normal
2026-04-12 15:00:00,P-103,66.62,5.06,217.35,31.12,1440.6,2.172,2646.34,Normal
2026-04-12 15:15:00,P-103,70.85,5.381,230.98,35.82,1450.6,2.281,2646.36,Normal
2026-04-12 15:30:00,P-102,66.93,5.409,243.97,38.41,1481.8,2.214,2646.37,Normal
2026-04-12 15:45:00,P-103,66.12,5.204,223.95,35.32,1456.8,2.231,2646.38,Normal
2026-04-12 16:00:00,P-104,67.34,5.294,232.44,33.85,1439.9,2.118,2646.4,Normal
2026-04-12 16:15:00,P-101,66.8,4.814,201.07,27.13,1425.4,1.877,2646.42,Normal
2026-04-12 16:30:00,P-103,64.5,5.219,219.61,28.61,1468.0,2.151,2646.43,Normal
2026-04-12 16:45:00,P-104,65.42,5.255,227.14,34.56,1441.7,2.248,2646.44,Normal
2026-04-12 17:00:00,P-103,67.87,5.238,225.5,33.39,1436.0,2.2,2646.46,Normal
2026-04-12 17:15:00,P-103,66.96,4.8,211.25,29.07,1455.5,1.804,2646.48,Normal
2026-04-12 17:30:00,P-103,64.62,5.01,207.28,29.12,1460.4,2.054,2646.49,Normal
2026-04-12 17:45:00,P-101,65.56,4.539,196.59,26.08,1443.4,1.847,2646.5,Normal
2026-04-12 18:00:00,P-101,69.68,5.175,210.63,32.11,1433.0,2.075,2646.52,Normal
2026-04-12 18:15:00,P-104,67.16,4.708,198.1,26.83,1474.6,2.183,2646.54,Normal
2026-04-12 18:30:00,P-102,67.91,4.978,210.63,34.05,1462.3,1.986,2646.55,Normal
2026-04-12 18:45:00,P-103,66.88,4.86,219.89,31.63,1467.8,2.02,2646.56,Normal
2026-04-12 19:00:00,P-102,69.29,4.853,201.42,26.58,1443.6,1.804,2646.58,Normal
2026-04-12 19:15:00,P-104,66.28,4.898,209.08,28.47,1435.1,1.919,2646.6,Normal
2026-04-12 19:30:00,P-102,67.51,5.066,205.78,26.65,1440.4,1.776,2646.61,Normal
2026-04-12 19:45:00,P-104,70.03,4.975,199.19,28.98,1422.6,1.722,2646.62,Normal
2026-04-12 20:00:00,P-104,66.16,4.67,190.28,26.92,1444.0,1.469,2646.64,Normal
2026-04-12 20:15:00,P-101,63.56,4.676,205.15,30.07,1437.8,1.792,2646.66,Normal
2026-04-12 20:30:00,P-103,60.83,4.384,182.15,23.9,1448.6,1.659,2646.67,Normal
2026-04-12 20:45:00,P-103,62.56,4.504,184.42,24.36,1450.9,1.741,2646.68,Normal
2026-04-12 21:00:00,P-102,66.14,4.608,195.39,27.68,1451.6,1.748,2646.7,Normal
2026-04-12 21:15:00,P-101,65.3,4.79,189.0,27.67,1439.5,2.018,2646.72,Normal
2026-04-12 21:30:00,P-103,69.43,4.763,201.16,24.88,1428.6,1.894,2646.73,Normal
2026-04-12 21:45:00,P-102,64.52,4.689,189.12,25.53,1424.0,1.925,2646.74,Normal
2026-04-12 22:00:00,P-103,64.94,4.792,202.16,27.1,1453.5,2.114,2646.76,Normal
2026-04-12 22:15:00,P-102,61.42,4.761,187.11,24.99,1452.4,2.078,2646.78,Normal
2026-04-12 22:30:00,P-104,66.39,4.571,190.21,24.13,1424.9,2.003,2646.79,Normal
2026-04-12 22:45:00,P-103,63.56,4.721,192.68,24.79,1475.7,1.662,2646.8,Normal
2026-04-12 23:00:00,P-102,60.8,4.899,185.55,24.94,1465.0,2.021,2646.82,Normal
2026-04-12 23:15:00,P-104,63.6,,188.73,24.54,1431.6,1.896,2646.84,Normal
2026-04-12 23:30:00,P-101,61.06,4.795,188.47,24.62,1454.8,2.07,2646.85,Normal
2026-04-12 23:45:00,P-101,62.4,4.53,186.44,26.49,1447.5,1.849,2646.86,Normal
2026-04-13 00:00:00,P-101,60.87,4.289,167.34,22.37,1454.7,1.897,2646.88,Normal
2026-04-13 00:15:00,P-102,58.73,4.579,173.5,35.67,1453.1,3.085,2646.9,Normal
2026-04-13 00:30:00,P-101,61.03,4.821,184.64,28.21,1462.1,1.822,2646.91,Normal
2026-04-13 00:45:00,P-104,60.2,4.659,184.29,24.2,1476.6,1.911,2646.92,Normal
2026-04-13 01:00:00,P-103,60.81,5.019,186.23,24.44,1455.4,1.784,2646.94,Normal
2026-04-13 01:15:00,P-102,59.53,4.543,187.91,25.97,1459.6,1.91,2646.96,Normal
2026-04-13 01:30:00,P-102,61.06,4.691,186.66,26.22,1476.4,1.575,2646.97,Normal
2026-04-13 01:45:00,P-102,58.39,4.633,187.07,22.64,1440.3,1.831,2646.98,Normal
2026-04-13 02:00:00,P-104,62.64,4.791,199.44,26.06,1433.2,1.595,2647.0,Normal
2026-04-13 02:15:00,P-103,60.49,4.555,178.24,22.95,1462.1,1.85,2647.02,Normal
2026-04-13 02:30:00,P-102,64.14,4.664,190.19,26.18,1428.0,1.299,2647.03,Normal
2026-04-13 02:45:00,P-101,63.55,4.672,182.42,25.08,1435.5,1.405,2647.04,Normal
2026-04-13 03:00:00,P-101,62.82,4.826,200.58,27.02,1477.1,1.883,2647.06,Normal
2026-04-13 03:15:00,P-102,60.62,4.618,193.19,25.07,1419.1,1.786,2647.08,Normal
2026-04-13 03:30:00,P-102,62.19,4.831,204.72,25.57,1455.5,1.802,2647.09,Normal
2026-04-13 03:45:00,P-103,62.71,4.884,195.75,28.63,1424.0,2.064,2647.1,Normal
2026-04-13 04:00:00,P-101,,4.839,207.54,26.73,1457.4,2.071,2647.12,Normal
2026-04-13 04:15:00,P-101,59.29,4.681,186.61,24.06,1483.0,2.257,2647.14,Normal
2026-04-13 04:30:00,P-102,57.99,4.708,199.98,26.3,1431.8,1.879,2647.15,Normal
2026-04-13 04:45:00,P-102,61.35,4.637,195.8,24.97,1412.1,2.018,2647.16,Normal
2026-04-13 05:00:00,P-101,59.29,4.685,195.54,27.04,1456.4,1.683,2647.18,Normal
2026-04-13 05:15:00,P-101,64.21,4.932,213.39,29.62,1438.7,1.854,2647.2,Normal
2026-04-13 05:30:00,P-104,63.49,4.761,210.84,27.2,1446.7,1.842,2647.21,Normal
2026-04-13 05:45:00,P-104,60.05,5.105,209.5,32.15,1456.6,1.975,2647.22,Normal
2026-04-13 06:00:00,P-104,64.39,5.026,223.16,31.43,1460.1,2.056,2647.24,Normal
2026-04-13 06:15:00,P-101,55.54,4.859,209.41,31.35,1460.3,2.179,2647.26,Normal
2026-04-13 06:30:00,P-103,65.28,5.175,222.53,29.67,1449.5,2.049,2647.27,Normal
2026-04-13 06:45:00,P-104,57.48,4.931,204.4,27.1,1457.8,2.191,2647.28,Normal
2026-04-13 07:00:00,P-101,62.19,4.84,213.12,28.64,1446.6,2.244,2647.3,Normal
2026-04-13 07:15:00,P-104,61.38,5.126,208.35,31.15,1444.1,1.966,2647.32,Normal
2026-04-13 07:30:00,P-103,63.47,5.16,207.04,28.22,1449.7,1.979,2647.33,Normal
2026-04-13 07:45:00,P-103,61.26,4.988,216.24,30.28,1460.4,1.79,2647.34,Normal
2026-04-13 08:00:00,P-101,57.22,5.056,228.21,31.44,1438.4,1.965,2647.36,Normal
2026-04-13 08:15:00,P-104,64.24,5.341,242.68,36.13,1453.9,2.118,2647.38,Normal
2026-04-13 08:30:00,P-104,60.68,4.787,228.81,31.1,1441.7,1.871,2647.39,Normal
2026-04-13 08:45:00,P-103,57.92,5.176,227.07,33.48,1436.8,2.015,2647.4,Normal
2026-04-13 09:00:00,P-103,61.53,5.134,212.86,31.32,1468.9,2.117,2647.42,Normal
2026-04-13 09:15:00,P-101,60.17,5.217,229.76,32.04,1456.7,2.144,2647.44,Normal
2026-04-13 09:30:00,P-101,64.19,5.157,216.71,33.4,1456.8,2.28,2647.45,Normal
2026-04-13 09:45:00,P-101,63.47,5.384,238.13,37.45,1433.0,2.25,2647.46,Normal
2026-04-13 10:00:00,P-101,67.35,5.027,228.95,31.53,1445.6,2.002,2647.48,Normal
2026-04-13 10:15:00,P-104,62.89,5.413,226.54,35.19,1460.8,2.266,2647.5,Normal
2026-04-13 10:30:00,P-102,64.37,5.088,228.41,34.55,1456.7,1.874,2647.51,Normal
2026-04-13 10:45:00,P-104,62.27,5.02,231.76,31.93,1496.2,2.242,2647.52,Normal
2026-04-13 11:00:00,P-102,60.03,5.103,231.69,33.62,1454.0,1.977,2647.54,Normal
2026-04-13 11:15:00,P-104,63.58,5.123,235.37,34.39,1438.0,1.72,2647.56,Normal
2026-04-13 11:30:00,P-103,66.27,5.221,233.46,33.63,1442.2,2.261,2647.57,Normal
2026-04-13 11:45:00,P-102,66.55,5.262,234.94,33.73,1434.6,2.138,2647.58,Normal
2026-04-13 12:00:00,P-101,64.04,5.234,233.86,35.4,1438.4,2.357,2647.6,Normal
2026-04-13 12:15:00,P-101,61.64,5.118,222.58,32.78,1451.8,2.318,2647.62,Normal
2026-04-13 12:30:00,P-102,65.1,5.103,217.11,30.43,1441.7,1.878,2647.63,Normal
2026-04-13 12:45:00,P-102,66.79,5.153,234.71,34.94,1474.0,2.463,2647.64,Normal
2026-04-13 13:00:00,P-102,66.76,5.256,220.22,33.69,1465.9,1.773,2647.66,Normal
2026-04-13 13:15:00,P-104,65.74,5.379,245.1,35.15,1465.6,2.279,2647.68,Normal
2026-04-13 13:30:00,P-103,63.28,5.337,245.32,35.77,1445.5,2.482,2647.69,Normal
2026-04-13 13:45:00,P-101,66.93,5.117,229.8,35.0,1466.4,1.947,2647.7,Normal
2026-04-13 14:00:00,P-102,65.1,5.149,228.6,31.88,1468.4,2.455,2647.72,Normal
2026-04-13 14:15:00,P-103,69.19,5.086,224.47,32.86,1478.7,2.158,2647.74,Normal
2026-04-13 14:30:00,P-104,66.61,5.22,228.04,34.72,1440.3,2.211,2647.75,Normal
2026-04-13 14:45:00,P-104,65.93,5.126,233.84,32.97,1450.2,2.308,2647.76,Normal
2026-04-13 15:00:00,P-102,66.8,5.426,236.5,32.29,1436.5,2.149,2647.78,Normal
2026-04-13 15:15:00,P-104,65.64,5.051,236.64,34.46,1497.5,1.894,2647.8,Normal
2026-04-13 15:30:00,P-101,65.52,4.859,233.78,33.39,1446.4,1.54,2647.81,Normal
2026-04-13 15:45:00,P-102,66.0,5.012,220.23,32.87,1473.0,1.884,2647.82,Normal
2026-04-13 16:00:00,P-102,63.04,4.75,208.18,27.72,1452.8,1.811,2647.84,Normal
2026-04-13 16:15:00,P-102,66.47,5.043,228.1,34.12,1465.8,1.916,2647.86,Normal
2026-04-13 16:30:00,P-101,70.14,4.849,222.26,29.2,1449.7,1.889,2647.87,Normal
2026-04-13 16:45:00,P-103,69.03,4.968,224.11,29.65,1466.6,1.538,2647.88,Normal
2026-04-13 17:00:00,P-104,67.33,4.926,224.69,30.25,1455.0,1.821,2647.9,Normal
2026-04-13 17:15:00,P-102,68.2,4.968,196.91,27.18,1480.7,2.0,2647.92,Normal
2026-04-13 17:30:00,P-102,64.69,5.007,219.23,29.57,1455.5,2.196,2647.93,Normal
2026-04-13 17:45:00,P-102,72.31,5.163,214.76,29.68,1437.0,1.891,2647.94,Normal
2026-04-13 18:00:00,P-103,65.86,5.032,218.21,31.93,1459.3,2.143,2647.96,Normal
2026-04-13 18:15:00,P-101,70.73,5.074,214.68,28.51,1450.2,1.509,2647.98,Normal
2026-04-13 18:30:00,P-101,68.74,4.721,190.05,23.25,1432.2,1.886,2647.99,Normal
2026-04-13 18:45:00,P-102,63.31,5.224,212.87,30.39,1456.8,2.235,2648.0,Normal
2026-04-13 19:00:00,P-103,69.5,4.994,211.05,31.55,1438.9,2.051,2648.02,Normal
2026-04-13 19:15:00,P-101,64.07,4.681,193.69,24.99,1445.8,1.845,2648.04,Normal
2026-04-13 19:30:00,P-104,63.68,4.87,196.96,25.54,1450.7,1.405,2648.05,Normal
2026-04-13 19:45:00,P-101,66.86,4.875,206.5,27.44,1413.5,2.255,2648.06,Normal
2026-04-13 20:00:00,P-104,,4.872,212.02,30.22,1442.2,2.28,2648.08,Normal
2026-04-13 20:15:00,P-104,65.86,4.788,197.79,25.85,1466.6,1.977,2648.1,Normal
2026-04-13 20:30:00,P-104,63.7,4.97,206.65,26.85,1446.5,2.16,2648.11,Normal
2026-04-13 20:45:00,P-103,63.64,4.377,178.64,24.29,1415.8,1.754,2648.12,Normal
2026-04-13 21:00:00,P-104,66.69,4.643,184.41,25.1,1448.5,1.927,2648.14,Normal
2026-04-13 21:15:00,P-104,63.5,4.663,178.88,23.64,1458.7,1.872,2648.16,Normal
2026-04-13 21:30:00,P-102,62.73,,183.39,23.31,1444.6,1.772,2648.17,Normal
2026-04-13 21:45:00,P-103,66.69,4.746,206.36,27.42,1445.2,1.772,2648.18,Normal
2026-04-13 22:00:00,P-101,62.72,4.637,203.71,30.16,1442.0,2.105,2648.2,Normal
2026-04-13 22:15:00,P-103,62.14,4.953,201.63,26.31,1461.2,2.171,2648.22,Normal
2026-04-13 22:30:00,P-103,62.06,4.641,185.09,25.36,1435.2,1.999,2648.23,Normal
2026-04-13 22:45:00,P-102,64.93,4.876,187.62,24.84,1459.8,1.858,2648.24,Normal
2026-04-13 23:00:00,P-101,64.53,4.847,189.84,27.14,1445.2,1.882,2648.26,Normal
2026-04-13 23:15:00,P-103,62.8,4.469,184.65,23.14,1472.6,1.768,2648.28,Normal
2026-04-13 23:30:00,P-101,62.27,4.351,176.72,23.56,1441.3,1.356,2648.29,Normal
2026-04-13 23:45:00,P-101,62.23,4.774,195.88,28.1,1430.0,1.867,2648.3,Normal
2026-04-14 00:00:00,P-103,64.83,4.601,183.14,22.4,1461.1,1.698,2648.32,Normal
2026-04-14 00:15:00,P-103,60.12,4.687,182.57,25.75,1458.9,1.538,2648.34,Normal
2026-04-14 00:30:00,P-102,63.1,4.57,184.94,26.27,1457.4,1.992,2648.35,Normal
2026-04-14 00:45:00,P-103,62.02,4.752,187.57,25.16,1465.2,1.871,2648.36,Normal
2026-04-14 01:00:00,P-103,62.54,4.674,181.73,24.0,1432.0,1.298,2648.38,Normal
2026-04-14 01:15:00,P-102,60.47,4.84,189.96,25.51,1435.8,1.856,2648.4,Normal
2026-04-14 01:30:00,P-103,64.46,4.738,202.17,26.06,1473.8,2.08,2648.41,Normal
2026-04-14 01:45:00,P-103,66.27,,209.26,30.09,1457.8,1.829,2648.42,Normal
2026-04-14 02:00:00,P-103,63.43,4.759,194.89,24.77,1441.8,1.632,2648.44,Normal
2026-04-14 02:15:00,P-104,61.57,4.847,189.16,23.9,1418.3,1.596,2648.46,Normal
2026-04-14 02:30:00,P-103,61.58,4.795,207.79,28.0,1427.6,1.947,2648.47,Normal
2026-04-14 02:45:00,P-102,66.8,4.349,181.34,26.2,1432.8,1.681,2648.48,Normal
2026-04-14 03:00:00,P-101,57.64,4.631,184.73,25.55,1439.9,1.509,2648.5,Normal
2026-04-14 03:15:00,P-102,63.12,4.787,198.59,27.08,1455.5,2.168,2648.52,Normal
2026-04-14 03:30:00,P-102,62.61,4.764,215.17,27.72,1425.4,1.972,2648.53,Normal
2026-04-14 03:45:00,P-102,61.06,4.672,209.27,27.55,1440.5,1.807,2648.54,Normal
2026-04-14 04:00:00,P-101,61.17,4.757,197.78,26.36,1427.3,2.185,2648.56,Normal
2026-04-14 04:15:00,P-104,58.41,4.706,185.27,22.57,1442.4,1.863,2648.58,Normal
2026-04-14 04:30:00,P-103,61.73,4.873,198.35,26.73,1492.9,1.883,2648.59,Normal
2026-04-14 04:45:00,P-104,62.66,4.72,212.99,30.73,1471.4,2.035,2648.6,Normal
2026-04-14 05:00:00,P-104,65.66,4.579,202.17,26.18,1460.3,1.764,2648.62,Normal
2026-04-14 05:15:00,P-104,63.05,5.031,207.48,27.98,1440.6,1.905,2648.64,Normal
2026-04-14 05:30:00,P-104,61.75,4.877,208.41,29.76,1430.6,2.038,2648.65,Normal
2026-04-14 05:45:00,P-103,61.67,4.889,208.93,27.09,1448.4,2.229,2648.66,Normal
2026-04-14 06:00:00,P-104,65.37,4.832,209.32,29.04,1422.0,1.896,2648.68,Normal
2026-04-14 06:15:00,P-104,59.45,5.027,213.98,31.12,1461.7,2.131,2648.7,Normal
2026-04-14 06:30:00,P-103,61.27,4.999,221.65,30.17,1446.4,1.764,2648.71,Normal
2026-04-14 06:45:00,P-104,56.31,4.861,205.13,28.19,1449.5,2.048,2648.72,Normal
2026-04-14 07:00:00,P-103,61.25,4.716,197.44,30.15,1420.0,2.252,2648.74,Normal
2026-04-14 07:15:00,P-102,63.73,4.976,216.96,30.41,1450.9,2.058,2648.76,Normal
2026-04-14 07:30:00,P-101,59.11,5.264,222.82,29.85,1445.7,1.915,2648.77,Normal
2026-04-14 07:45:00,P-102,66.71,5.213,236.49,35.53,1432.8,2.074,2648.78,Normal
2026-04-14 08:00:00,P-104,62.16,5.369,241.3,35.33,1454.0,2.27,2648.8,Normal
2026-04-14 08:15:00,P-104,63.24,5.276,237.26,34.22,1442.8,2.21,2648.82,Normal
2026-04-14 08:30:00,P-104,61.79,5.012,221.46,33.27,1455.3,1.96,2648.83,Normal
2026-04-14 08:45:00,P-104,66.56,5.123,231.92,32.98,1461.1,2.25,2648.84,Normal
2026-04-14 09:00:00,P-101,61.61,5.401,239.17,34.41,1430.5,2.002,2648.86,Normal
2026-04-14 09:15:00,P-102,64.21,5.286,234.73,35.27,1451.9,2.317,2648.88,Normal
2026-04-14 09:30:00,P-103,64.46,5.058,231.48,35.64,1451.6,2.045,2648.89,Normal
2026-04-14 09:45:00,P-102,65.66,5.262,240.75,35.59,1472.4,2.325,2648.9,Normal
2026-04-14 10:00:00,P-101,64.77,5.333,233.29,32.92,1465.1,2.287,2648.92,Normal
2026-04-14 10:15:00,P-104,65.42,4.883,234.15,35.0,1443.7,1.799,2648.94,Normal
2026-04-14 10:30:00,P-104,61.21,5.118,222.56,34.21,1442.3,2.041,2648.95,Normal
2026-04-14 10:45:00,P-103,68.29,5.348,242.4,35.73,1452.7,1.914,2648.96,Normal
2026-04-14 11:00:00,P-101,63.71,5.117,231.53,33.75,1429.8,1.827,2648.98,Normal
2026-04-14 11:15:00,P-104,64.25,5.295,239.76,35.9,1432.5,2.142,2649.0,Normal
2026-04-14 11:30:00,P-103,67.73,5.319,239.66,32.59,1441.6,2.228,2649.01,Normal
2026-04-14 11:45:00,P-101,63.5,5.108,240.98,34.29,1407.1,1.892,2649.02,Normal
2026-04-14 12:00:00,P-103,65.56,5.337,236.24,32.45,1432.2,2.206,2649.04,Normal
2026-04-14 12:15:00,P-103,64.19,5.346,239.0,35.66,1444.0,2.049,2649.06,Normal
2026-04-14 12:30:00,P-103,70.59,5.201,235.58,33.71,1499.6,2.159,2649.07,Normal
2026-04-14 12:45:00,P-102,69.15,5.116,227.87,28.97,1438.4,2.525,2649.08,Normal
2026-04-14 13:00:00,P-103,65.8,5.367,234.18,35.75,1461.9,2.131,2649.1,Normal
2026-04-14 13:15:00,P-102,66.09,5.431,222.4,33.8,1446.4,1.897,2649.12,Normal
2026-04-14 13:30:00,P-102,64.62,5.173,220.88,31.83,1457.9,2.064,2649.13,Normal
2026-04-14 13:45:00,P-102,64.24,5.217,225.05,30.6,1430.5,2.046,2649.14,Normal
2026-04-14 14:00:00,P-101,66.56,5.253,225.04,36.03,1422.2,2.091,2649.16,Normal
2026-04-14 14:15:00,P-104,65.96,5.414,234.9,35.96,1474.8,2.13,2649.18,Normal
2026-04-14 14:30:00,P-102,60.97,4.816,213.38,30.56,1426.1,1.962,2649.19,Normal
2026-04-14 14:45:00,P-101,66.55,4.93,215.94,32.36,1476.7,1.87,2649.2,Normal
2026-04-14 15:00:00,P-102,67.34,5.285,233.83,34.82,1443.3,2.326,2649.22,Normal
2026-04-14 15:15:00,P-103,66.73,5.187,223.34,32.72,1435.1,2.308,2649.24,Normal
2026-04-14 15:30:00,P-103,66.17,4.811,217.09,32.53,1440.7,2.013,2649.25,Normal
2026-04-14 15:45:00,P-103,66.67,5.213,239.46,34.74,1478.8,2.206,2649.26,Normal
2026-04-14 16:00:00,P-101,69.19,5.155,232.12,34.04,1437.4,1.75,2649.28,Normal
2026-04-14 16:15:00,P-102,68.65,5.271,235.02,32.71,1443.1,2.118,2649.3,Normal
2026-04-14 16:30:00,P-103,67.14,4.875,193.7,26.11,1467.6,2.229,2649.31,Normal
2026-04-14 16:45:00,P-104,69.19,4.996,236.56,33.86,1458.5,2.286,2649.32,Normal
2026-04-14 17:00:00,P-103,66.66,4.968,220.6,32.57,1487.4,2.092,2649.34,Normal
2026-04-14 17:15:00,P-104,70.05,5.147,236.42,32.93,1471.0,2.155,2649.36,Normal
2026-04-14 17:30:00,P-104,61.37,5.024,210.79,28.78,1437.5,1.903,2649.37,Normal
2026-04-14 17:45:00,P-103,69.41,4.874,198.97,27.15,1473.4,1.962,2649.38,Normal
2026-04-14 18:00:00,P-103,66.91,4.896,216.35,29.11,1415.4,2.166,2649.4,Normal
2026-04-14 18:15:00,P-102,70.77,4.945,209.05,30.6,1463.9,1.861,2649.42,Normal
2026-04-14 18:30:00,P-102,64.79,4.867,212.1,31.58,1438.2,2.131,2649.43,Normal
2026-04-14 18:45:00,P-104,64.52,5.26,220.5,30.98,1460.7,1.864,2649.44,Normal
2026-04-14 19:00:00,P-101,66.63,4.961,210.39,30.42,1485.3,1.849,2649.46,Normal
2026-04-14 19:15:00,P-104,66.36,4.956,202.75,28.81,1419.9,1.708,2649.48,Normal
2026-04-14 19:30:00,P-103,66.86,5.079,213.77,28.84,1466.6,1.971,2649.49,Normal
2026-04-14 19:45:00,P-103,65.68,4.949,198.01,26.59,1465.1,1.9,2649.5,Normal
2026-04-14 20:00:00,P-103,63.66,4.808,196.43,26.29,1461.9,1.941,2649.52,Normal
2026-04-14 20:15:00,P-102,62.86,4.891,207.08,29.12,1432.4,1.998,2649.54,Normal
2026-04-14 20:30:00,P-104,66.79,5.074,206.93,28.32,1448.4,2.076,2649.55,Normal
2026-04-14 20:45:00,P-104,63.02,4.893,203.32,26.43,1432.7,2.302,2649.56,Normal
2026-04-14 21:00:00,P-102,61.51,4.674,189.79,25.62,1457.7,1.975,2649.58,Normal
2026-04-14 21:15:00,P-101,61.75,4.81,171.02,24.18,1426.5,1.361,2649.6,Normal
2026-04-14 21:30:00,P-102,65.14,4.63,191.95,22.62,1442.1,1.784,2649.61,Normal
2026-04-14 21:45:00,P-104,67.84,4.469,191.41,26.31,1461.3,1.779,2649.62,Normal
2026-04-14 22:00:00,P-101,66.0,4.844,193.82,26.1,1436.8,1.531,2649.64,Normal
2026-04-14 22:15:00,P-102,66.32,4.58,186.46,24.18,1442.9,1.928,2649.66,Normal
2026-04-14 22:30:00,P-104,65.0,4.771,195.46,25.66,1433.7,2.134,2649.67,Normal
2026-04-14 22:45:00,P-102,63.27,4.839,180.34,24.85,1454.6,1.591,2649.68,Normal
2026-04-14 23:00:00,P-103,67.57,4.429,172.83,23.3,1447.5,1.957,2649.7,Normal
2026-04-14 23:15:00,P-101,61.22,4.81,196.32,28.09,1436.8,2.07,2649.72,Normal
2026-04-14 23:30:00,P-104,61.07,4.793,179.41,24.62,1438.6,1.793,2649.73,Normal
2026-04-14 23:45:00,P-102,61.94,4.782,184.99,25.22,1452.8,1.95,2649.74,Normal
2026-04-15 00:00:00,P-103,65.32,4.764,198.43,25.12,1431.0,1.72,2649.76,Normal
2026-04-15 00:15:00,P-101,61.0,5.07,199.77,26.28,1449.2,2.062,2649.78,Normal
2026-04-15 00:30:00,P-101,64.57,4.762,185.61,23.79,1450.6,2.077,2649.79,Normal
2026-04-15 00:45:00,P-102,63.56,4.78,189.75,26.08,1452.8,,2649.8,Normal
2026-04-15 01:00:00,P-101,64.31,4.972,179.8,25.75,1440.5,1.905,2649.82,Normal
2026-04-15 01:15:00,P-103,64.71,4.956,199.68,26.61,1460.9,1.749,2649.84,Normal
2026-04-15 01:30:00,P-102,65.36,4.917,192.38,26.78,1467.3,2.01,2649.85,Normal
2026-04-15 01:45:00,P-104,59.71,4.455,183.78,21.23,1461.7,1.711,2649.86,Normal
2026-04-15 02:00:00,P-102,62.05,4.836,193.84,24.94,1453.8,1.768,2649.88,Normal
2026-04-15 02:15:00,P-101,60.27,4.829,202.08,26.42,1424.3,2.042,2649.9,Normal
2026-04-15 02:30:00,P-102,58.48,4.61,182.64,24.77,1480.2,1.748,2649.91,Normal
2026-04-15 02:45:00,P-102,66.43,4.939,201.92,29.0,1451.1,1.815,2649.92,Normal
2026-04-15 03:00:00,P-104,59.17,4.796,188.75,28.42,1455.6,2.045,2649.94,Normal
2026-04-15 03:15:00,P-101,62.44,5.024,204.27,27.16,1437.3,1.595,2649.96,Normal
2026-04-15 03:30:00,P-104,63.09,4.953,201.91,30.18,1446.1,2.069,2649.97,Normal
2026-04-15 03:45:00,P-103,63.29,4.71,195.06,28.43,1471.2,1.647,2649.98,Normal
2026-01-02 06:00:00,P-101,57.96,4.905,208.72,26.65,1460.6,1.824,2501.8,Normal
2026-01-02 06:15:00,P-102,60.54,4.987,217.69,29.35,1457.4,1.702,2501.82,Normal
2026-01-02 06:30:00,P-102,59.71,4.863,223.69,30.92,1458.9,1.871,2501.83,Normal
